[22:23:16] [main/INFO] (FabricLoader/GameProvider) Loading Minecraft 1.20.6 with Fabric Loader 0.17.3
[22:23:16] [main/DEBUG] (FabricLoader/GamePatch) Found game constructor: net.minecraft.client.main.Main -> net.minecraft.client.MinecraftClient
[22:23:16] [main/DEBUG] (FabricLoader/GamePatch) Patching game constructor <init>(Lnet/minecraft/client/RunArgs;)V
[22:23:16] [main/DEBUG] (FabricLoader/GamePatch) Run directory field is thought to be net/minecraft/client/MinecraftClient/runDirectory
[22:23:16] [main/DEBUG] (FabricLoader/GamePatch) Applying brand name hook to net/minecraft/client/ClientBrandRetriever::getClientModName
[22:23:16] [main/DEBUG] (FabricLoader/GamePatch) Applying brand name hook to net/minecraft/server/MinecraftServer::getServerModName
[22:23:16] [main/DEBUG] (FabricLoader/Mappings) Loading mappings took 121,78 ms
[22:23:16] [main/DEBUG] (FabricLoader/GamePatch) Patched 3 classs
[22:23:16] [main/DEBUG] (FabricLoader/Discovery) Mod discovery time: 32,3 ms
[22:23:16] [main/DEBUG] (FabricLoader/Resolution) Mod resolution time: 50,6 ms
[22:23:16] [main/INFO] (FabricLoader) Loading 58 mods:
	- bichalutils 0.1-BETA
	- bplb 1.1.3-fabric+1.20.6mc
	- carpet 1.4.141+v240429
	- fabric-api 0.100.8+1.20.6
	- fabric-api-base 0.4.40+80f8cf51b0
	- fabric-api-lookup-api-v1 1.6.59+e9d2a72bb0
	- fabric-biome-api-v1 13.0.25+be5d88beb0
	- fabric-block-api-v1 1.0.20+6dfe4c9bb0
	- fabric-block-view-api-v2 1.0.8+80f8cf51b0
	- fabric-blockrenderlayer-v1 1.1.50+80f8cf51b0
	- fabric-client-tags-api-v1 1.1.12+7f945d5bb0
	- fabric-command-api-v1 1.2.45+f71b366fb0
	- fabric-command-api-v2 2.2.24+80f8cf51b0
	- fabric-commands-v0 0.2.62+df3654b3b0
	- fabric-content-registries-v0 8.0.6+b82b2392b0
	- fabric-convention-tags-v1 2.0.7+7f945d5bb0
	- fabric-convention-tags-v2 2.1.3+f4bfb622b0
	- fabric-crash-report-info-v1 0.2.27+80f8cf51b0
	- fabric-data-attachment-api-v1 1.1.17+2a2c66b6b0
	- fabric-data-generation-api-v1 19.2.5+a5d5299db0
	- fabric-dimensions-v1 2.1.68+94793913b0
	- fabric-entity-events-v1 1.6.8+e9d2a72bb0
	- fabric-events-interaction-v0 0.7.6+c5fc38b3b0
	- fabric-game-rule-api-v1 1.0.50+80f8cf51b0
	- fabric-gametest-api-v1 1.3.18+1172e897b0
	- fabric-item-api-v1 8.2.3+6e5bbc4ab0
	- fabric-item-group-api-v1 4.1.1+f4bfb622b0
	- fabric-key-binding-api-v1 1.0.45+80f8cf51b0
	- fabric-keybindings-v0 0.2.43+df3654b3b0
	- fabric-lifecycle-events-v1 2.3.4+c5fc38b3b0
	- fabric-loot-api-v2 3.0.6+97f703dab0
	- fabric-message-api-v1 6.0.11+a7dc0e41b0
	- fabric-model-loading-api-v1 1.0.12+80f8cf51b0
	- fabric-models-v0 0.4.11+9386d8a7b0
	- fabric-networking-api-v1 4.2.0+a916f7c5b0
	- fabric-object-builder-api-v1 15.1.5+c5fc38b3b0
	- fabric-particles-v1 4.0.0+c5fc38b3b0
	- fabric-recipe-api-v1 5.0.6+9c745bbbb0
	- fabric-registry-sync-v0 5.0.19+c7d49fa1b0
	- fabric-renderer-api-v1 3.3.0+81dac6a1b0
	- fabric-renderer-indigo 1.5.15+41791025b0
	- fabric-renderer-registries-v1 3.2.62+df3654b3b0
	- fabric-rendering-data-attachment-v1 0.3.46+73761d2eb0
	- fabric-rendering-fluids-v1 3.1.3+2c869dedb0
	- fabric-rendering-v0 1.1.65+df3654b3b0
	- fabric-rendering-v1 4.2.5+850ef40bb0
	- fabric-resource-conditions-api-v1 4.2.0+a5d5299db0
	- fabric-resource-loader-v0 1.1.1+f4bfb622b0
	- fabric-screen-api-v1 2.0.21+7b70ea8ab0
	- fabric-screen-handler-api-v1 1.3.76+8c7b71c2b0
	- fabric-sound-api-v1 1.0.21+c5fc38b3b0
	- fabric-transfer-api-v1 5.1.7+7fc4b352b0
	- fabric-transitive-access-wideners-v1 6.0.10+74e2f560b0
	- fabricloader 0.17.3
	- java 21
	- minecraft 1.20.6
	- mixinextras 0.5.0
	- modmenu 10.0.0
[22:23:18] [main/DEBUG] (FabricLoader/Knot) Adding C:\Users\vtorr\IdeaProjects\BetterPlayerLocatorBar\.gradle\loom-cache\remapped_mods\remapped\net\fabricmc\fabric-api\fabric-crash-report-info-v1-06736ed2\0.2.27+80f8cf51b0\fabric-crash-report-info-v1-06736ed2-0.2.27+80f8cf51b0.jar to classpath.
[22:23:18] [main/DEBUG] (FabricLoader/Knot) Adding C:\Users\vtorr\IdeaProjects\BetterPlayerLocatorBar\.gradle\loom-cache\remapped_mods\remapped\net\fabricmc\fabric-api\fabric-object-builder-api-v1-06736ed2\15.1.5+c5fc38b3b0\fabric-object-builder-api-v1-06736ed2-15.1.5+c5fc38b3b0.jar to classpath.
[22:23:18] [main/DEBUG] (FabricLoader/Knot) Adding C:\Users\vtorr\IdeaProjects\BetterPlayerLocatorBar\.gradle\loom-cache\remapped_mods\remapped\net\fabricmc\fabric-api\fabric-block-api-v1-06736ed2\1.0.20+6dfe4c9bb0\fabric-block-api-v1-06736ed2-1.0.20+6dfe4c9bb0.jar to classpath.
[22:23:18] [main/DEBUG] (FabricLoader/Knot) Adding C:\Users\vtorr\IdeaProjects\BetterPlayerLocatorBar\.gradle\loom-cache\remapped_mods\remapped\net\fabricmc\fabric-api\fabric-convention-tags-v2-06736ed2\2.1.3+f4bfb622b0\fabric-convention-tags-v2-06736ed2-2.1.3+f4bfb622b0.jar to classpath.
[22:23:18] [main/DEBUG] (FabricLoader/Knot) Adding C:\Users\vtorr\IdeaProjects\BetterPlayerLocatorBar\.gradle\loom-cache\remapped_mods\remapped\net\fabricmc\fabric-api\fabric-renderer-registries-v1-06736ed2\3.2.62+df3654b3b0\fabric-renderer-registries-v1-06736ed2-3.2.62+df3654b3b0.jar to classpath.
[22:23:18] [main/DEBUG] (FabricLoader/Knot) Adding C:\Users\vtorr\IdeaProjects\BetterPlayerLocatorBar\.gradle\loom-cache\remapped_mods\remapped\net\fabricmc\fabric-api\fabric-command-api-v1-06736ed2\1.2.45+f71b366fb0\fabric-command-api-v1-06736ed2-1.2.45+f71b366fb0.jar to classpath.
[22:23:18] [main/DEBUG] (FabricLoader/Knot) Adding C:\Users\vtorr\IdeaProjects\BetterPlayerLocatorBar\.gradle\loom-cache\remapped_mods\remapped\net\fabricmc\fabric-api\fabric-rendering-v0-06736ed2\1.1.65+df3654b3b0\fabric-rendering-v0-06736ed2-1.1.65+df3654b3b0.jar to classpath.
[22:23:18] [main/DEBUG] (FabricLoader/Knot) Adding C:\Users\vtorr\IdeaProjects\BetterPlayerLocatorBar\.gradle\loom-cache\remapped_mods\remapped\net\fabricmc\fabric-api\fabric-screen-api-v1-06736ed2\2.0.21+7b70ea8ab0\fabric-screen-api-v1-06736ed2-2.0.21+7b70ea8ab0.jar to classpath.
[22:23:18] [main/DEBUG] (FabricLoader/Knot) Adding C:\Users\vtorr\IdeaProjects\BetterPlayerLocatorBar\.gradle\loom-cache\remapped_mods\remapped\net\fabricmc\fabric-api\fabric-renderer-indigo-06736ed2\1.5.15+41791025b0\fabric-renderer-indigo-06736ed2-1.5.15+41791025b0.jar to classpath.
[22:23:18] [main/DEBUG] (FabricLoader/Knot) Adding C:\Users\vtorr\IdeaProjects\BetterPlayerLocatorBar\.gradle\loom-cache\remapped_mods\remapped\net\fabricmc\fabric-api\fabric-particles-v1-06736ed2\4.0.0+c5fc38b3b0\fabric-particles-v1-06736ed2-4.0.0+c5fc38b3b0.jar to classpath.
[22:23:18] [main/DEBUG] (FabricLoader/Knot) Adding C:\Users\vtorr\IdeaProjects\BetterPlayerLocatorBar\.gradle\loom-cache\remapped_mods\remapped\net\fabricmc\fabric-api\fabric-rendering-data-attachment-v1-06736ed2\0.3.46+73761d2eb0\fabric-rendering-data-attachment-v1-06736ed2-0.3.46+73761d2eb0.jar to classpath.
[22:23:18] [main/DEBUG] (FabricLoader/Knot) Adding C:\Users\vtorr\IdeaProjects\BetterPlayerLocatorBar\.gradle\loom-cache\remapped_mods\remapped\net\fabricmc\fabric-api\fabric-rendering-v1-06736ed2\4.2.5+850ef40bb0\fabric-rendering-v1-06736ed2-4.2.5+850ef40bb0.jar to classpath.
[22:23:18] [main/DEBUG] (FabricLoader/Knot) Adding C:\Users\vtorr\IdeaProjects\BetterPlayerLocatorBar\.gradle\loom-cache\remapped_mods\remapped\net\fabricmc\fabric-api\fabric-block-view-api-v2-06736ed2\1.0.8+80f8cf51b0\fabric-block-view-api-v2-06736ed2-1.0.8+80f8cf51b0.jar to classpath.
[22:23:18] [main/DEBUG] (FabricLoader/Knot) Adding C:\Users\vtorr\IdeaProjects\BetterPlayerLocatorBar\.gradle\loom-cache\remapped_mods\remapped\net\fabricmc\fabric-api\fabric-keybindings-v0-06736ed2\0.2.43+df3654b3b0\fabric-keybindings-v0-06736ed2-0.2.43+df3654b3b0.jar to classpath.
[22:23:18] [main/DEBUG] (FabricLoader/Knot) Adding C:\Users\vtorr\IdeaProjects\BetterPlayerLocatorBar\.gradle\loom-cache\remapped_mods\remapped\net\fabricmc\fabric-api\fabric-entity-events-v1-06736ed2\1.6.8+e9d2a72bb0\fabric-entity-events-v1-06736ed2-1.6.8+e9d2a72bb0.jar to classpath.
[22:23:18] [main/DEBUG] (FabricLoader/Knot) Adding C:\Users\vtorr\IdeaProjects\BetterPlayerLocatorBar\.gradle\loom-cache\remapped_mods\remapped\net\fabricmc\fabric-api\fabric-blockrenderlayer-v1-06736ed2\1.1.50+80f8cf51b0\fabric-blockrenderlayer-v1-06736ed2-1.1.50+80f8cf51b0.jar to classpath.
[22:23:18] [main/DEBUG] (FabricLoader/Knot) Adding C:\Users\vtorr\IdeaProjects\BetterPlayerLocatorBar\.gradle\loom-cache\remapped_mods\remapped\net\fabricmc\fabric-api\fabric-commands-v0-06736ed2\0.2.62+df3654b3b0\fabric-commands-v0-06736ed2-0.2.62+df3654b3b0.jar to classpath.
[22:23:18] [main/DEBUG] (FabricLoader/Knot) Adding C:\Users\vtorr\IdeaProjects\BetterPlayerLocatorBar\.gradle\loom-cache\remapped_mods\remapped\net\fabricmc\fabric-api\fabric-models-v0-06736ed2\0.4.11+9386d8a7b0\fabric-models-v0-06736ed2-0.4.11+9386d8a7b0.jar to classpath.
[22:23:18] [main/DEBUG] (FabricLoader/Knot) Adding C:\Users\vtorr\IdeaProjects\BetterPlayerLocatorBar\.gradle\loom-cache\remapped_mods\remapped\net\fabricmc\fabric-api\fabric-item-api-v1-06736ed2\8.2.3+6e5bbc4ab0\fabric-item-api-v1-06736ed2-8.2.3+6e5bbc4ab0.jar to classpath.
[22:23:18] [main/DEBUG] (FabricLoader/Knot) Adding C:\Users\vtorr\IdeaProjects\BetterPlayerLocatorBar\.gradle\loom-cache\remapped_mods\remapped\net\fabricmc\fabric-api\fabric-sound-api-v1-06736ed2\1.0.21+c5fc38b3b0\fabric-sound-api-v1-06736ed2-1.0.21+c5fc38b3b0.jar to classpath.
[22:23:18] [main/DEBUG] (FabricLoader/Knot) Adding C:\Users\vtorr\IdeaProjects\BetterPlayerLocatorBar\run\.fabric\processedMods\carpet-1.4.141+v240429-64b5720b4b825f21.jar to classpath.
[22:23:18] [main/DEBUG] (FabricLoader/Knot) Adding C:\Users\vtorr\IdeaProjects\BetterPlayerLocatorBar\.gradle\loom-cache\remapped_mods\remapped\net\fabricmc\fabric-api\fabric-dimensions-v1-06736ed2\2.1.68+94793913b0\fabric-dimensions-v1-06736ed2-2.1.68+94793913b0.jar to classpath.
[22:23:18] [main/DEBUG] (FabricLoader/Knot) Adding C:\Users\vtorr\IdeaProjects\BetterPlayerLocatorBar\.gradle\loom-cache\remapped_mods\remapped\io\github\bichal\bichal-utils-06736ed2\0.1-BETA\bichal-utils-06736ed2-0.1-BETA.jar to classpath.
[22:23:18] [main/DEBUG] (FabricLoader/Knot) Adding C:\Users\vtorr\IdeaProjects\BetterPlayerLocatorBar\.gradle\loom-cache\remapped_mods\remapped\net\fabricmc\fabric-api\fabric-lifecycle-events-v1-06736ed2\2.3.4+c5fc38b3b0\fabric-lifecycle-events-v1-06736ed2-2.3.4+c5fc38b3b0.jar to classpath.
[22:23:18] [main/DEBUG] (FabricLoader/Knot) Adding C:\Users\vtorr\IdeaProjects\BetterPlayerLocatorBar\.gradle\loom-cache\remapped_mods\remapped\net\fabricmc\fabric-api\fabric-events-interaction-v0-06736ed2\0.7.6+c5fc38b3b0\fabric-events-interaction-v0-06736ed2-0.7.6+c5fc38b3b0.jar to classpath.
[22:23:18] [main/DEBUG] (FabricLoader/Knot) Adding C:\Users\vtorr\IdeaProjects\BetterPlayerLocatorBar\.gradle\loom-cache\remapped_mods\remapped\net\fabricmc\fabric-api\fabric-client-tags-api-v1-06736ed2\1.1.12+7f945d5bb0\fabric-client-tags-api-v1-06736ed2-1.1.12+7f945d5bb0.jar to classpath.
[22:23:18] [main/DEBUG] (FabricLoader/Knot) Adding C:\Users\vtorr\IdeaProjects\BetterPlayerLocatorBar\.gradle\loom-cache\remapped_mods\remapped\net\fabricmc\fabric-api\fabric-loot-api-v2-06736ed2\3.0.6+97f703dab0\fabric-loot-api-v2-06736ed2-3.0.6+97f703dab0.jar to classpath.
[22:23:18] [main/DEBUG] (FabricLoader/Knot) Adding C:\Users\vtorr\.gradle\caches\modules-2\files-2.1\io.github.llamalad7\mixinextras-fabric\0.5.0\91a83dfb7abd320f6236bd1fcf5c0ff143d59a13\mixinextras-fabric-0.5.0.jar to classpath.
[22:23:18] [main/DEBUG] (FabricLoader/Knot) Adding C:\Users\vtorr\IdeaProjects\BetterPlayerLocatorBar\.gradle\loom-cache\remapped_mods\remapped\net\fabricmc\fabric-api\fabric-transfer-api-v1-06736ed2\5.1.7+7fc4b352b0\fabric-transfer-api-v1-06736ed2-5.1.7+7fc4b352b0.jar to classpath.
[22:23:18] [main/DEBUG] (FabricLoader/Knot) Adding C:\Users\vtorr\IdeaProjects\BetterPlayerLocatorBar\.gradle\loom-cache\remapped_mods\remapped\net\fabricmc\fabric-api\fabric-api-06736ed2\0.100.8+1.20.6\fabric-api-06736ed2-0.100.8+1.20.6.jar to classpath.
[22:23:18] [main/DEBUG] (FabricLoader/Knot) Adding C:\Users\vtorr\IdeaProjects\BetterPlayerLocatorBar\.gradle\loom-cache\remapped_mods\remapped\net\fabricmc\fabric-api\fabric-item-group-api-v1-06736ed2\4.1.1+f4bfb622b0\fabric-item-group-api-v1-06736ed2-4.1.1+f4bfb622b0.jar to classpath.
[22:23:18] [main/DEBUG] (FabricLoader/Knot) Adding C:\Users\vtorr\IdeaProjects\BetterPlayerLocatorBar\.gradle\loom-cache\remapped_mods\remapped\net\fabricmc\fabric-api\fabric-convention-tags-v1-06736ed2\2.0.7+7f945d5bb0\fabric-convention-tags-v1-06736ed2-2.0.7+7f945d5bb0.jar to classpath.
[22:23:18] [main/DEBUG] (FabricLoader/Knot) Adding C:\Users\vtorr\IdeaProjects\BetterPlayerLocatorBar\.gradle\loom-cache\remapped_mods\remapped\net\fabricmc\fabric-api\fabric-renderer-api-v1-06736ed2\3.3.0+81dac6a1b0\fabric-renderer-api-v1-06736ed2-3.3.0+81dac6a1b0.jar to classpath.
[22:23:18] [main/DEBUG] (FabricLoader/Knot) Adding C:\Users\vtorr\IdeaProjects\BetterPlayerLocatorBar\.gradle\loom-cache\remapped_mods\remapped\net\fabricmc\fabric-api\fabric-gametest-api-v1-06736ed2\1.3.18+1172e897b0\fabric-gametest-api-v1-06736ed2-1.3.18+1172e897b0.jar to classpath.
[22:23:18] [main/DEBUG] (FabricLoader/Knot) Adding C:\Users\vtorr\IdeaProjects\BetterPlayerLocatorBar\.gradle\loom-cache\remapped_mods\remapped\net\fabricmc\fabric-api\fabric-registry-sync-v0-06736ed2\5.0.19+c7d49fa1b0\fabric-registry-sync-v0-06736ed2-5.0.19+c7d49fa1b0.jar to classpath.
[22:23:18] [main/DEBUG] (FabricLoader/Knot) Adding C:\Users\vtorr\IdeaProjects\BetterPlayerLocatorBar\.gradle\loom-cache\remapped_mods\remapped\net\fabricmc\fabric-api\fabric-game-rule-api-v1-06736ed2\1.0.50+80f8cf51b0\fabric-game-rule-api-v1-06736ed2-1.0.50+80f8cf51b0.jar to classpath.
[22:23:18] [main/DEBUG] (FabricLoader/Knot) Adding C:\Users\vtorr\IdeaProjects\BetterPlayerLocatorBar\.gradle\loom-cache\remapped_mods\remapped\net\fabricmc\fabric-api\fabric-resource-loader-v0-06736ed2\1.1.1+f4bfb622b0\fabric-resource-loader-v0-06736ed2-1.1.1+f4bfb622b0.jar to classpath.
[22:23:18] [main/DEBUG] (FabricLoader/Knot) Adding C:\Users\vtorr\IdeaProjects\BetterPlayerLocatorBar\.gradle\loom-cache\remapped_mods\remapped\net\fabricmc\fabric-api\fabric-command-api-v2-06736ed2\2.2.24+80f8cf51b0\fabric-command-api-v2-06736ed2-2.2.24+80f8cf51b0.jar to classpath.
[22:23:18] [main/DEBUG] (FabricLoader/Knot) Adding C:\Users\vtorr\IdeaProjects\BetterPlayerLocatorBar\.gradle\loom-cache\remapped_mods\remapped\net\fabricmc\fabric-api\fabric-resource-conditions-api-v1-06736ed2\4.2.0+a5d5299db0\fabric-resource-conditions-api-v1-06736ed2-4.2.0+a5d5299db0.jar to classpath.
[22:23:18] [main/DEBUG] (FabricLoader/Knot) Adding C:\Users\vtorr\IdeaProjects\BetterPlayerLocatorBar\.gradle\loom-cache\remapped_mods\remapped\net\fabricmc\fabric-api\fabric-key-binding-api-v1-06736ed2\1.0.45+80f8cf51b0\fabric-key-binding-api-v1-06736ed2-1.0.45+80f8cf51b0.jar to classpath.
[22:23:18] [main/DEBUG] (FabricLoader/Knot) Adding C:\Users\vtorr\IdeaProjects\BetterPlayerLocatorBar\.gradle\loom-cache\remapped_mods\remapped\net\fabricmc\fabric-api\fabric-screen-handler-api-v1-06736ed2\1.3.76+8c7b71c2b0\fabric-screen-handler-api-v1-06736ed2-1.3.76+8c7b71c2b0.jar to classpath.
[22:23:18] [main/DEBUG] (FabricLoader/Knot) Adding C:\Users\vtorr\IdeaProjects\BetterPlayerLocatorBar\.gradle\loom-cache\remapped_mods\remapped\com\terraformersmc\modmenu-06736ed2\10.0.0\modmenu-06736ed2-10.0.0.jar to classpath.
[22:23:18] [main/DEBUG] (FabricLoader/Knot) Adding C:\Users\vtorr\IdeaProjects\BetterPlayerLocatorBar\.gradle\loom-cache\remapped_mods\remapped\net\fabricmc\fabric-api\fabric-networking-api-v1-06736ed2\4.2.0+a916f7c5b0\fabric-networking-api-v1-06736ed2-4.2.0+a916f7c5b0.jar to classpath.
[22:23:18] [main/DEBUG] (FabricLoader/Knot) Adding C:\Users\vtorr\IdeaProjects\BetterPlayerLocatorBar\.gradle\loom-cache\remapped_mods\remapped\net\fabricmc\fabric-api\fabric-api-base-06736ed2\0.4.40+80f8cf51b0\fabric-api-base-06736ed2-0.4.40+80f8cf51b0.jar to classpath.
[22:23:18] [main/DEBUG] (FabricLoader/Knot) Adding C:\Users\vtorr\IdeaProjects\BetterPlayerLocatorBar\.gradle\loom-cache\remapped_mods\remapped\net\fabricmc\fabric-api\fabric-model-loading-api-v1-06736ed2\1.0.12+80f8cf51b0\fabric-model-loading-api-v1-06736ed2-1.0.12+80f8cf51b0.jar to classpath.
[22:23:18] [main/DEBUG] (FabricLoader/Knot) Adding C:\Users\vtorr\IdeaProjects\BetterPlayerLocatorBar\.gradle\loom-cache\remapped_mods\remapped\net\fabricmc\fabric-api\fabric-content-registries-v0-06736ed2\8.0.6+b82b2392b0\fabric-content-registries-v0-06736ed2-8.0.6+b82b2392b0.jar to classpath.
[22:23:18] [main/DEBUG] (FabricLoader/Knot) Adding C:\Users\vtorr\IdeaProjects\BetterPlayerLocatorBar\.gradle\loom-cache\remapped_mods\remapped\net\fabricmc\fabric-api\fabric-message-api-v1-06736ed2\6.0.11+a7dc0e41b0\fabric-message-api-v1-06736ed2-6.0.11+a7dc0e41b0.jar to classpath.
[22:23:18] [main/DEBUG] (FabricLoader/Knot) Adding C:\Users\vtorr\IdeaProjects\BetterPlayerLocatorBar\.gradle\loom-cache\remapped_mods\remapped\net\fabricmc\fabric-api\fabric-data-attachment-api-v1-06736ed2\1.1.17+2a2c66b6b0\fabric-data-attachment-api-v1-06736ed2-1.1.17+2a2c66b6b0.jar to classpath.
[22:23:18] [main/DEBUG] (FabricLoader/Knot) Adding C:\Users\vtorr\IdeaProjects\BetterPlayerLocatorBar\.gradle\loom-cache\remapped_mods\remapped\net\fabricmc\fabric-api\fabric-api-lookup-api-v1-06736ed2\1.6.59+e9d2a72bb0\fabric-api-lookup-api-v1-06736ed2-1.6.59+e9d2a72bb0.jar to classpath.
[22:23:18] [main/DEBUG] (FabricLoader/Knot) Adding C:\Users\vtorr\IdeaProjects\BetterPlayerLocatorBar\.gradle\loom-cache\remapped_mods\remapped\net\fabricmc\fabric-api\fabric-rendering-fluids-v1-06736ed2\3.1.3+2c869dedb0\fabric-rendering-fluids-v1-06736ed2-3.1.3+2c869dedb0.jar to classpath.
[22:23:18] [main/DEBUG] (FabricLoader/Knot) Adding C:\Users\vtorr\IdeaProjects\BetterPlayerLocatorBar\.gradle\loom-cache\remapped_mods\remapped\net\fabricmc\fabric-api\fabric-recipe-api-v1-06736ed2\5.0.6+9c745bbbb0\fabric-recipe-api-v1-06736ed2-5.0.6+9c745bbbb0.jar to classpath.
[22:23:18] [main/DEBUG] (FabricLoader/Knot) Adding C:\Users\vtorr\IdeaProjects\BetterPlayerLocatorBar\.gradle\loom-cache\remapped_mods\remapped\net\fabricmc\fabric-api\fabric-data-generation-api-v1-06736ed2\19.2.5+a5d5299db0\fabric-data-generation-api-v1-06736ed2-19.2.5+a5d5299db0.jar to classpath.
[22:23:18] [main/DEBUG] (FabricLoader/Knot) Adding C:\Users\vtorr\IdeaProjects\BetterPlayerLocatorBar\.gradle\loom-cache\remapped_mods\remapped\net\fabricmc\fabric-api\fabric-transitive-access-wideners-v1-06736ed2\6.0.10+74e2f560b0\fabric-transitive-access-wideners-v1-06736ed2-6.0.10+74e2f560b0.jar to classpath.
[22:23:18] [main/DEBUG] (FabricLoader/Knot) Adding C:\Users\vtorr\IdeaProjects\BetterPlayerLocatorBar\build\resources\main to classpath.
[22:23:18] [main/DEBUG] (FabricLoader/Knot) Adding C:\Users\vtorr\IdeaProjects\BetterPlayerLocatorBar\.gradle\loom-cache\remapped_mods\remapped\net\fabricmc\fabric-api\fabric-biome-api-v1-06736ed2\13.0.25+be5d88beb0\fabric-biome-api-v1-06736ed2-13.0.25+be5d88beb0.jar to classpath.
[22:23:18] [main/DEBUG] (FabricLoader/Entrypoint) Registering new-style initializer net.fabricmc.fabric.impl.tag.convention.v2.TranslationConventionLogWarnings for mod fabric-convention-tags-v2 (key main)
[22:23:18] [main/DEBUG] (FabricLoader/Entrypoint) Registering new-style initializer net.fabricmc.fabric.impl.command.v1.LegacyHandler for mod fabric-command-api-v1 (key main)
[22:23:18] [main/DEBUG] (FabricLoader/Entrypoint) Registering new-style initializer net.fabricmc.fabric.impl.client.rendering.v0.RenderingCallbackInvoker for mod fabric-rendering-v0 (key client)
[22:23:18] [main/DEBUG] (FabricLoader/Entrypoint) Registering new-style initializer net.fabricmc.fabric.impl.client.indigo.Indigo for mod fabric-renderer-indigo (key client)
[22:23:18] [main/DEBUG] (FabricLoader/Entrypoint) Registering new-style initializer carpet.CarpetServer::onGameStarted for mod carpet (key server)
[22:23:18] [main/DEBUG] (FabricLoader/Entrypoint) Registering new-style initializer carpet.utils.CarpetRulePrinter for mod carpet (key server)
[22:23:18] [main/DEBUG] (FabricLoader/Entrypoint) Registering new-style initializer carpet.CarpetServer::onGameStarted for mod carpet (key client)
[22:23:18] [main/DEBUG] (FabricLoader/Entrypoint) Registering new-style initializer net.bichal.bichalutils.client.Client for mod bichalutils (key client)
[22:23:18] [main/DEBUG] (FabricLoader/Entrypoint) Registering new-style initializer net.bichal.bichalutils.Main for mod bichalutils (key main)
[22:23:18] [main/DEBUG] (FabricLoader/Entrypoint) Registering new-style initializer net.fabricmc.fabric.impl.client.event.lifecycle.ClientLifecycleEventsImpl for mod fabric-lifecycle-events-v1 (key client)
[22:23:18] [main/DEBUG] (FabricLoader/Entrypoint) Registering new-style initializer net.fabricmc.fabric.impl.event.lifecycle.LifecycleEventsImpl for mod fabric-lifecycle-events-v1 (key main)
[22:23:18] [main/DEBUG] (FabricLoader/Entrypoint) Registering new-style initializer net.fabricmc.fabric.impl.event.interaction.client.InteractionEventsRouterClient for mod fabric-events-interaction-v0 (key client)
[22:23:18] [main/DEBUG] (FabricLoader/Entrypoint) Registering new-style initializer net.fabricmc.fabric.impl.event.interaction.InteractionEventsRouter for mod fabric-events-interaction-v0 (key main)
[22:23:18] [main/DEBUG] (FabricLoader/Entrypoint) Registering new-style initializer net.fabricmc.fabric.impl.tag.convention.ConventionLogWarnings for mod fabric-convention-tags-v1 (key main)
[22:23:18] [main/DEBUG] (FabricLoader/Entrypoint) Registering new-style initializer net.fabricmc.fabric.impl.gametest.FabricGameTestModInitializer for mod fabric-gametest-api-v1 (key main)
[22:23:18] [main/DEBUG] (FabricLoader/Entrypoint) Registering new-style initializer net.fabricmc.fabric.impl.client.registry.sync.FabricRegistryClientInit for mod fabric-registry-sync-v0 (key client)
[22:23:18] [main/DEBUG] (FabricLoader/Entrypoint) Registering new-style initializer net.fabricmc.fabric.impl.registry.sync.FabricRegistryInit for mod fabric-registry-sync-v0 (key main)
[22:23:18] [main/DEBUG] (FabricLoader/Entrypoint) Registering new-style initializer net.fabricmc.fabric.impl.resource.conditions.ResourceConditionsImpl for mod fabric-resource-conditions-api-v1 (key main)
[22:23:18] [main/DEBUG] (FabricLoader/Entrypoint) Registering new-style initializer net.fabricmc.fabric.impl.screenhandler.client.ClientNetworking for mod fabric-screen-handler-api-v1 (key client)
[22:23:18] [main/DEBUG] (FabricLoader/Entrypoint) Registering new-style initializer net.fabricmc.fabric.impl.screenhandler.Networking for mod fabric-screen-handler-api-v1 (key main)
[22:23:18] [main/DEBUG] (FabricLoader/Entrypoint) Registering new-style initializer com.terraformersmc.modmenu.ModMenuModMenuCompat for mod modmenu (key modmenu)
[22:23:18] [main/DEBUG] (FabricLoader/Entrypoint) Registering new-style initializer com.terraformersmc.modmenu.ModMenu for mod modmenu (key client)
[22:23:18] [main/DEBUG] (FabricLoader/Entrypoint) Registering new-style initializer net.fabricmc.fabric.impl.networking.client.ClientNetworkingImpl::clientInit for mod fabric-networking-api-v1 (key client)
[22:23:18] [main/DEBUG] (FabricLoader/Entrypoint) Registering new-style initializer net.fabricmc.fabric.impl.networking.CommonPacketsImpl::init for mod fabric-networking-api-v1 (key main)
[22:23:18] [main/DEBUG] (FabricLoader/Entrypoint) Registering new-style initializer net.fabricmc.fabric.impl.networking.NetworkingImpl::init for mod fabric-networking-api-v1 (key main)
[22:23:18] [main/DEBUG] (FabricLoader/Entrypoint) Registering new-style initializer net.fabricmc.fabric.impl.attachment.AttachmentEntrypoint for mod fabric-data-attachment-api-v1 (key main)
[22:23:18] [main/DEBUG] (FabricLoader/Entrypoint) Registering new-style initializer net.fabricmc.fabric.impl.lookup.ApiLookupImpl for mod fabric-api-lookup-api-v1 (key main)
[22:23:18] [main/DEBUG] (FabricLoader/Entrypoint) Registering new-style initializer net.fabricmc.fabric.impl.recipe.ingredient.client.CustomIngredientSyncClient for mod fabric-recipe-api-v1 (key client)
[22:23:18] [main/DEBUG] (FabricLoader/Entrypoint) Registering new-style initializer net.fabricmc.fabric.impl.recipe.ingredient.CustomIngredientInit for mod fabric-recipe-api-v1 (key main)
[22:23:18] [main/DEBUG] (FabricLoader/Entrypoint) Registering new-style initializer net.fabricmc.fabric.impl.recipe.ingredient.CustomIngredientSync for mod fabric-recipe-api-v1 (key main)
[22:23:18] [main/DEBUG] (FabricLoader/Entrypoint) Registering new-style initializer net.bichal.bplb.integration.ModMenuImpl for mod bplb (key modmenu)
[22:23:18] [main/DEBUG] (FabricLoader/Entrypoint) Registering new-style initializer net.bichal.bplb.client.Client for mod bplb (key client)
[22:23:18] [main/DEBUG] (FabricLoader/Entrypoint) Registering new-style initializer net.bichal.bplb.Main for mod bplb (key main)
[22:23:18] [main/INFO] (FabricLoader/Mixin) SpongePowered MIXIN Subsystem Version=0.8.7 Source=file:/C:/Users/vtorr/.gradle/caches/modules-2/files-2.1/net.fabricmc/sponge-mixin/0.16.5+mixin.0.8.7/80fc3a9f592673cea87f4cd702f87991c6c9fe4d/sponge-mixin-0.16.5+mixin.0.8.7.jar Service=Knot/Fabric Env=CLIENT
[22:23:18] [main/DEBUG] (FabricLoader/Mixin) Initialising Mixin Platform Manager
[22:23:18] [main/DEBUG] (FabricLoader/Mixin) Adding mixin platform agents for container ContainerHandleURI(file:///C:/Users/vtorr/.gradle/caches/modules-2/files-2.1/net.fabricmc/fabric-loader/0.17.3/deafaba5de4d9bbd76105783ff4e21ce0773874f/fabric-loader-0.17.3.jar)
[22:23:18] [main/DEBUG] (FabricLoader/Mixin) Instancing new MixinPlatformAgentDefault for ContainerHandleURI(file:///C:/Users/vtorr/.gradle/caches/modules-2/files-2.1/net.fabricmc/fabric-loader/0.17.3/deafaba5de4d9bbd76105783ff4e21ce0773874f/fabric-loader-0.17.3.jar)
[22:23:18] [main/DEBUG] (FabricLoader/Mixin) MixinPlatformAgentDefault accepted container ContainerHandleURI(file:///C:/Users/vtorr/.gradle/caches/modules-2/files-2.1/net.fabricmc/fabric-loader/0.17.3/deafaba5de4d9bbd76105783ff4e21ce0773874f/fabric-loader-0.17.3.jar)
[22:23:18] [main/DEBUG] (FabricLoader/Mixin) Instancing new MixinPlatformAgentDefault for ContainerHandleURI(file:///C:/Users/vtorr/.gradle/caches/modules-2/files-2.1/net.fabricmc/fabric-loader/0.17.3/deafaba5de4d9bbd76105783ff4e21ce0773874f/fabric-loader-0.17.3.jar)
[22:23:18] [main/DEBUG] (FabricLoader/Mixin) MixinPlatformAgentDefault accepted container ContainerHandleURI(file:///C:/Users/vtorr/.gradle/caches/modules-2/files-2.1/net.fabricmc/fabric-loader/0.17.3/deafaba5de4d9bbd76105783ff4e21ce0773874f/fabric-loader-0.17.3.jar)
[22:23:18] [main/DEBUG] (FabricLoader/Mixin) Processing prepare() for PlatformAgent[MixinPlatformAgentDefault:ContainerHandleURI(file:///C:/Users/vtorr/.gradle/caches/modules-2/files-2.1/net.fabricmc/fabric-loader/0.17.3/deafaba5de4d9bbd76105783ff4e21ce0773874f/fabric-loader-0.17.3.jar)]
[22:23:18] [main/DEBUG] (FabricLoader/Mixin) Processing prepare() for PlatformAgent[MixinPlatformAgentDefault:ContainerHandleURI(file:///C:/Users/vtorr/.gradle/caches/modules-2/files-2.1/net.fabricmc/fabric-loader/0.17.3/deafaba5de4d9bbd76105783ff4e21ce0773874f/fabric-loader-0.17.3.jar)]
[22:23:18] [main/INFO] (FabricLoader/Mixin) Loaded Fabric development mappings for mixin remapper!
[22:23:18] [main/DEBUG] (FabricLoader/Mixin) Compatibility level JAVA_17 specified by fabric-crash-report-info-v1.mixins.json is higher than the maximum level supported by this version of mixin (JAVA_13).
[22:23:18] [main/INFO] (FabricLoader/Mixin) Compatibility level set to JAVA_17
[22:23:18] [main/DEBUG] (FabricLoader/Mixin) Mixin config fabric-crash-report-info-v1.mixins.json does not specify "minVersion" or "requiredFeatures" property
[22:23:18] [main/DEBUG] (FabricLoader/Mixin) Mixin config fabric-object-builder-v1.mixins.json does not specify "minVersion" or "requiredFeatures" property
[22:23:18] [main/DEBUG] (FabricLoader/Mixin) Mixin config fabric-object-builder-v1.client.mixins.json does not specify "minVersion" or "requiredFeatures" property
[22:23:18] [main/DEBUG] (FabricLoader/Mixin) Mixin config fabric-block-api-v1.mixins.json does not specify "minVersion" or "requiredFeatures" property
[22:23:18] [main/DEBUG] (FabricLoader/Mixin) Mixin config fabric-convention-tags-api-v2.mixins.json does not specify "minVersion" or "requiredFeatures" property
[22:23:18] [main/DEBUG] (FabricLoader/Mixin) Mixin config fabric-screen-api-v1.mixins.json does not specify "minVersion" or "requiredFeatures" property
[22:23:18] [main/DEBUG] (FabricLoader/Mixin) Mixin config fabric-renderer-indigo.mixins.json does not specify "minVersion" or "requiredFeatures" property
[22:23:18] [main/DEBUG] (FabricLoader/Mixin) Mixin config fabric-particles-v1.client.mixins.json does not specify "minVersion" or "requiredFeatures" property
[22:23:18] [main/DEBUG] (FabricLoader/Mixin) Mixin config fabric-rendering-data-attachment-v1.mixins.json does not specify "minVersion" or "requiredFeatures" property
[22:23:18] [main/DEBUG] (FabricLoader/Mixin) Mixin config fabric-rendering-data-attachment-v1.client.mixins.json does not specify "minVersion" or "requiredFeatures" property
[22:23:18] [main/DEBUG] (FabricLoader/Mixin) Mixin config fabric-rendering-v1.mixins.json does not specify "minVersion" or "requiredFeatures" property
[22:23:18] [main/DEBUG] (FabricLoader/Mixin) Mixin config fabric-block-view-api-v2.mixins.json does not specify "minVersion" or "requiredFeatures" property
[22:23:18] [main/DEBUG] (FabricLoader/Mixin) Mixin config fabric-block-view-api-v2.client.mixins.json does not specify "minVersion" or "requiredFeatures" property
[22:23:18] [main/DEBUG] (FabricLoader/Mixin) Mixin config fabric-entity-events-v1.mixins.json does not specify "minVersion" or "requiredFeatures" property
[22:23:18] [main/DEBUG] (FabricLoader/Mixin) Mixin config fabric-entity-events-v1.client.mixins.json does not specify "minVersion" or "requiredFeatures" property
[22:23:18] [main/DEBUG] (FabricLoader/Mixin) Mixin config fabric-blockrenderlayer-v1.mixins.json does not specify "minVersion" or "requiredFeatures" property
[22:23:18] [main/DEBUG] (FabricLoader/Mixin) Mixin config fabric-item-api-v1.mixins.json does not specify "minVersion" or "requiredFeatures" property
[22:23:18] [main/DEBUG] (FabricLoader/Mixin) Mixin config fabric-item-api-v1.client.mixins.json does not specify "minVersion" or "requiredFeatures" property
[22:23:18] [main/DEBUG] (FabricLoader/Mixin) Mixin config fabric-sound-api-v1.mixins.json does not specify "minVersion" or "requiredFeatures" property
[22:23:18] [main/DEBUG] (FabricLoader/Mixin) Mixin config carpet.mixins.json does not specify "minVersion" or "requiredFeatures" property
[22:23:18] [main/DEBUG] (FabricLoader/Mixin) Mixin config fabric-dimensions-v1.mixins.json does not specify "minVersion" or "requiredFeatures" property
[22:23:18] [main/DEBUG] (FabricLoader/Mixin) Mixin config fabric-lifecycle-events-v1.mixins.json does not specify "minVersion" or "requiredFeatures" property
[22:23:18] [main/DEBUG] (FabricLoader/Mixin) Mixin config fabric-lifecycle-events-v1.client.mixins.json does not specify "minVersion" or "requiredFeatures" property
[22:23:18] [main/DEBUG] (FabricLoader/Mixin) Mixin config fabric-events-interaction-v0.mixins.json does not specify "minVersion" or "requiredFeatures" property
[22:23:18] [main/DEBUG] (FabricLoader/Mixin) Mixin config fabric-events-interaction-v0.client.mixins.json does not specify "minVersion" or "requiredFeatures" property
[22:23:18] [main/DEBUG] (FabricLoader/Mixin) Mixin config fabric-loot-api-v2.mixins.json does not specify "minVersion" or "requiredFeatures" property
[22:23:18] [main/DEBUG] (FabricLoader/Mixin) Mixin config fabric-transfer-api-v1.mixins.json does not specify "minVersion" or "requiredFeatures" property
[22:23:18] [main/DEBUG] (FabricLoader/Mixin) Mixin config fabric-item-group-api-v1.mixins.json does not specify "minVersion" or "requiredFeatures" property
[22:23:18] [main/DEBUG] (FabricLoader/Mixin) Mixin config fabric-item-group-api-v1.client.mixins.json does not specify "minVersion" or "requiredFeatures" property
[22:23:18] [main/DEBUG] (FabricLoader/Mixin) Mixin config fabric-renderer-api-v1.mixins.json does not specify "minVersion" or "requiredFeatures" property
[22:23:18] [main/DEBUG] (FabricLoader/Mixin) Mixin config fabric-renderer-api-v1.debughud.mixins.json does not specify "minVersion" or "requiredFeatures" property
[22:23:18] [main/DEBUG] (FabricLoader/Mixin) Mixin config fabric-gametest-api-v1.mixins.json does not specify "minVersion" or "requiredFeatures" property
[22:23:18] [main/DEBUG] (FabricLoader/Mixin) Mixin config fabric-registry-sync-v0.mixins.json does not specify "minVersion" or "requiredFeatures" property
[22:23:18] [main/DEBUG] (FabricLoader/Mixin) Mixin config fabric-registry-sync-v0.client.mixins.json does not specify "minVersion" or "requiredFeatures" property
[22:23:18] [main/DEBUG] (FabricLoader/Mixin) Mixin config fabric-game-rule-api-v1.mixins.json does not specify "minVersion" or "requiredFeatures" property
[22:23:18] [main/DEBUG] (FabricLoader/Mixin) Mixin config fabric-game-rule-api-v1.client.mixins.json does not specify "minVersion" or "requiredFeatures" property
[22:23:18] [main/DEBUG] (FabricLoader/Mixin) Mixin config fabric-resource-loader-v0.mixins.json does not specify "minVersion" or "requiredFeatures" property
[22:23:18] [main/DEBUG] (FabricLoader/Mixin) Mixin config fabric-resource-loader-v0.client.mixins.json does not specify "minVersion" or "requiredFeatures" property
[22:23:18] [main/DEBUG] (FabricLoader/Mixin) Mixin config fabric-command-api-v2.mixins.json does not specify "minVersion" or "requiredFeatures" property
[22:23:18] [main/DEBUG] (FabricLoader/Mixin) Mixin config fabric-command-api-v2.client.mixins.json does not specify "minVersion" or "requiredFeatures" property
[22:23:18] [main/DEBUG] (FabricLoader/Mixin) Mixin config fabric-resource-conditions-api-v1.mixins.json does not specify "minVersion" or "requiredFeatures" property
[22:23:18] [main/DEBUG] (FabricLoader/Mixin) Mixin config fabric-key-binding-api-v1.mixins.json does not specify "minVersion" or "requiredFeatures" property
[22:23:18] [main/DEBUG] (FabricLoader/Mixin) Mixin config fabric-screen-handler-api-v1.mixins.json does not specify "minVersion" or "requiredFeatures" property
[22:23:18] [main/DEBUG] (FabricLoader/Mixin) Compatibility level JAVA_16 specified by mixins.modmenu.json is higher than the maximum level supported by this version of mixin (JAVA_13).
[22:23:18] [main/DEBUG] (FabricLoader/Mixin) Mixin config fabric-networking-api-v1.mixins.json does not specify "minVersion" or "requiredFeatures" property
[22:23:18] [main/DEBUG] (FabricLoader/Mixin) Mixin config fabric-networking-api-v1.client.mixins.json does not specify "minVersion" or "requiredFeatures" property
[22:23:18] [main/DEBUG] (FabricLoader/Mixin) Mixin config fabric-model-loading-api-v1.mixins.json does not specify "minVersion" or "requiredFeatures" property
[22:23:18] [main/DEBUG] (FabricLoader/Mixin) Mixin config fabric-content-registries-v0.mixins.json does not specify "minVersion" or "requiredFeatures" property
[22:23:18] [main/DEBUG] (FabricLoader/Mixin) Mixin config fabric-message-api-v1.mixins.json does not specify "minVersion" or "requiredFeatures" property
[22:23:18] [main/DEBUG] (FabricLoader/Mixin) Mixin config fabric-message-api-v1.client.mixins.json does not specify "minVersion" or "requiredFeatures" property
[22:23:18] [main/DEBUG] (FabricLoader/Mixin) Mixin config fabric-data-attachment-api-v1.mixins.json does not specify "minVersion" or "requiredFeatures" property
[22:23:18] [main/DEBUG] (FabricLoader/Mixin) Mixin config fabric-data-attachment-api-v1.client.mixins.json does not specify "minVersion" or "requiredFeatures" property
[22:23:18] [main/DEBUG] (FabricLoader/Mixin) Mixin config fabric-api-lookup-api-v1.mixins.json does not specify "minVersion" or "requiredFeatures" property
[22:23:18] [main/DEBUG] (FabricLoader/Mixin) Mixin config fabric-rendering-fluids-v1.mixins.json does not specify "minVersion" or "requiredFeatures" property
[22:23:18] [main/DEBUG] (FabricLoader/Mixin) Mixin config fabric-recipe-api-v1.mixins.json does not specify "minVersion" or "requiredFeatures" property
[22:23:18] [main/DEBUG] (FabricLoader/Mixin) Mixin config fabric-data-generation-api-v1.mixins.json does not specify "minVersion" or "requiredFeatures" property
[22:23:18] [main/DEBUG] (FabricLoader/Mixin) Mixin config fabric-data-generation-api-v1.client.mixins.json does not specify "minVersion" or "requiredFeatures" property
[22:23:18] [main/DEBUG] (FabricLoader/Mixin) Compatibility level JAVA_21 specified by BetterPlayerLocatorBar.mixins.json is higher than the maximum level supported by this version of mixin (JAVA_13).
[22:23:18] [main/INFO] (FabricLoader/Mixin) Compatibility level set to JAVA_21
[22:23:18] [main/DEBUG] (FabricLoader/Mixin) Mixin config BetterPlayerLocatorBar.mixins.json does not specify "minVersion" or "requiredFeatures" property
[22:23:18] [main/DEBUG] (FabricLoader/Mixin) Compatibility level JAVA_17 specified by fabric-biome-api-v1.mixins.json is higher than the maximum level supported by this version of mixin (JAVA_13).
[22:23:18] [main/DEBUG] (FabricLoader/Mixin) Mixin config fabric-biome-api-v1.mixins.json does not specify "minVersion" or "requiredFeatures" property
[22:23:18] [main/DEBUG] (FabricLoader/Knot) Adding C:\Users\vtorr\IdeaProjects\BetterPlayerLocatorBar\.gradle\loom-cache\minecraftMaven\net\minecraft\minecraft-merged-8efe454348\1.20.6-net.fabricmc.yarn.1_20_6.1.20.6+build.3-v2\minecraft-merged-8efe454348-1.20.6-net.fabricmc.yarn.1_20_6.1.20.6+build.3-v2.jar to classpath.
[22:23:18] [main/DEBUG] (FabricLoader/Knot) Adding C:\Users\vtorr\IdeaProjects\BetterPlayerLocatorBar\build\classes\java\main to classpath.
[22:23:18] [main/DEBUG] (FabricLoader/Knot) Adding C:\Users\vtorr\IdeaProjects\BetterPlayerLocatorBar\build\resources\main to classpath.
[22:23:18] [main/DEBUG] (FabricLoader/Knot) Adding C:\Users\vtorr\.gradle\caches\fabric-loom\1.20.6\net.fabricmc.yarn.1_20_6.1.20.6+build.3-v2\mappings.jar to classpath.
[22:23:18] [main/DEBUG] (FabricLoader/Knot) Adding C:\Users\vtorr\.gradle\caches\modules-2\files-2.1\io.github.llamalad7\mixinextras-fabric\0.5.0\91a83dfb7abd320f6236bd1fcf5c0ff143d59a13\mixinextras-fabric-0.5.0.jar to classpath.
[22:23:18] [main/DEBUG] (FabricLoader/Knot) Adding C:\Users\vtorr\.gradle\caches\modules-2\files-2.1\net.fabricmc\dev-launch-injector\0.2.1+build.8\da8bef7e6e2f952da707f282bdb46882a0fce5e3\dev-launch-injector-0.2.1+build.8.jar to classpath.
[22:23:18] [main/DEBUG] (FabricLoader/Knot) Adding C:\Users\vtorr\.gradle\caches\modules-2\files-2.1\com.github.oshi\oshi-core\6.4.10\b1d8ab82d11d92fd639b56d639f8f46f739dd5fa\oshi-core-6.4.10.jar to classpath.
[22:23:18] [main/DEBUG] (FabricLoader/Knot) Adding C:\Users\vtorr\.gradle\caches\modules-2\files-2.1\com.google.guava\failureaccess\1.0.1\1dcf1de382a0bf95a3d8b0849546c88bac1292c9\failureaccess-1.0.1.jar to classpath.
[22:23:18] [main/DEBUG] (FabricLoader/Knot) Adding C:\Users\vtorr\.gradle\caches\modules-2\files-2.1\com.google.guava\guava\32.1.2-jre\5e64ec7e056456bef3a4bc4c6fdaef71e8ab6318\guava-32.1.2-jre.jar to classpath.
[22:23:18] [main/DEBUG] (FabricLoader/Knot) Adding C:\Users\vtorr\.gradle\caches\modules-2\files-2.1\com.ibm.icu\icu4j\73.2\61ad4ef7f9131fcf6d25c34b817f90d6da06c9e9\icu4j-73.2.jar to classpath.
[22:23:18] [main/DEBUG] (FabricLoader/Knot) Adding C:\Users\vtorr\.gradle\caches\modules-2\files-2.1\com.mojang\blocklist\1.0.10\5c685c5ffa94c4cd39496c7184c1d122e515ecef\blocklist-1.0.10.jar to classpath.
[22:23:18] [main/DEBUG] (FabricLoader/Knot) Adding C:\Users\vtorr\.gradle\caches\modules-2\files-2.1\com.mojang\brigadier\1.2.9\73e324f2ee541493a5179abf367237faa782ed21\brigadier-1.2.9.jar to classpath.
[22:23:18] [main/DEBUG] (FabricLoader/Knot) Adding C:\Users\vtorr\.gradle\caches\modules-2\files-2.1\com.mojang\datafixerupper\7.0.14\db3485dc1e6b712bd81170d5ce6dca2fb2f8bd86\datafixerupper-7.0.14.jar to classpath.
[22:23:18] [main/DEBUG] (FabricLoader/Knot) Adding C:\Users\vtorr\.gradle\caches\modules-2\files-2.1\com.mojang\patchy\2.2.10\da05971b07cbb379d002cf7eaec6a2048211fefc\patchy-2.2.10.jar to classpath.
[22:23:18] [main/DEBUG] (FabricLoader/Knot) Adding C:\Users\vtorr\.gradle\caches\modules-2\files-2.1\com.mojang\text2speech\1.17.9\3cad216e3a7f0c19b4b394388bc9ffc446f13b14\text2speech-1.17.9.jar to classpath.
[22:23:18] [main/DEBUG] (FabricLoader/Knot) Adding C:\Users\vtorr\.gradle\caches\modules-2\files-2.1\commons-codec\commons-codec\1.16.0\4e3eb3d79888d76b54e28b350915b5dc3919c9de\commons-codec-1.16.0.jar to classpath.
[22:23:18] [main/DEBUG] (FabricLoader/Knot) Adding C:\Users\vtorr\.gradle\caches\modules-2\files-2.1\commons-io\commons-io\2.15.1\f11560da189ab563a5c8e351941415430e9304ea\commons-io-2.15.1.jar to classpath.
[22:23:18] [main/DEBUG] (FabricLoader/Knot) Adding C:\Users\vtorr\.gradle\caches\modules-2\files-2.1\commons-logging\commons-logging\1.2\4bfc12adfe4842bf07b657f0369c4cb522955686\commons-logging-1.2.jar to classpath.
[22:23:18] [main/DEBUG] (FabricLoader/Knot) Adding C:\Users\vtorr\.gradle\caches\modules-2\files-2.1\io.netty\netty-buffer\4.1.97.Final\f8f3d8644afa5e6e1a40a3a6aeb9d9aa970ecb4f\netty-buffer-4.1.97.Final.jar to classpath.
[22:23:18] [main/DEBUG] (FabricLoader/Knot) Adding C:\Users\vtorr\.gradle\caches\modules-2\files-2.1\io.netty\netty-codec\4.1.97.Final\384ba4d75670befbedb45c4d3b497a93639c206d\netty-codec-4.1.97.Final.jar to classpath.
[22:23:18] [main/DEBUG] (FabricLoader/Knot) Adding C:\Users\vtorr\.gradle\caches\modules-2\files-2.1\io.netty\netty-common\4.1.97.Final\7cceacaf11df8dc63f23d0fb58e9d4640fc88404\netty-common-4.1.97.Final.jar to classpath.
[22:23:18] [main/DEBUG] (FabricLoader/Knot) Adding C:\Users\vtorr\.gradle\caches\modules-2\files-2.1\io.netty\netty-handler\4.1.97.Final\abb86c6906bf512bf2b797a41cd7d2e8d3cd7c36\netty-handler-4.1.97.Final.jar to classpath.
[22:23:18] [main/DEBUG] (FabricLoader/Knot) Adding C:\Users\vtorr\.gradle\caches\modules-2\files-2.1\io.netty\netty-resolver\4.1.97.Final\cec8348108dc76c47cf87c669d514be52c922144\netty-resolver-4.1.97.Final.jar to classpath.
[22:23:18] [main/DEBUG] (FabricLoader/Knot) Adding C:\Users\vtorr\.gradle\caches\modules-2\files-2.1\io.netty\netty-transport-classes-epoll\4.1.97.Final\795da37ded759e862457a82d9d92c4d39ce8ecee\netty-transport-classes-epoll-4.1.97.Final.jar to classpath.
[22:23:18] [main/DEBUG] (FabricLoader/Knot) Adding C:\Users\vtorr\.gradle\caches\modules-2\files-2.1\io.netty\netty-transport-native-unix-common\4.1.97.Final\d469d84265ab70095b01b40886cabdd433b6e664\netty-transport-native-unix-common-4.1.97.Final.jar to classpath.
[22:23:18] [main/DEBUG] (FabricLoader/Knot) Adding C:\Users\vtorr\.gradle\caches\modules-2\files-2.1\io.netty\netty-transport\4.1.97.Final\f37380d23c9bb079bc702910833b2fd532c9abd0\netty-transport-4.1.97.Final.jar to classpath.
[22:23:18] [main/DEBUG] (FabricLoader/Knot) Adding C:\Users\vtorr\.gradle\caches\modules-2\files-2.1\it.unimi.dsi\fastutil\8.5.12\c24946d46824bd528054bface3231d2ecb7e95e8\fastutil-8.5.12.jar to classpath.
[22:23:18] [main/DEBUG] (FabricLoader/Knot) Adding C:\Users\vtorr\.gradle\caches\modules-2\files-2.1\net.java.dev.jna\jna-platform\5.14.0\28934d48aed814f11e4c584da55c49fa7032b31b\jna-platform-5.14.0.jar to classpath.
[22:23:18] [main/DEBUG] (FabricLoader/Knot) Adding C:\Users\vtorr\.gradle\caches\modules-2\files-2.1\net.java.dev.jna\jna\5.14.0\67bf3eaea4f0718cb376a181a629e5f88fa1c9dd\jna-5.14.0.jar to classpath.
[22:23:18] [main/DEBUG] (FabricLoader/Knot) Adding C:\Users\vtorr\.gradle\caches\modules-2\files-2.1\net.sf.jopt-simple\jopt-simple\5.0.4\4fdac2fbe92dfad86aa6e9301736f6b4342a3f5c\jopt-simple-5.0.4.jar to classpath.
[22:23:18] [main/DEBUG] (FabricLoader/Knot) Adding C:\Users\vtorr\.gradle\caches\modules-2\files-2.1\org.apache.commons\commons-compress\1.26.0\659feffdd12280201c8aacb8f7be94f9a883c824\commons-compress-1.26.0.jar to classpath.
[22:23:18] [main/DEBUG] (FabricLoader/Knot) Adding C:\Users\vtorr\.gradle\caches\modules-2\files-2.1\org.apache.commons\commons-lang3\3.14.0\1ed471194b02f2c6cb734a0cd6f6f107c673afae\commons-lang3-3.14.0.jar to classpath.
[22:23:18] [main/DEBUG] (FabricLoader/Knot) Adding C:\Users\vtorr\.gradle\caches\modules-2\files-2.1\org.apache.httpcomponents\httpclient\4.5.13\e5f6cae5ca7ecaac1ec2827a9e2d65ae2869cada\httpclient-4.5.13.jar to classpath.
[22:23:18] [main/DEBUG] (FabricLoader/Knot) Adding C:\Users\vtorr\.gradle\caches\modules-2\files-2.1\org.apache.httpcomponents\httpcore\4.4.16\51cf043c87253c9f58b539c9f7e44c8894223850\httpcore-4.4.16.jar to classpath.
[22:23:18] [main/DEBUG] (FabricLoader/Knot) Adding C:\Users\vtorr\.gradle\caches\modules-2\files-2.1\org.jcraft\jorbis\0.0.17\8872d22b293e8f5d7d56ff92be966e6dc28ebdc6\jorbis-0.0.17.jar to classpath.
[22:23:18] [main/DEBUG] (FabricLoader/Knot) Adding C:\Users\vtorr\.gradle\caches\modules-2\files-2.1\org.joml\joml\1.10.5\22566d58af70ad3d72308bab63b8339906deb649\joml-1.10.5.jar to classpath.
[22:23:18] [main/DEBUG] (FabricLoader/Knot) Adding C:\Users\vtorr\.gradle\caches\modules-2\files-2.1\org.lwjgl\lwjgl-freetype\3.3.3\a0db6c84a8becc8ca05f9dbfa985edc348a824c7\lwjgl-freetype-3.3.3.jar to classpath.
[22:23:18] [main/DEBUG] (FabricLoader/Knot) Adding C:\Users\vtorr\.gradle\caches\modules-2\files-2.1\org.lwjgl\lwjgl-freetype\3.3.3\81091b006dbb43fab04c8c638e9ac87c51b4096d\lwjgl-freetype-3.3.3-natives-windows.jar to classpath.
[22:23:18] [main/DEBUG] (FabricLoader/Knot) Adding C:\Users\vtorr\.gradle\caches\modules-2\files-2.1\org.lwjgl\lwjgl-freetype\3.3.3\82028265a0a2ff33523ca75137ada7dc176e5210\lwjgl-freetype-3.3.3-natives-windows-arm64.jar to classpath.
[22:23:18] [main/DEBUG] (FabricLoader/Knot) Adding C:\Users\vtorr\.gradle\caches\modules-2\files-2.1\org.lwjgl\lwjgl-freetype\3.3.3\15a8c1de7f51d07a92eae7ce1222557073a0c0c3\lwjgl-freetype-3.3.3-natives-windows-x86.jar to classpath.
[22:23:18] [main/DEBUG] (FabricLoader/Knot) Adding C:\Users\vtorr\.gradle\caches\modules-2\files-2.1\org.lwjgl\lwjgl-glfw\3.3.3\efa1eb78c5ccd840e9f329717109b5e892d72f8e\lwjgl-glfw-3.3.3.jar to classpath.
[22:23:18] [main/DEBUG] (FabricLoader/Knot) Adding C:\Users\vtorr\.gradle\caches\modules-2\files-2.1\org.lwjgl\lwjgl-glfw\3.3.3\e449e28b4891fc423c54c85fbc5bb0b9efece67a\lwjgl-glfw-3.3.3-natives-windows.jar to classpath.
[22:23:18] [main/DEBUG] (FabricLoader/Knot) Adding C:\Users\vtorr\.gradle\caches\modules-2\files-2.1\org.lwjgl\lwjgl-glfw\3.3.3\f27018dc74f6289574502b46cce55d52817554e2\lwjgl-glfw-3.3.3-natives-windows-arm64.jar to classpath.
[22:23:18] [main/DEBUG] (FabricLoader/Knot) Adding C:\Users\vtorr\.gradle\caches\modules-2\files-2.1\org.lwjgl\lwjgl-glfw\3.3.3\32334f3fd5270a59bad9939a93115acb6de36dcf\lwjgl-glfw-3.3.3-natives-windows-x86.jar to classpath.
[22:23:18] [main/DEBUG] (FabricLoader/Knot) Adding C:\Users\vtorr\.gradle\caches\modules-2\files-2.1\org.lwjgl\lwjgl-jemalloc\3.3.3\b543467b7ff3c6920539a88ee602d34098628be5\lwjgl-jemalloc-3.3.3.jar to classpath.
[22:23:18] [main/DEBUG] (FabricLoader/Knot) Adding C:\Users\vtorr\.gradle\caches\modules-2\files-2.1\org.lwjgl\lwjgl-jemalloc\3.3.3\426222fc027602a5f21b9c0fe79cde6a4c7a011f\lwjgl-jemalloc-3.3.3-natives-windows.jar to classpath.
[22:23:18] [main/DEBUG] (FabricLoader/Knot) Adding C:\Users\vtorr\.gradle\caches\modules-2\files-2.1\org.lwjgl\lwjgl-jemalloc\3.3.3\ba1f3fed0ee4be0217eaa41c5bbfb4b9b1383c33\lwjgl-jemalloc-3.3.3-natives-windows-arm64.jar to classpath.
[22:23:18] [main/DEBUG] (FabricLoader/Knot) Adding C:\Users\vtorr\.gradle\caches\modules-2\files-2.1\org.lwjgl\lwjgl-jemalloc\3.3.3\f6063b6e0f23be483c5c88d84ce51b39dc69126c\lwjgl-jemalloc-3.3.3-natives-windows-x86.jar to classpath.
[22:23:18] [main/DEBUG] (FabricLoader/Knot) Adding C:\Users\vtorr\.gradle\caches\modules-2\files-2.1\org.lwjgl\lwjgl-openal\3.3.3\daada81ceb5fc0c291fbfdd4433cb8d9423577f2\lwjgl-openal-3.3.3.jar to classpath.
[22:23:18] [main/DEBUG] (FabricLoader/Knot) Adding C:\Users\vtorr\.gradle\caches\modules-2\files-2.1\org.lwjgl\lwjgl-openal\3.3.3\cf83862ae95d98496b26915024c7e666d8ab1c8f\lwjgl-openal-3.3.3-natives-windows.jar to classpath.
[22:23:18] [main/DEBUG] (FabricLoader/Knot) Adding C:\Users\vtorr\.gradle\caches\modules-2\files-2.1\org.lwjgl\lwjgl-openal\3.3.3\8e0615235116b9e4160dfe87bec90f5f6378bf72\lwjgl-openal-3.3.3-natives-windows-arm64.jar to classpath.
[22:23:18] [main/DEBUG] (FabricLoader/Knot) Adding C:\Users\vtorr\.gradle\caches\modules-2\files-2.1\org.lwjgl\lwjgl-openal\3.3.3\87b8d5050e3adb46bb58fe1cb2669a4a48fce10d\lwjgl-openal-3.3.3-natives-windows-x86.jar to classpath.
[22:23:18] [main/DEBUG] (FabricLoader/Knot) Adding C:\Users\vtorr\.gradle\caches\modules-2\files-2.1\org.lwjgl\lwjgl-opengl\3.3.3\2f6b0147078396a58979125a4c947664e98293a\lwjgl-opengl-3.3.3.jar to classpath.
[22:23:18] [main/DEBUG] (FabricLoader/Knot) Adding C:\Users\vtorr\.gradle\caches\modules-2\files-2.1\org.lwjgl\lwjgl-opengl\3.3.3\e6c1eec8be8a71951b830a4d69efc01c6531900c\lwjgl-opengl-3.3.3-natives-windows.jar to classpath.
[22:23:18] [main/DEBUG] (FabricLoader/Knot) Adding C:\Users\vtorr\.gradle\caches\modules-2\files-2.1\org.lwjgl\lwjgl-opengl\3.3.3\65e956d3735a1abdc82eff4baec1b61174697d4b\lwjgl-opengl-3.3.3-natives-windows-arm64.jar to classpath.
[22:23:18] [main/DEBUG] (FabricLoader/Knot) Adding C:\Users\vtorr\.gradle\caches\modules-2\files-2.1\org.lwjgl\lwjgl-opengl\3.3.3\d32d833dcaa2f355a886eaf21f0408b5f03241d\lwjgl-opengl-3.3.3-natives-windows-x86.jar to classpath.
[22:23:18] [main/DEBUG] (FabricLoader/Knot) Adding C:\Users\vtorr\.gradle\caches\modules-2\files-2.1\org.lwjgl\lwjgl-stb\3.3.3\25dd6161988d7e65f71d5065c99902402ee32746\lwjgl-stb-3.3.3.jar to classpath.
[22:23:18] [main/DEBUG] (FabricLoader/Knot) Adding C:\Users\vtorr\.gradle\caches\modules-2\files-2.1\org.lwjgl\lwjgl-stb\3.3.3\1d9facdf6541de114b0f963be33505b7679c78cb\lwjgl-stb-3.3.3-natives-windows.jar to classpath.
[22:23:18] [main/DEBUG] (FabricLoader/Knot) Adding C:\Users\vtorr\.gradle\caches\modules-2\files-2.1\org.lwjgl\lwjgl-stb\3.3.3\a584ab44de569708871f0a79561f4d8c37487f2c\lwjgl-stb-3.3.3-natives-windows-arm64.jar to classpath.
[22:23:18] [main/DEBUG] (FabricLoader/Knot) Adding C:\Users\vtorr\.gradle\caches\modules-2\files-2.1\org.lwjgl\lwjgl-stb\3.3.3\b5c874687b9aac1a936501d4ed2c49567fd1b575\lwjgl-stb-3.3.3-natives-windows-x86.jar to classpath.
[22:23:18] [main/DEBUG] (FabricLoader/Knot) Adding C:\Users\vtorr\.gradle\caches\modules-2\files-2.1\org.lwjgl\lwjgl-tinyfd\3.3.3\82d755ca94b102e9ca77283b9e2dc46d1b15fbe5\lwjgl-tinyfd-3.3.3.jar to classpath.
[22:23:18] [main/DEBUG] (FabricLoader/Knot) Adding C:\Users\vtorr\.gradle\caches\modules-2\files-2.1\org.lwjgl\lwjgl-tinyfd\3.3.3\a6697981b0449a5087c1d546fc08b4f73e8f98c9\lwjgl-tinyfd-3.3.3-natives-windows.jar to classpath.
[22:23:18] [main/DEBUG] (FabricLoader/Knot) Adding C:\Users\vtorr\.gradle\caches\modules-2\files-2.1\org.lwjgl\lwjgl-tinyfd\3.3.3\a88c494f3006eb91a7433b12a3a55a9a6c20788b\lwjgl-tinyfd-3.3.3-natives-windows-arm64.jar to classpath.
[22:23:18] [main/DEBUG] (FabricLoader/Knot) Adding C:\Users\vtorr\.gradle\caches\modules-2\files-2.1\org.lwjgl\lwjgl-tinyfd\3.3.3\c336c84ee88cccb495c6ffa112395509e7378e8a\lwjgl-tinyfd-3.3.3-natives-windows-x86.jar to classpath.
[22:23:18] [main/DEBUG] (FabricLoader/Knot) Adding C:\Users\vtorr\.gradle\caches\modules-2\files-2.1\org.lwjgl\lwjgl\3.3.3\29589b5f87ed335a6c7e7ee6a5775f81f97ecb84\lwjgl-3.3.3.jar to classpath.
[22:23:18] [main/DEBUG] (FabricLoader/Knot) Adding C:\Users\vtorr\.gradle\caches\modules-2\files-2.1\org.lwjgl\lwjgl\3.3.3\a5ed18a2b82fc91b81f40d717cb1f64c9dcb0540\lwjgl-3.3.3-natives-windows.jar to classpath.
[22:23:18] [main/DEBUG] (FabricLoader/Knot) Adding C:\Users\vtorr\.gradle\caches\modules-2\files-2.1\org.lwjgl\lwjgl\3.3.3\e9aca8c5479b520a2a7f0d542a118140e812c5e8\lwjgl-3.3.3-natives-windows-arm64.jar to classpath.
[22:23:18] [main/DEBUG] (FabricLoader/Knot) Adding C:\Users\vtorr\.gradle\caches\modules-2\files-2.1\org.lwjgl\lwjgl\3.3.3\9e670718e050aeaeea0c2d5b907cffb142f2e58f\lwjgl-3.3.3-natives-windows-x86.jar to classpath.
[22:23:18] [main/DEBUG] (FabricLoader/Knot) Adding C:\Users\vtorr\.gradle\caches\modules-2\files-2.1\org.lz4\lz4-java\1.8.0\4b986a99445e49ea5fbf5d149c4b63f6ed6c6780\lz4-java-1.8.0.jar to classpath.
[22:23:18] [main/DEBUG] (FabricLoader/Knot) Adding C:\Users\vtorr\.gradle\caches\modules-2\files-2.1\io.netty\netty-transport-native-epoll\4.1.97.Final\54188f271e388e7f313aea995e82f58ce2cdb809\netty-transport-native-epoll-4.1.97.Final-linux-x86_64.jar to classpath.
[22:23:18] [main/DEBUG] (FabricLoader/Knot) Adding C:\Users\vtorr\.gradle\caches\modules-2\files-2.1\io.netty\netty-transport-native-epoll\4.1.97.Final\5514744c588190ffda076b35a9b8c9f24946a960\netty-transport-native-epoll-4.1.97.Final-linux-aarch_64.jar to classpath.
[22:23:18] [main/DEBUG] (FabricLoader/Knot) Adding C:\Users\vtorr\IdeaProjects\BetterPlayerLocatorBar\.gradle\loom-cache\remapped_mods\remapped\io\github\bichal\bichal-utils-06736ed2\0.1-BETA\bichal-utils-06736ed2-0.1-BETA.jar to classpath.
[22:23:18] [main/DEBUG] (FabricLoader/Knot) Adding C:\Users\vtorr\IdeaProjects\BetterPlayerLocatorBar\.gradle\loom-cache\remapped_mods\remapped\net\fabricmc\fabric-api\fabric-api-06736ed2\0.100.8+1.20.6\fabric-api-06736ed2-0.100.8+1.20.6.jar to classpath.
[22:23:18] [main/DEBUG] (FabricLoader/Knot) Adding C:\Users\vtorr\IdeaProjects\BetterPlayerLocatorBar\.gradle\loom-cache\remapped_mods\remapped\net\fabricmc\fabric-api\fabric-transfer-api-v1-06736ed2\5.1.7+7fc4b352b0\fabric-transfer-api-v1-06736ed2-5.1.7+7fc4b352b0.jar to classpath.
[22:23:18] [main/DEBUG] (FabricLoader/Knot) Adding C:\Users\vtorr\IdeaProjects\BetterPlayerLocatorBar\.gradle\loom-cache\remapped_mods\remapped\net\fabricmc\fabric-api\fabric-api-lookup-api-v1-06736ed2\1.6.59+e9d2a72bb0\fabric-api-lookup-api-v1-06736ed2-1.6.59+e9d2a72bb0.jar to classpath.
[22:23:18] [main/DEBUG] (FabricLoader/Knot) Adding C:\Users\vtorr\IdeaProjects\BetterPlayerLocatorBar\.gradle\loom-cache\remapped_mods\remapped\net\fabricmc\fabric-api\fabric-blockrenderlayer-v1-06736ed2\1.1.50+80f8cf51b0\fabric-blockrenderlayer-v1-06736ed2-1.1.50+80f8cf51b0.jar to classpath.
[22:23:18] [main/DEBUG] (FabricLoader/Knot) Adding C:\Users\vtorr\IdeaProjects\BetterPlayerLocatorBar\.gradle\loom-cache\remapped_mods\remapped\net\fabricmc\fabric-api\fabric-client-tags-api-v1-06736ed2\1.1.12+7f945d5bb0\fabric-client-tags-api-v1-06736ed2-1.1.12+7f945d5bb0.jar to classpath.
[22:23:18] [main/DEBUG] (FabricLoader/Knot) Adding C:\Users\vtorr\IdeaProjects\BetterPlayerLocatorBar\.gradle\loom-cache\remapped_mods\remapped\net\fabricmc\fabric-api\fabric-command-api-v1-06736ed2\1.2.45+f71b366fb0\fabric-command-api-v1-06736ed2-1.2.45+f71b366fb0.jar to classpath.
[22:23:18] [main/DEBUG] (FabricLoader/Knot) Adding C:\Users\vtorr\IdeaProjects\BetterPlayerLocatorBar\.gradle\loom-cache\remapped_mods\remapped\net\fabricmc\fabric-api\fabric-commands-v0-06736ed2\0.2.62+df3654b3b0\fabric-commands-v0-06736ed2-0.2.62+df3654b3b0.jar to classpath.
[22:23:18] [main/DEBUG] (FabricLoader/Knot) Adding C:\Users\vtorr\IdeaProjects\BetterPlayerLocatorBar\.gradle\loom-cache\remapped_mods\remapped\net\fabricmc\fabric-api\fabric-command-api-v2-06736ed2\2.2.24+80f8cf51b0\fabric-command-api-v2-06736ed2-2.2.24+80f8cf51b0.jar to classpath.
[22:23:18] [main/DEBUG] (FabricLoader/Knot) Adding C:\Users\vtorr\IdeaProjects\BetterPlayerLocatorBar\.gradle\loom-cache\remapped_mods\remapped\net\fabricmc\fabric-api\fabric-content-registries-v0-06736ed2\8.0.6+b82b2392b0\fabric-content-registries-v0-06736ed2-8.0.6+b82b2392b0.jar to classpath.
[22:23:18] [main/DEBUG] (FabricLoader/Knot) Adding C:\Users\vtorr\IdeaProjects\BetterPlayerLocatorBar\.gradle\loom-cache\remapped_mods\remapped\net\fabricmc\fabric-api\fabric-data-generation-api-v1-06736ed2\19.2.5+a5d5299db0\fabric-data-generation-api-v1-06736ed2-19.2.5+a5d5299db0.jar to classpath.
[22:23:18] [main/DEBUG] (FabricLoader/Knot) Adding C:\Users\vtorr\IdeaProjects\BetterPlayerLocatorBar\.gradle\loom-cache\remapped_mods\remapped\net\fabricmc\fabric-api\fabric-convention-tags-v1-06736ed2\2.0.7+7f945d5bb0\fabric-convention-tags-v1-06736ed2-2.0.7+7f945d5bb0.jar to classpath.
[22:23:18] [main/DEBUG] (FabricLoader/Knot) Adding C:\Users\vtorr\IdeaProjects\BetterPlayerLocatorBar\.gradle\loom-cache\remapped_mods\remapped\net\fabricmc\fabric-api\fabric-convention-tags-v2-06736ed2\2.1.3+f4bfb622b0\fabric-convention-tags-v2-06736ed2-2.1.3+f4bfb622b0.jar to classpath.
[22:23:18] [main/DEBUG] (FabricLoader/Knot) Adding C:\Users\vtorr\IdeaProjects\BetterPlayerLocatorBar\.gradle\loom-cache\remapped_mods\remapped\net\fabricmc\fabric-api\fabric-data-attachment-api-v1-06736ed2\1.1.17+2a2c66b6b0\fabric-data-attachment-api-v1-06736ed2-1.1.17+2a2c66b6b0.jar to classpath.
[22:23:18] [main/DEBUG] (FabricLoader/Knot) Adding C:\Users\vtorr\IdeaProjects\BetterPlayerLocatorBar\.gradle\loom-cache\remapped_mods\remapped\net\fabricmc\fabric-api\fabric-dimensions-v1-06736ed2\2.1.68+94793913b0\fabric-dimensions-v1-06736ed2-2.1.68+94793913b0.jar to classpath.
[22:23:18] [main/DEBUG] (FabricLoader/Knot) Adding C:\Users\vtorr\IdeaProjects\BetterPlayerLocatorBar\.gradle\loom-cache\remapped_mods\remapped\net\fabricmc\fabric-api\fabric-entity-events-v1-06736ed2\1.6.8+e9d2a72bb0\fabric-entity-events-v1-06736ed2-1.6.8+e9d2a72bb0.jar to classpath.
[22:23:18] [main/DEBUG] (FabricLoader/Knot) Adding C:\Users\vtorr\IdeaProjects\BetterPlayerLocatorBar\.gradle\loom-cache\remapped_mods\remapped\net\fabricmc\fabric-api\fabric-events-interaction-v0-06736ed2\0.7.6+c5fc38b3b0\fabric-events-interaction-v0-06736ed2-0.7.6+c5fc38b3b0.jar to classpath.
[22:23:18] [main/DEBUG] (FabricLoader/Knot) Adding C:\Users\vtorr\IdeaProjects\BetterPlayerLocatorBar\.gradle\loom-cache\remapped_mods\remapped\net\fabricmc\fabric-api\fabric-gametest-api-v1-06736ed2\1.3.18+1172e897b0\fabric-gametest-api-v1-06736ed2-1.3.18+1172e897b0.jar to classpath.
[22:23:18] [main/DEBUG] (FabricLoader/Knot) Adding C:\Users\vtorr\IdeaProjects\BetterPlayerLocatorBar\.gradle\loom-cache\remapped_mods\remapped\net\fabricmc\fabric-api\fabric-item-api-v1-06736ed2\8.2.3+6e5bbc4ab0\fabric-item-api-v1-06736ed2-8.2.3+6e5bbc4ab0.jar to classpath.
[22:23:18] [main/DEBUG] (FabricLoader/Knot) Adding C:\Users\vtorr\IdeaProjects\BetterPlayerLocatorBar\.gradle\loom-cache\remapped_mods\remapped\net\fabricmc\fabric-api\fabric-item-group-api-v1-06736ed2\4.1.1+f4bfb622b0\fabric-item-group-api-v1-06736ed2-4.1.1+f4bfb622b0.jar to classpath.
[22:23:18] [main/DEBUG] (FabricLoader/Knot) Adding C:\Users\vtorr\IdeaProjects\BetterPlayerLocatorBar\.gradle\loom-cache\remapped_mods\remapped\net\fabricmc\fabric-api\fabric-lifecycle-events-v1-06736ed2\2.3.4+c5fc38b3b0\fabric-lifecycle-events-v1-06736ed2-2.3.4+c5fc38b3b0.jar to classpath.
[22:23:18] [main/DEBUG] (FabricLoader/Knot) Adding C:\Users\vtorr\IdeaProjects\BetterPlayerLocatorBar\.gradle\loom-cache\remapped_mods\remapped\net\fabricmc\fabric-api\fabric-loot-api-v2-06736ed2\3.0.6+97f703dab0\fabric-loot-api-v2-06736ed2-3.0.6+97f703dab0.jar to classpath.
[22:23:18] [main/DEBUG] (FabricLoader/Knot) Adding C:\Users\vtorr\IdeaProjects\BetterPlayerLocatorBar\.gradle\loom-cache\remapped_mods\remapped\net\fabricmc\fabric-api\fabric-message-api-v1-06736ed2\6.0.11+a7dc0e41b0\fabric-message-api-v1-06736ed2-6.0.11+a7dc0e41b0.jar to classpath.
[22:23:18] [main/DEBUG] (FabricLoader/Knot) Adding C:\Users\vtorr\IdeaProjects\BetterPlayerLocatorBar\.gradle\loom-cache\remapped_mods\remapped\net\fabricmc\fabric-api\fabric-models-v0-06736ed2\0.4.11+9386d8a7b0\fabric-models-v0-06736ed2-0.4.11+9386d8a7b0.jar to classpath.
[22:23:18] [main/DEBUG] (FabricLoader/Knot) Adding C:\Users\vtorr\IdeaProjects\BetterPlayerLocatorBar\.gradle\loom-cache\remapped_mods\remapped\net\fabricmc\fabric-api\fabric-model-loading-api-v1-06736ed2\1.0.12+80f8cf51b0\fabric-model-loading-api-v1-06736ed2-1.0.12+80f8cf51b0.jar to classpath.
[22:23:18] [main/DEBUG] (FabricLoader/Knot) Adding C:\Users\vtorr\IdeaProjects\BetterPlayerLocatorBar\.gradle\loom-cache\remapped_mods\remapped\net\fabricmc\fabric-api\fabric-recipe-api-v1-06736ed2\5.0.6+9c745bbbb0\fabric-recipe-api-v1-06736ed2-5.0.6+9c745bbbb0.jar to classpath.
[22:23:18] [main/DEBUG] (FabricLoader/Knot) Adding C:\Users\vtorr\IdeaProjects\BetterPlayerLocatorBar\.gradle\loom-cache\remapped_mods\remapped\net\fabricmc\fabric-api\fabric-screen-handler-api-v1-06736ed2\1.3.76+8c7b71c2b0\fabric-screen-handler-api-v1-06736ed2-1.3.76+8c7b71c2b0.jar to classpath.
[22:23:18] [main/DEBUG] (FabricLoader/Knot) Adding C:\Users\vtorr\IdeaProjects\BetterPlayerLocatorBar\.gradle\loom-cache\remapped_mods\remapped\net\fabricmc\fabric-api\fabric-registry-sync-v0-06736ed2\5.0.19+c7d49fa1b0\fabric-registry-sync-v0-06736ed2-5.0.19+c7d49fa1b0.jar to classpath.
[22:23:18] [main/DEBUG] (FabricLoader/Knot) Adding C:\Users\vtorr\IdeaProjects\BetterPlayerLocatorBar\.gradle\loom-cache\remapped_mods\remapped\net\fabricmc\fabric-api\fabric-networking-api-v1-06736ed2\4.2.0+a916f7c5b0\fabric-networking-api-v1-06736ed2-4.2.0+a916f7c5b0.jar to classpath.
[22:23:18] [main/DEBUG] (FabricLoader/Knot) Adding C:\Users\vtorr\IdeaProjects\BetterPlayerLocatorBar\.gradle\loom-cache\remapped_mods\remapped\net\fabricmc\fabric-api\fabric-object-builder-api-v1-06736ed2\15.1.5+c5fc38b3b0\fabric-object-builder-api-v1-06736ed2-15.1.5+c5fc38b3b0.jar to classpath.
[22:23:18] [main/DEBUG] (FabricLoader/Knot) Adding C:\Users\vtorr\IdeaProjects\BetterPlayerLocatorBar\.gradle\loom-cache\remapped_mods\remapped\net\fabricmc\fabric-api\fabric-particles-v1-06736ed2\4.0.0+c5fc38b3b0\fabric-particles-v1-06736ed2-4.0.0+c5fc38b3b0.jar to classpath.
[22:23:18] [main/DEBUG] (FabricLoader/Knot) Adding C:\Users\vtorr\IdeaProjects\BetterPlayerLocatorBar\.gradle\loom-cache\remapped_mods\remapped\net\fabricmc\fabric-api\fabric-renderer-indigo-06736ed2\1.5.15+41791025b0\fabric-renderer-indigo-06736ed2-1.5.15+41791025b0.jar to classpath.
[22:23:18] [main/DEBUG] (FabricLoader/Knot) Adding C:\Users\vtorr\IdeaProjects\BetterPlayerLocatorBar\.gradle\loom-cache\remapped_mods\remapped\net\fabricmc\fabric-api\fabric-renderer-api-v1-06736ed2\3.3.0+81dac6a1b0\fabric-renderer-api-v1-06736ed2-3.3.0+81dac6a1b0.jar to classpath.
[22:23:18] [main/DEBUG] (FabricLoader/Knot) Adding C:\Users\vtorr\IdeaProjects\BetterPlayerLocatorBar\.gradle\loom-cache\remapped_mods\remapped\net\fabricmc\fabric-api\fabric-rendering-fluids-v1-06736ed2\3.1.3+2c869dedb0\fabric-rendering-fluids-v1-06736ed2-3.1.3+2c869dedb0.jar to classpath.
[22:23:18] [main/DEBUG] (FabricLoader/Knot) Adding C:\Users\vtorr\IdeaProjects\BetterPlayerLocatorBar\.gradle\loom-cache\remapped_mods\remapped\net\fabricmc\fabric-api\fabric-renderer-registries-v1-06736ed2\3.2.62+df3654b3b0\fabric-renderer-registries-v1-06736ed2-3.2.62+df3654b3b0.jar to classpath.
[22:23:18] [main/DEBUG] (FabricLoader/Knot) Adding C:\Users\vtorr\IdeaProjects\BetterPlayerLocatorBar\.gradle\loom-cache\remapped_mods\remapped\net\fabricmc\fabric-api\fabric-rendering-v0-06736ed2\1.1.65+df3654b3b0\fabric-rendering-v0-06736ed2-1.1.65+df3654b3b0.jar to classpath.
[22:23:18] [main/DEBUG] (FabricLoader/Knot) Adding C:\Users\vtorr\IdeaProjects\BetterPlayerLocatorBar\.gradle\loom-cache\remapped_mods\remapped\net\fabricmc\fabric-api\fabric-rendering-v1-06736ed2\4.2.5+850ef40bb0\fabric-rendering-v1-06736ed2-4.2.5+850ef40bb0.jar to classpath.
[22:23:18] [main/DEBUG] (FabricLoader/Knot) Adding C:\Users\vtorr\IdeaProjects\BetterPlayerLocatorBar\.gradle\loom-cache\remapped_mods\remapped\net\fabricmc\fabric-api\fabric-screen-api-v1-06736ed2\2.0.21+7b70ea8ab0\fabric-screen-api-v1-06736ed2-2.0.21+7b70ea8ab0.jar to classpath.
[22:23:18] [main/DEBUG] (FabricLoader/Knot) Adding C:\Users\vtorr\IdeaProjects\BetterPlayerLocatorBar\.gradle\loom-cache\remapped_mods\remapped\net\fabricmc\fabric-api\fabric-api-base-06736ed2\0.4.40+80f8cf51b0\fabric-api-base-06736ed2-0.4.40+80f8cf51b0.jar to classpath.
[22:23:18] [main/DEBUG] (FabricLoader/Knot) Adding C:\Users\vtorr\IdeaProjects\BetterPlayerLocatorBar\.gradle\loom-cache\remapped_mods\remapped\net\fabricmc\fabric-api\fabric-biome-api-v1-06736ed2\13.0.25+be5d88beb0\fabric-biome-api-v1-06736ed2-13.0.25+be5d88beb0.jar to classpath.
[22:23:18] [main/DEBUG] (FabricLoader/Knot) Adding C:\Users\vtorr\IdeaProjects\BetterPlayerLocatorBar\.gradle\loom-cache\remapped_mods\remapped\net\fabricmc\fabric-api\fabric-block-api-v1-06736ed2\1.0.20+6dfe4c9bb0\fabric-block-api-v1-06736ed2-1.0.20+6dfe4c9bb0.jar to classpath.
[22:23:18] [main/DEBUG] (FabricLoader/Knot) Adding C:\Users\vtorr\IdeaProjects\BetterPlayerLocatorBar\.gradle\loom-cache\remapped_mods\remapped\net\fabricmc\fabric-api\fabric-rendering-data-attachment-v1-06736ed2\0.3.46+73761d2eb0\fabric-rendering-data-attachment-v1-06736ed2-0.3.46+73761d2eb0.jar to classpath.
[22:23:18] [main/DEBUG] (FabricLoader/Knot) Adding C:\Users\vtorr\IdeaProjects\BetterPlayerLocatorBar\.gradle\loom-cache\remapped_mods\remapped\net\fabricmc\fabric-api\fabric-block-view-api-v2-06736ed2\1.0.8+80f8cf51b0\fabric-block-view-api-v2-06736ed2-1.0.8+80f8cf51b0.jar to classpath.
[22:23:18] [main/DEBUG] (FabricLoader/Knot) Adding C:\Users\vtorr\IdeaProjects\BetterPlayerLocatorBar\.gradle\loom-cache\remapped_mods\remapped\net\fabricmc\fabric-api\fabric-crash-report-info-v1-06736ed2\0.2.27+80f8cf51b0\fabric-crash-report-info-v1-06736ed2-0.2.27+80f8cf51b0.jar to classpath.
[22:23:18] [main/DEBUG] (FabricLoader/Knot) Adding C:\Users\vtorr\IdeaProjects\BetterPlayerLocatorBar\.gradle\loom-cache\remapped_mods\remapped\net\fabricmc\fabric-api\fabric-game-rule-api-v1-06736ed2\1.0.50+80f8cf51b0\fabric-game-rule-api-v1-06736ed2-1.0.50+80f8cf51b0.jar to classpath.
[22:23:18] [main/DEBUG] (FabricLoader/Knot) Adding C:\Users\vtorr\IdeaProjects\BetterPlayerLocatorBar\.gradle\loom-cache\remapped_mods\remapped\net\fabricmc\fabric-api\fabric-keybindings-v0-06736ed2\0.2.43+df3654b3b0\fabric-keybindings-v0-06736ed2-0.2.43+df3654b3b0.jar to classpath.
[22:23:18] [main/DEBUG] (FabricLoader/Knot) Adding C:\Users\vtorr\IdeaProjects\BetterPlayerLocatorBar\.gradle\loom-cache\remapped_mods\remapped\net\fabricmc\fabric-api\fabric-key-binding-api-v1-06736ed2\1.0.45+80f8cf51b0\fabric-key-binding-api-v1-06736ed2-1.0.45+80f8cf51b0.jar to classpath.
[22:23:18] [main/DEBUG] (FabricLoader/Knot) Adding C:\Users\vtorr\IdeaProjects\BetterPlayerLocatorBar\.gradle\loom-cache\remapped_mods\remapped\net\fabricmc\fabric-api\fabric-resource-conditions-api-v1-06736ed2\4.2.0+a5d5299db0\fabric-resource-conditions-api-v1-06736ed2-4.2.0+a5d5299db0.jar to classpath.
[22:23:18] [main/DEBUG] (FabricLoader/Knot) Adding C:\Users\vtorr\IdeaProjects\BetterPlayerLocatorBar\.gradle\loom-cache\remapped_mods\remapped\net\fabricmc\fabric-api\fabric-resource-loader-v0-06736ed2\1.1.1+f4bfb622b0\fabric-resource-loader-v0-06736ed2-1.1.1+f4bfb622b0.jar to classpath.
[22:23:18] [main/DEBUG] (FabricLoader/Knot) Adding C:\Users\vtorr\IdeaProjects\BetterPlayerLocatorBar\.gradle\loom-cache\remapped_mods\remapped\net\fabricmc\fabric-api\fabric-sound-api-v1-06736ed2\1.0.21+c5fc38b3b0\fabric-sound-api-v1-06736ed2-1.0.21+c5fc38b3b0.jar to classpath.
[22:23:18] [main/DEBUG] (FabricLoader/Knot) Adding C:\Users\vtorr\IdeaProjects\BetterPlayerLocatorBar\.gradle\loom-cache\remapped_mods\remapped\net\fabricmc\fabric-api\fabric-transitive-access-wideners-v1-06736ed2\6.0.10+74e2f560b0\fabric-transitive-access-wideners-v1-06736ed2-6.0.10+74e2f560b0.jar to classpath.
[22:23:18] [main/DEBUG] (FabricLoader/Knot) Adding C:\Users\vtorr\IdeaProjects\BetterPlayerLocatorBar\.gradle\loom-cache\remapped_mods\remapped\com\terraformersmc\modmenu-06736ed2\10.0.0\modmenu-06736ed2-10.0.0.jar to classpath.
[22:23:18] [main/DEBUG] (FabricLoader/Entrypoint) No subscribers for entrypoint 'preLaunch'
[22:23:18] [main/DEBUG] (FabricLoader/Mixin) Preparing mixins for MixinEnvironment[DEFAULT]
[22:23:18] [main/DEBUG] (FabricLoader/Mixin) Selecting config fabric-crash-report-info-v1.mixins.json
[22:23:18] [main/DEBUG] (FabricLoader/Mixin) Remapping refMap fabric-crash-report-info-v1-refmap.json using remapper chain
[22:23:18] [main/DEBUG] (FabricLoader/Mixin) Selecting config fabric-object-builder-v1.mixins.json
[22:23:18] [main/DEBUG] (FabricLoader/Mixin) Remapping refMap fabric-object-builder-api-v1-refmap.json using remapper chain
[22:23:18] [main/DEBUG] (FabricLoader/Mixin) Selecting config fabric-object-builder-v1.client.mixins.json
[22:23:18] [main/DEBUG] (FabricLoader/Mixin) Remapping refMap client-fabric-object-builder-api-v1-refmap.json using remapper chain
[22:23:18] [main/DEBUG] (FabricLoader/Mixin) Selecting config fabric-block-api-v1.mixins.json
[22:23:18] [main/DEBUG] (FabricLoader/Mixin) Remapping refMap fabric-block-api-v1-refmap.json using remapper chain
[22:23:18] [main/DEBUG] (FabricLoader/Mixin) Selecting config fabric-convention-tags-api-v2.mixins.json
[22:23:18] [main/DEBUG] (FabricLoader/Mixin) Remapping refMap fabric-convention-tags-v2-refmap.json using remapper chain
[22:23:18] [main/DEBUG] (FabricLoader/Mixin) Selecting config fabric-screen-api-v1.mixins.json
[22:23:18] [main/DEBUG] (FabricLoader/Mixin) Remapping refMap client-fabric-screen-api-v1-refmap.json using remapper chain
[22:23:18] [main/DEBUG] (FabricLoader/Mixin) Selecting config fabric-renderer-indigo.mixins.json
[22:23:18] [main/DEBUG] (FabricLoader/Mixin) Remapping refMap client-fabric-renderer-indigo-refmap.json using remapper chain
[22:23:18] [main/DEBUG] (FabricLoader/Mixin) Selecting config fabric-particles-v1.client.mixins.json
[22:23:18] [main/DEBUG] (FabricLoader/Mixin) Remapping refMap client-fabric-particles-v1-refmap.json using remapper chain
[22:23:18] [main/DEBUG] (FabricLoader/Mixin) Selecting config fabric-rendering-data-attachment-v1.mixins.json
[22:23:18] [main/DEBUG] (FabricLoader/Mixin) Remapping refMap fabric-rendering-data-attachment-v1-refmap.json using remapper chain
[22:23:18] [main/DEBUG] (FabricLoader/Mixin) Selecting config fabric-rendering-data-attachment-v1.client.mixins.json
[22:23:18] [main/DEBUG] (FabricLoader/Mixin) Remapping refMap client-fabric-rendering-data-attachment-v1-refmap.json using remapper chain
[22:23:18] [main/DEBUG] (FabricLoader/Mixin) Selecting config fabric-rendering-v1.mixins.json
[22:23:18] [main/DEBUG] (FabricLoader/Mixin) Remapping refMap client-fabric-rendering-v1-refmap.json using remapper chain
[22:23:18] [main/DEBUG] (FabricLoader/Mixin) Selecting config fabric-block-view-api-v2.mixins.json
[22:23:18] [main/DEBUG] (FabricLoader/Mixin) Remapping refMap fabric-block-view-api-v2-refmap.json using remapper chain
[22:23:18] [main/DEBUG] (FabricLoader/Mixin) Selecting config fabric-block-view-api-v2.client.mixins.json
[22:23:18] [main/DEBUG] (FabricLoader/Mixin) Remapping refMap client-fabric-block-view-api-v2-refmap.json using remapper chain
[22:23:18] [main/DEBUG] (FabricLoader/Mixin) Selecting config fabric-entity-events-v1.mixins.json
[22:23:18] [main/DEBUG] (FabricLoader/Mixin) Remapping refMap fabric-entity-events-v1-refmap.json using remapper chain
[22:23:18] [main/DEBUG] (FabricLoader/Mixin) Selecting config fabric-entity-events-v1.client.mixins.json
[22:23:18] [main/DEBUG] (FabricLoader/Mixin) Remapping refMap client-fabric-entity-events-v1-refmap.json using remapper chain
[22:23:18] [main/DEBUG] (FabricLoader/Mixin) Selecting config fabric-blockrenderlayer-v1.mixins.json
[22:23:18] [main/DEBUG] (FabricLoader/Mixin) Remapping refMap client-fabric-blockrenderlayer-v1-refmap.json using remapper chain
[22:23:18] [main/DEBUG] (FabricLoader/Mixin) Selecting config fabric-item-api-v1.mixins.json
[22:23:18] [main/DEBUG] (FabricLoader/Mixin) Remapping refMap fabric-item-api-v1-refmap.json using remapper chain
[22:23:18] [main/DEBUG] (FabricLoader/Mixin) Selecting config fabric-item-api-v1.client.mixins.json
[22:23:18] [main/DEBUG] (FabricLoader/Mixin) Remapping refMap client-fabric-item-api-v1-refmap.json using remapper chain
[22:23:18] [main/DEBUG] (FabricLoader/Mixin) Selecting config fabric-sound-api-v1.mixins.json
[22:23:18] [main/DEBUG] (FabricLoader/Mixin) Remapping refMap client-fabric-sound-api-v1-refmap.json using remapper chain
[22:23:18] [main/DEBUG] (FabricLoader/Mixin) Selecting config carpet.mixins.json
[22:23:18] [main/DEBUG] (FabricLoader/Mixin) Remapping refMap fabric-carpet-refmap.json using remapper chain
[22:23:18] [main/DEBUG] (FabricLoader/Mixin) Selecting config fabric-dimensions-v1.mixins.json
[22:23:18] [main/DEBUG] (FabricLoader/Mixin) Remapping refMap fabric-dimensions-v1-refmap.json using remapper chain
[22:23:18] [main/DEBUG] (FabricLoader/Mixin) Selecting config fabric-lifecycle-events-v1.mixins.json
[22:23:18] [main/DEBUG] (FabricLoader/Mixin) Remapping refMap fabric-lifecycle-events-v1-refmap.json using remapper chain
[22:23:18] [main/DEBUG] (FabricLoader/Mixin) Selecting config fabric-lifecycle-events-v1.client.mixins.json
[22:23:18] [main/DEBUG] (FabricLoader/Mixin) Remapping refMap client-fabric-lifecycle-events-v1-refmap.json using remapper chain
[22:23:18] [main/DEBUG] (FabricLoader/Mixin) Selecting config fabric-events-interaction-v0.mixins.json
[22:23:18] [main/DEBUG] (FabricLoader/Mixin) Remapping refMap fabric-events-interaction-v0-refmap.json using remapper chain
[22:23:18] [main/DEBUG] (FabricLoader/Mixin) Selecting config fabric-events-interaction-v0.client.mixins.json
[22:23:18] [main/DEBUG] (FabricLoader/Mixin) Remapping refMap client-fabric-events-interaction-v0-refmap.json using remapper chain
[22:23:18] [main/DEBUG] (FabricLoader/Mixin) Selecting config fabric-loot-api-v2.mixins.json
[22:23:18] [main/DEBUG] (FabricLoader/Mixin) Remapping refMap fabric-loot-api-v2-refmap.json using remapper chain
[22:23:18] [main/DEBUG] (FabricLoader/Mixin) Selecting config mixinextras.init.mixins.json
[22:23:18] [main/DEBUG] (FabricLoader/MixinExtras|Service) com.llamalad7.mixinextras.service.MixinExtrasServiceImpl(version=0.5.0) is taking over from null
[22:23:18] [main/DEBUG] (FabricLoader/Mixin) Registering new injector for @Inject with org.spongepowered.asm.mixin.injection.struct.CallbackInjectionInfo
[22:23:18] [main/DEBUG] (FabricLoader/Mixin) Registering new injector for @ModifyArg with org.spongepowered.asm.mixin.injection.struct.ModifyArgInjectionInfo
[22:23:18] [main/DEBUG] (FabricLoader/Mixin) Registering new injector for @ModifyArgs with org.spongepowered.asm.mixin.injection.struct.ModifyArgsInjectionInfo
[22:23:18] [main/DEBUG] (FabricLoader/Mixin) Registering new injector for @Redirect with org.spongepowered.asm.mixin.injection.struct.RedirectInjectionInfo
[22:23:18] [main/DEBUG] (FabricLoader/Mixin) Registering new injector for @ModifyVariable with org.spongepowered.asm.mixin.injection.struct.ModifyVariableInjectionInfo
[22:23:18] [main/DEBUG] (FabricLoader/Mixin) Registering new injector for @ModifyConstant with org.spongepowered.asm.mixin.injection.struct.ModifyConstantInjectionInfo
[22:23:18] [main/DEBUG] (FabricLoader/Mixin) Selecting config fabric-transfer-api-v1.mixins.json
[22:23:18] [main/DEBUG] (FabricLoader/Mixin) Remapping refMap fabric-transfer-api-v1-refmap.json using remapper chain
[22:23:18] [main/DEBUG] (FabricLoader/Mixin) Selecting config fabric-item-group-api-v1.mixins.json
[22:23:18] [main/DEBUG] (FabricLoader/Mixin) Remapping refMap fabric-item-group-api-v1-refmap.json using remapper chain
[22:23:18] [main/DEBUG] (FabricLoader/Mixin) Selecting config fabric-item-group-api-v1.client.mixins.json
[22:23:18] [main/DEBUG] (FabricLoader/Mixin) Remapping refMap client-fabric-item-group-api-v1-refmap.json using remapper chain
[22:23:18] [main/DEBUG] (FabricLoader/Mixin) Selecting config fabric-renderer-api-v1.mixins.json
[22:23:18] [main/DEBUG] (FabricLoader/Mixin) Remapping refMap client-fabric-renderer-api-v1-refmap.json using remapper chain
[22:23:18] [main/DEBUG] (FabricLoader/Mixin) Selecting config fabric-renderer-api-v1.debughud.mixins.json
[22:23:18] [main/DEBUG] (FabricLoader/Mixin) Remapping refMap client-fabric-renderer-api-v1-refmap.json using remapper chain
[22:23:18] [main/DEBUG] (FabricLoader/Mixin) Selecting config fabric-gametest-api-v1.mixins.json
[22:23:18] [main/DEBUG] (FabricLoader/Mixin) Remapping refMap fabric-gametest-api-v1-refmap.json using remapper chain
[22:23:18] [main/DEBUG] (FabricLoader/Mixin) Selecting config fabric-registry-sync-v0.mixins.json
[22:23:18] [main/DEBUG] (FabricLoader/Mixin) Remapping refMap fabric-registry-sync-v0-refmap.json using remapper chain
[22:23:18] [main/DEBUG] (FabricLoader/Mixin) Selecting config fabric-registry-sync-v0.client.mixins.json
[22:23:18] [main/DEBUG] (FabricLoader/Mixin) Remapping refMap client-fabric-registry-sync-v0-refmap.json using remapper chain
[22:23:18] [main/DEBUG] (FabricLoader/Mixin) Selecting config fabric-game-rule-api-v1.mixins.json
[22:23:18] [main/DEBUG] (FabricLoader/Mixin) Remapping refMap fabric-game-rule-api-v1-refmap.json using remapper chain
[22:23:18] [main/DEBUG] (FabricLoader/Mixin) Selecting config fabric-game-rule-api-v1.client.mixins.json
[22:23:18] [main/DEBUG] (FabricLoader/Mixin) Remapping refMap client-fabric-game-rule-api-v1-refmap.json using remapper chain
[22:23:18] [main/DEBUG] (FabricLoader/Mixin) Selecting config fabric-resource-loader-v0.mixins.json
[22:23:18] [main/DEBUG] (FabricLoader/Mixin) Remapping refMap fabric-resource-loader-v0-refmap.json using remapper chain
[22:23:18] [main/DEBUG] (FabricLoader/Mixin) Selecting config fabric-resource-loader-v0.client.mixins.json
[22:23:18] [main/DEBUG] (FabricLoader/Mixin) Remapping refMap client-fabric-resource-loader-v0-refmap.json using remapper chain
[22:23:18] [main/DEBUG] (FabricLoader/Mixin) Selecting config fabric-command-api-v2.mixins.json
[22:23:18] [main/DEBUG] (FabricLoader/Mixin) Remapping refMap fabric-command-api-v2-refmap.json using remapper chain
[22:23:18] [main/DEBUG] (FabricLoader/Mixin) Selecting config fabric-command-api-v2.client.mixins.json
[22:23:18] [main/DEBUG] (FabricLoader/Mixin) Remapping refMap client-fabric-command-api-v2-refmap.json using remapper chain
[22:23:18] [main/DEBUG] (FabricLoader/Mixin) Selecting config fabric-resource-conditions-api-v1.mixins.json
[22:23:18] [main/DEBUG] (FabricLoader/Mixin) Remapping refMap fabric-resource-conditions-api-v1-refmap.json using remapper chain
[22:23:18] [main/DEBUG] (FabricLoader/Mixin) Selecting config fabric-key-binding-api-v1.mixins.json
[22:23:18] [main/DEBUG] (FabricLoader/Mixin) Remapping refMap client-fabric-key-binding-api-v1-refmap.json using remapper chain
[22:23:18] [main/DEBUG] (FabricLoader/Mixin) Selecting config fabric-screen-handler-api-v1.mixins.json
[22:23:18] [main/DEBUG] (FabricLoader/Mixin) Remapping refMap fabric-screen-handler-api-v1-refmap.json using remapper chain
[22:23:18] [main/DEBUG] (FabricLoader/Mixin) Selecting config mixins.modmenu.json
[22:23:18] [main/DEBUG] (FabricLoader/Mixin) Remapping refMap modmenu-refmap.json using remapper chain
[22:23:18] [main/DEBUG] (FabricLoader/Mixin) Selecting config fabric-networking-api-v1.mixins.json
[22:23:18] [main/DEBUG] (FabricLoader/Mixin) Remapping refMap fabric-networking-api-v1-refmap.json using remapper chain
[22:23:18] [main/DEBUG] (FabricLoader/Mixin) Selecting config fabric-networking-api-v1.client.mixins.json
[22:23:18] [main/DEBUG] (FabricLoader/Mixin) Remapping refMap client-fabric-networking-api-v1-refmap.json using remapper chain
[22:23:18] [main/DEBUG] (FabricLoader/Mixin) Selecting config fabric-model-loading-api-v1.mixins.json
[22:23:18] [main/DEBUG] (FabricLoader/Mixin) Remapping refMap client-fabric-model-loading-api-v1-refmap.json using remapper chain
[22:23:18] [main/DEBUG] (FabricLoader/Mixin) Selecting config fabric-content-registries-v0.mixins.json
[22:23:18] [main/DEBUG] (FabricLoader/Mixin) Remapping refMap fabric-content-registries-v0-refmap.json using remapper chain
[22:23:18] [main/DEBUG] (FabricLoader/Mixin) Selecting config fabric-message-api-v1.mixins.json
[22:23:18] [main/DEBUG] (FabricLoader/Mixin) Remapping refMap fabric-message-api-v1-refmap.json using remapper chain
[22:23:18] [main/DEBUG] (FabricLoader/Mixin) Selecting config fabric-message-api-v1.client.mixins.json
[22:23:18] [main/DEBUG] (FabricLoader/Mixin) Remapping refMap client-fabric-message-api-v1-refmap.json using remapper chain
[22:23:18] [main/DEBUG] (FabricLoader/Mixin) Selecting config fabric-data-attachment-api-v1.mixins.json
[22:23:18] [main/DEBUG] (FabricLoader/Mixin) Remapping refMap fabric-data-attachment-api-v1-refmap.json using remapper chain
[22:23:18] [main/DEBUG] (FabricLoader/Mixin) Selecting config fabric-data-attachment-api-v1.client.mixins.json
[22:23:18] [main/DEBUG] (FabricLoader/Mixin) Remapping refMap client-fabric-data-attachment-api-v1-refmap.json using remapper chain
[22:23:18] [main/DEBUG] (FabricLoader/Mixin) Selecting config fabric-api-lookup-api-v1.mixins.json
[22:23:18] [main/DEBUG] (FabricLoader/Mixin) Remapping refMap fabric-api-lookup-api-v1-refmap.json using remapper chain
[22:23:18] [main/DEBUG] (FabricLoader/Mixin) Selecting config fabric-rendering-fluids-v1.mixins.json
[22:23:18] [main/DEBUG] (FabricLoader/Mixin) Remapping refMap client-fabric-rendering-fluids-v1-refmap.json using remapper chain
[22:23:18] [main/DEBUG] (FabricLoader/Mixin) Selecting config fabric-recipe-api-v1.mixins.json
[22:23:18] [main/DEBUG] (FabricLoader/Mixin) Remapping refMap fabric-recipe-api-v1-refmap.json using remapper chain
[22:23:18] [main/DEBUG] (FabricLoader/Mixin) Selecting config fabric-data-generation-api-v1.mixins.json
[22:23:18] [main/DEBUG] (FabricLoader/Mixin) Remapping refMap fabric-data-generation-api-v1-refmap.json using remapper chain
[22:23:18] [main/DEBUG] (FabricLoader/Mixin) Selecting config fabric-data-generation-api-v1.client.mixins.json
[22:23:18] [main/DEBUG] (FabricLoader/Mixin) Remapping refMap client-fabric-data-generation-api-v1-refmap.json using remapper chain
[22:23:18] [main/DEBUG] (FabricLoader/Mixin) Selecting config BetterPlayerLocatorBar.mixins.json
[22:23:18] [main/DEBUG] (FabricLoader/Mixin) Selecting config fabric-biome-api-v1.mixins.json
[22:23:18] [main/DEBUG] (FabricLoader/Mixin) Remapping refMap fabric-biome-api-v1-refmap.json using remapper chain
[22:23:18] [main/DEBUG] (FabricLoader/Mixin) Preparing fabric-crash-report-info-v1.mixins.json (1)
[22:23:19] [main/DEBUG] (FabricLoader/Mixin) Preparing fabric-object-builder-v1.mixins.json (10)
[22:23:19] [main/DEBUG] (FabricLoader/Mixin) Preparing fabric-object-builder-v1.client.mixins.json (5)
[22:23:19] [main/DEBUG] (FabricLoader/Mixin) Preparing fabric-block-api-v1.mixins.json (4)
[22:23:19] [main/DEBUG] (FabricLoader/Mixin) @Mixin target net/minecraft/world/chunk/ChunkSection$BlockStateCounter is public in fabric-block-api-v1.mixins.json:ChunkSectionBlockStateCounterMixin from mod fabric-block-api-v1 and should be specified in value
[22:23:19] [main/DEBUG] (FabricLoader/Mixin) Preparing fabric-convention-tags-api-v2.mixins.json (1)
[22:23:19] [main/DEBUG] (FabricLoader/Mixin) Preparing fabric-screen-api-v1.mixins.json (6)
[22:23:19] [main/DEBUG] (FabricLoader/Mixin) Preparing fabric-renderer-indigo.mixins.json (6)
[22:23:19] [main/DEBUG] (FabricLoader/Mixin) Preparing fabric-particles-v1.client.mixins.json (4)
[22:23:19] [main/DEBUG] (FabricLoader/Mixin) Preparing fabric-rendering-data-attachment-v1.mixins.json (2)
[22:23:19] [main/DEBUG] (FabricLoader/Mixin) Preparing fabric-rendering-data-attachment-v1.client.mixins.json (1)
[22:23:19] [main/DEBUG] (FabricLoader/Mixin) Preparing fabric-rendering-v1.mixins.json (19)
[22:23:19] [main/DEBUG] (FabricLoader/Mixin) @Mixin target net/minecraft/client/gl/ShaderProgram$1 is public in fabric-rendering-v1.mixins.json:shader.ShaderProgramImportProcessorMixin from mod fabric-rendering-v1 and should be specified in value
[22:23:19] [main/DEBUG] (FabricLoader/Mixin) Preparing fabric-block-view-api-v2.mixins.json (2)
[22:23:19] [main/DEBUG] (FabricLoader/Mixin) Preparing fabric-block-view-api-v2.client.mixins.json (2)
[22:23:19] [main/DEBUG] (FabricLoader/Mixin) Preparing fabric-entity-events-v1.mixins.json (12)
[22:23:19] [main/DEBUG] (FabricLoader/Mixin) Preparing fabric-entity-events-v1.client.mixins.json (1)
[22:23:19] [main/DEBUG] (FabricLoader/Mixin) Preparing fabric-blockrenderlayer-v1.mixins.json (1)
[22:23:19] [main/DEBUG] (FabricLoader/Mixin) Preparing fabric-item-api-v1.mixins.json (13)
[22:23:19] [main/DEBUG] (FabricLoader/Mixin) Preparing fabric-item-api-v1.client.mixins.json (3)
[22:23:19] [main/DEBUG] (FabricLoader/Mixin) Preparing fabric-sound-api-v1.mixins.json (2)
[22:23:19] [main/DEBUG] (FabricLoader/Mixin) Preparing carpet.mixins.json (183)
[22:23:19] [main/DEBUG] (FabricLoader/Mixin) @Mixin target net/minecraft/world/chunk/WorldChunk$DirectBlockEntityTickInvoker is public in carpet.mixins.json:BoundTickingBlockEntity_profilerMixin from mod carpet and should be specified in value
[22:23:19] [main/DEBUG] (FabricLoader/Mixin) @Mixin target net/minecraft/command/argument/BlockPredicateArgumentType$StatePredicate is public in carpet.mixins.json:BlockPredicate_scarpetMixin from mod carpet and should be specified in value
[22:23:19] [main/DEBUG] (FabricLoader/Mixin) @Mixin target net/minecraft/command/argument/BlockPredicateArgumentType$TagPredicate is public in carpet.mixins.json:TagPredicate_scarpetMixin from mod carpet and should be specified in value
[22:23:19] [main/DEBUG] (FabricLoader/Mixin) Preparing fabric-dimensions-v1.mixins.json (5)
[22:23:19] [main/DEBUG] (FabricLoader/Mixin) Preparing fabric-lifecycle-events-v1.mixins.json (9)
[22:23:19] [main/DEBUG] (FabricLoader/Mixin) @Mixin target net/minecraft/server/world/ServerWorld$ServerEntityHandler is public in fabric-lifecycle-events-v1.mixins.json:ServerWorldServerEntityHandlerMixin from mod fabric-lifecycle-events-v1 and should be specified in value
[22:23:19] [main/DEBUG] (FabricLoader/Mixin) Preparing fabric-lifecycle-events-v1.client.mixins.json (7)
[22:23:19] [main/DEBUG] (FabricLoader/Mixin) @Mixin target net/minecraft/client/world/ClientWorld$ClientEntityHandler is public in fabric-lifecycle-events-v1.client.mixins.json:ClientWorldClientEntityHandlerMixin from mod fabric-lifecycle-events-v1 and should be specified in value
[22:23:19] [main/DEBUG] (FabricLoader/Mixin) Preparing fabric-events-interaction-v0.mixins.json (4)
[22:23:19] [main/DEBUG] (FabricLoader/Mixin) @Mixin target net/minecraft/server/network/ServerPlayNetworkHandler$1 is public in fabric-events-interaction-v0.mixins.json:ServerPlayNetworkHandlerMixin from mod fabric-events-interaction-v0 and should be specified in value
[22:23:19] [main/DEBUG] (FabricLoader/Mixin) Preparing fabric-events-interaction-v0.client.mixins.json (3)
[22:23:19] [main/DEBUG] (FabricLoader/Mixin) Preparing fabric-loot-api-v2.mixins.json (6)
[22:23:19] [main/DEBUG] (FabricLoader/Mixin) Preparing mixinextras.init.mixins.json (0)
[22:23:19] [main/DEBUG] (FabricLoader/Mixin) Preparing fabric-transfer-api-v1.mixins.json (12)
[22:23:19] [main/DEBUG] (FabricLoader/Mixin) Preparing fabric-item-group-api-v1.mixins.json (3)
[22:23:19] [main/DEBUG] (FabricLoader/Mixin) Preparing fabric-item-group-api-v1.client.mixins.json (1)
[22:23:19] [main/DEBUG] (FabricLoader/Mixin) Preparing fabric-renderer-api-v1.mixins.json (4)
[22:23:19] [main/DEBUG] (FabricLoader/Mixin) Preparing fabric-renderer-api-v1.debughud.mixins.json (1)
[22:23:19] [main/DEBUG] (FabricLoader/Mixin) Preparing fabric-gametest-api-v1.mixins.json (8)
[22:23:19] [main/DEBUG] (FabricLoader/Mixin) Preparing fabric-registry-sync-v0.mixins.json (13)
[22:23:19] [main/DEBUG] (FabricLoader/Mixin) Preparing fabric-registry-sync-v0.client.mixins.json (6)
[22:23:19] [main/DEBUG] (FabricLoader/Mixin) @Mixin target net/minecraft/client/network/ClientRegistries$DynamicRegistries is public in fabric-registry-sync-v0.client.mixins.json:ClientRegistriesDynamicRegistriesMixin from mod fabric-registry-sync-v0 and should be specified in value
[22:23:19] [main/DEBUG] (FabricLoader/Mixin) Preparing fabric-game-rule-api-v1.mixins.json (6)
[22:23:19] [main/DEBUG] (FabricLoader/Mixin) @Mixin target net/minecraft/server/command/GameRuleCommand$1 is public in fabric-game-rule-api-v1.mixins.json:GameRuleCommandVisitorMixin from mod fabric-game-rule-api-v1 and should be specified in value
[22:23:19] [main/DEBUG] (FabricLoader/Mixin) Preparing fabric-game-rule-api-v1.client.mixins.json (3)
[22:23:19] [main/DEBUG] (FabricLoader/Mixin) @Mixin target net/minecraft/client/gui/screen/world/EditGameRulesScreen$RuleListWidget$1 is public in fabric-game-rule-api-v1.client.mixins.json:RuleListWidgetVisitorMixin from mod fabric-game-rule-api-v1 and should be specified in value
[22:23:19] [main/DEBUG] (FabricLoader/Mixin) Preparing fabric-resource-loader-v0.mixins.json (14)
[22:23:19] [main/DEBUG] (FabricLoader/Mixin) Preparing fabric-resource-loader-v0.client.mixins.json (8)
[22:23:19] [main/DEBUG] (FabricLoader/Mixin) @Mixin target net/minecraft/client/option/GameOptions$3 is public in fabric-resource-loader-v0.client.mixins.json:GameOptionsWriteVisitorMixin from mod fabric-resource-loader-v0 and should be specified in value
[22:23:19] [main/DEBUG] (FabricLoader/Mixin) Preparing fabric-command-api-v2.mixins.json (5)
[22:23:19] [main/DEBUG] (FabricLoader/Mixin) Preparing fabric-command-api-v2.client.mixins.json (2)
[22:23:19] [main/DEBUG] (FabricLoader/Mixin) Preparing fabric-resource-conditions-api-v1.mixins.json (9)
[22:23:19] [main/DEBUG] (FabricLoader/Mixin) Preparing fabric-key-binding-api-v1.mixins.json (2)
[22:23:19] [main/DEBUG] (FabricLoader/Mixin) Preparing fabric-screen-handler-api-v1.mixins.json (2)
[22:23:19] [main/DEBUG] (FabricLoader/Mixin) Preparing mixins.modmenu.json (3)
[22:23:19] [main/DEBUG] (FabricLoader/Mixin) Preparing fabric-networking-api-v1.mixins.json (18)
[22:23:19] [main/DEBUG] (FabricLoader/Mixin) @Mixin target net/minecraft/network/packet/CustomPayload$1 is public in fabric-networking-api-v1.mixins.json:CustomPayloadPacketCodecMixin from mod fabric-networking-api-v1 and should be specified in value
[22:23:19] [main/DEBUG] (FabricLoader/Mixin) @Mixin target net/minecraft/server/world/ThreadedAnvilChunkStorage$EntityTracker is public in fabric-networking-api-v1.mixins.json:accessor.EntityTrackerAccessor from mod fabric-networking-api-v1 and should be specified in value
[22:23:19] [main/DEBUG] (FabricLoader/Mixin) Preparing fabric-networking-api-v1.client.mixins.json (9)
[22:23:19] [main/DEBUG] (FabricLoader/Mixin) Preparing fabric-model-loading-api-v1.mixins.json (3)
[22:23:19] [main/DEBUG] (FabricLoader/Mixin) @Mixin target net/minecraft/client/render/model/ModelLoader$BakerImpl is public in fabric-model-loading-api-v1.mixins.json:ModelLoaderBakerImplMixin from mod fabric-model-loading-api-v1 and should be specified in value
[22:23:19] [main/DEBUG] (FabricLoader/Mixin) Preparing fabric-content-registries-v0.mixins.json (13)
[22:23:19] [main/DEBUG] (FabricLoader/Mixin) Preparing fabric-message-api-v1.mixins.json (2)
[22:23:19] [main/DEBUG] (FabricLoader/Mixin) Preparing fabric-message-api-v1.client.mixins.json (2)
[22:23:19] [main/DEBUG] (FabricLoader/Mixin) Preparing fabric-data-attachment-api-v1.mixins.json (8)
[22:23:19] [main/DEBUG] (FabricLoader/Mixin) Preparing fabric-data-attachment-api-v1.client.mixins.json (1)
[22:23:19] [main/DEBUG] (FabricLoader/Mixin) Preparing fabric-api-lookup-api-v1.mixins.json (2)
[22:23:19] [main/DEBUG] (FabricLoader/Mixin) Preparing fabric-rendering-fluids-v1.mixins.json (1)
[22:23:19] [main/DEBUG] (FabricLoader/Mixin) Preparing fabric-recipe-api-v1.mixins.json (3)
[22:23:19] [main/DEBUG] (FabricLoader/Mixin) Preparing fabric-data-generation-api-v1.mixins.json (6)
[22:23:19] [main/DEBUG] (FabricLoader/Mixin) Preparing fabric-data-generation-api-v1.client.mixins.json (1)
[22:23:19] [main/DEBUG] (FabricLoader/Mixin) Preparing BetterPlayerLocatorBar.mixins.json (5)
[22:23:19] [main/DEBUG] (FabricLoader/Mixin) Preparing fabric-biome-api-v1.mixins.json (9)
[22:23:19] [main/DEBUG] (FabricLoader/Mixin) @Mixin target net/minecraft/world/biome/source/MultiNoiseBiomeSourceParameterList$Preset$1 is public in fabric-biome-api-v1.mixins.json:NetherBiomePresetMixin from mod fabric-biome-api-v1 and should be specified in value
[22:23:19] [main/DEBUG] (FabricLoader/Mixin) Inner class net/fabricmc/fabric/mixin/transfer/ChiseledBookshelfBlockEntityMixin$1 in net/fabricmc/fabric/mixin/transfer/ChiseledBookshelfBlockEntityMixin on net/minecraft/block/entity/ChiseledBookshelfBlockEntity gets unique name net/minecraft/block/entity/ChiseledBookshelfBlockEntity$Anonymous$d0f1f13cffbe4fcb9166bcbd8a6e4ab3
[22:23:19] [main/DEBUG] (FabricLoader/Mixin) Inner class net/fabricmc/fabric/mixin/itemgroup/ItemGroupsMixin$1ItemGroupPosition in net/fabricmc/fabric/mixin/itemgroup/ItemGroupsMixin on net/minecraft/item/ItemGroups gets unique name net/minecraft/item/ItemGroups$1ItemGroupPosition$791f6346fcf542919ec6e17368dd6a7c
[22:23:19] [main/DEBUG] (FabricLoader/Mixin) Prepared 493 mixins in 0,555 sec (1,1ms avg) (0ms load, 0ms transform, 0ms plugin)
[22:23:19] [main/DEBUG] (io.netty.util.internal.logging.InternalLoggerFactory) Using SLF4J as the default logging framework
[22:23:19] [main/DEBUG] (io.netty.util.ResourceLeakDetector) -Dio.netty.leakDetection.level: simple
[22:23:19] [main/DEBUG] (io.netty.util.ResourceLeakDetector) -Dio.netty.leakDetection.targetRecords: 4
[22:23:19] [main/INFO] (FabricLoader/MixinExtras|Service) Initializing MixinExtras via com.llamalad7.mixinextras.service.MixinExtrasServiceImpl(version=0.5.0).
[22:23:19] [main/DEBUG] (FabricLoader/Mixin) Registering new injector for @SugarWrapper with com.llamalad7.mixinextras.sugar.impl.SugarWrapperInjectionInfo
[22:23:19] [main/DEBUG] (FabricLoader/Mixin) Registering new injector for @FactoryRedirectWrapper with com.llamalad7.mixinextras.wrapper.factory.FactoryRedirectWrapperInjectionInfo
[22:23:19] [main/DEBUG] (FabricLoader/Mixin) Registering new injector for @ExpressionInjectorWrapper with com.llamalad7.mixinextras.expression.impl.wrapper.ExpressionInjectorWrapperInjectionInfo
[22:23:19] [main/DEBUG] (FabricLoader/Mixin) Mixing SystemDetailsMixin from fabric-crash-report-info-v1.mixins.json into net.minecraft.util.SystemDetails
[22:23:19] [main/DEBUG] (FabricLoader/Mixin) fabric-crash-report-info-v1.mixins.json:SystemDetailsMixin from mod fabric-crash-report-info-v1: Class version 65 required is higher than the class version supported by the current version of Mixin (JAVA_17 supports class version 61)
[22:23:19] [main/DEBUG] (FabricLoader/Mixin) Renaming synthetic method lambda$appendMods$1(Lnet/fabricmc/loader/api/ModContainer;)Ljava/lang/String; to mda8b304$fabric-crash-report-info-v1$lambda$appendMods$1$0 in fabric-crash-report-info-v1.mixins.json:SystemDetailsMixin from mod fabric-crash-report-info-v1
[22:23:19] [main/DEBUG] (FabricLoader/Mixin) Renaming synthetic method lambda$fillSystemDetails$0()Ljava/lang/String; to mda8b304$fabric-crash-report-info-v1$lambda$fillSystemDetails$0$1 in fabric-crash-report-info-v1.mixins.json:SystemDetailsMixin from mod fabric-crash-report-info-v1
[22:23:19] [main/DEBUG] (FabricLoader/Mixin) Mixing SystemReport_addScarpetAppsMixin from carpet.mixins.json into net.minecraft.util.SystemDetails
[22:23:19] [main/DEBUG] (FabricLoader/Mixin) carpet.mixins.json:SystemReport_addScarpetAppsMixin from mod carpet: Class version 65 required is higher than the class version supported by the current version of Mixin (JAVA_17 supports class version 61)
[22:23:19] [main/DEBUG] (FabricLoader/Mixin) Renaming synthetic method lambda$fillSystemDetails$0()Ljava/lang/String; to mda8b304$carpet$lambda$fillSystemDetails$0$2 in carpet.mixins.json:SystemReport_addScarpetAppsMixin from mod carpet
[22:23:19] [main/DEBUG] (FabricLoader/Mixin) fabric-crash-report-info-v1.mixins.json:SystemDetailsMixin from mod fabric-crash-report-info-v1->@Inject::fillSystemDetails(Lorg/spongepowered/asm/mixin/injection/callback/CallbackInfo;)V doesn't use it's CallbackInfo
[22:23:19] [main/DEBUG] (FabricLoader/Mixin) fabric-crash-report-info-v1.mixins.json:SystemDetailsMixin from mod fabric-crash-report-info-v1->@Inject::fillSystemDetails(Lorg/spongepowered/asm/mixin/injection/callback/CallbackInfo;)V has 0 override(s) in child classes
[22:23:19] [main/DEBUG] (FabricLoader/Mixin) fabric-crash-report-info-v1.mixins.json:SystemDetailsMixin from mod fabric-crash-report-info-v1->@Inject::fillSystemDetails(Lorg/spongepowered/asm/mixin/injection/callback/CallbackInfo;)V won't be passed a CallbackInfo as a result
[22:23:19] [main/DEBUG] (FabricLoader/Mixin) carpet.mixins.json:SystemReport_addScarpetAppsMixin from mod carpet->@Inject::fillSystemDetails(Lorg/spongepowered/asm/mixin/injection/callback/CallbackInfo;)V doesn't use it's CallbackInfo
[22:23:19] [main/DEBUG] (FabricLoader/Mixin) carpet.mixins.json:SystemReport_addScarpetAppsMixin from mod carpet->@Inject::fillSystemDetails(Lorg/spongepowered/asm/mixin/injection/callback/CallbackInfo;)V has 0 override(s) in child classes
[22:23:19] [main/DEBUG] (FabricLoader/Mixin) carpet.mixins.json:SystemReport_addScarpetAppsMixin from mod carpet->@Inject::fillSystemDetails(Lorg/spongepowered/asm/mixin/injection/callback/CallbackInfo;)V won't be passed a CallbackInfo as a result
[22:23:20] [main/DEBUG] (FabricLoader/Mixin) Mixing PlayerEntityMixin from fabric-entity-events-v1.mixins.json into net.minecraft.entity.player.PlayerEntity
[22:23:20] [main/DEBUG] (FabricLoader/Mixin) fabric-entity-events-v1.mixins.json:PlayerEntityMixin from mod fabric-entity-events-v1: Class version 65 required is higher than the class version supported by the current version of Mixin (JAVA_17 supports class version 61)
[22:23:20] [main/DEBUG] (FabricLoader/Mixin) Mixing elytra.PlayerEntityMixin from fabric-entity-events-v1.mixins.json into net.minecraft.entity.player.PlayerEntity
[22:23:20] [main/DEBUG] (FabricLoader/Mixin) fabric-entity-events-v1.mixins.json:elytra.PlayerEntityMixin from mod fabric-entity-events-v1: Class version 65 required is higher than the class version supported by the current version of Mixin (JAVA_17 supports class version 61)
[22:23:20] [main/DEBUG] (FabricLoader/Mixin) Mixing Player_fakePlayersMixin from carpet.mixins.json into net.minecraft.entity.player.PlayerEntity
[22:23:20] [main/DEBUG] (FabricLoader/Mixin) carpet.mixins.json:Player_fakePlayersMixin from mod carpet: Class version 65 required is higher than the class version supported by the current version of Mixin (JAVA_17 supports class version 61)
[22:23:20] [main/DEBUG] (FabricLoader/Mixin) Mixing Player_xpNoCooldownMixin from carpet.mixins.json into net.minecraft.entity.player.PlayerEntity
[22:23:20] [main/DEBUG] (FabricLoader/Mixin) carpet.mixins.json:Player_xpNoCooldownMixin from mod carpet: Class version 65 required is higher than the class version supported by the current version of Mixin (JAVA_17 supports class version 61)
[22:23:20] [main/DEBUG] (FabricLoader/Mixin) Mixing Player_parrotMixin from carpet.mixins.json into net.minecraft.entity.player.PlayerEntity
[22:23:20] [main/DEBUG] (FabricLoader/Mixin) carpet.mixins.json:Player_parrotMixin from mod carpet: Class version 65 required is higher than the class version supported by the current version of Mixin (JAVA_17 supports class version 61)
[22:23:20] [main/DEBUG] (FabricLoader/Mixin) Mixing Player_antiCheatDisabledMixin from carpet.mixins.json into net.minecraft.entity.player.PlayerEntity
[22:23:20] [main/DEBUG] (FabricLoader/Mixin) carpet.mixins.json:Player_antiCheatDisabledMixin from mod carpet: Class version 65 required is higher than the class version supported by the current version of Mixin (JAVA_17 supports class version 61)
[22:23:20] [main/DEBUG] (FabricLoader/Mixin) Mixing ServerPlayerGameMode_antiCheatMixin from carpet.mixins.json into net.minecraft.entity.player.PlayerEntity
[22:23:20] [main/DEBUG] (FabricLoader/Mixin) carpet.mixins.json:ServerPlayerGameMode_antiCheatMixin from mod carpet: Class version 65 required is higher than the class version supported by the current version of Mixin (JAVA_17 supports class version 61)
[22:23:20] [main/DEBUG] (FabricLoader/Mixin) Mixing Player_scarpetEventsMixin from carpet.mixins.json into net.minecraft.entity.player.PlayerEntity
[22:23:20] [main/DEBUG] (FabricLoader/Mixin) carpet.mixins.json:Player_scarpetEventsMixin from mod carpet: Class version 65 required is higher than the class version supported by the current version of Mixin (JAVA_17 supports class version 61)
[22:23:20] [main/DEBUG] (FabricLoader/Mixin) Mixing Player_creativeNoClipMixin from carpet.mixins.json into net.minecraft.entity.player.PlayerEntity
[22:23:20] [main/DEBUG] (FabricLoader/Mixin) carpet.mixins.json:Player_creativeNoClipMixin from mod carpet: Class version 65 required is higher than the class version supported by the current version of Mixin (JAVA_17 supports class version 61)
[22:23:20] [main/DEBUG] (FabricLoader/Mixin) fabric-entity-events-v1.mixins.json:PlayerEntityMixin from mod fabric-entity-events-v1->@Inject::onTrySleep(Lnet/minecraft/util/math/BlockPos;Lorg/spongepowered/asm/mixin/injection/callback/CallbackInfoReturnable;)V does use it's CallbackInfoReturnable
[22:23:20] [main/DEBUG] (FabricLoader/Mixin) fabric-entity-events-v1.mixins.json:PlayerEntityMixin from mod fabric-entity-events-v1->@Inject::onIsSleepingLongEnough(Lorg/spongepowered/asm/mixin/injection/callback/CallbackInfoReturnable;)V does use it's CallbackInfoReturnable
[22:23:20] [main/DEBUG] (FabricLoader/Mixin) fabric-entity-events-v1.mixins.json:elytra.PlayerEntityMixin from mod fabric-entity-events-v1->@Inject::injectElytraCheck(Lorg/spongepowered/asm/mixin/injection/callback/CallbackInfoReturnable;)V does use it's CallbackInfoReturnable
[22:23:20] [main/DEBUG] (FabricLoader/Mixin) carpet.mixins.json:Player_parrotMixin from mod carpet->@Inject::onTickMovement(Lorg/spongepowered/asm/mixin/injection/callback/CallbackInfo;)V doesn't use it's CallbackInfo
[22:23:20] [main/DEBUG] (FabricLoader/Mixin) carpet.mixins.json:Player_parrotMixin from mod carpet->@Inject::onTickMovement(Lorg/spongepowered/asm/mixin/injection/callback/CallbackInfo;)V has 0 override(s) in child classes
[22:23:20] [main/DEBUG] (FabricLoader/Mixin) carpet.mixins.json:Player_parrotMixin from mod carpet->@Inject::onTickMovement(Lorg/spongepowered/asm/mixin/injection/callback/CallbackInfo;)V won't be passed a CallbackInfo as a result
[22:23:20] [main/DEBUG] (FabricLoader/Mixin) carpet.mixins.json:Player_parrotMixin from mod carpet->@Inject::onDamage(Lnet/minecraft/entity/damage/DamageSource;FLorg/spongepowered/asm/mixin/injection/callback/CallbackInfoReturnable;)V doesn't use it's CallbackInfoReturnable
[22:23:20] [main/DEBUG] (FabricLoader/Mixin) carpet.mixins.json:Player_parrotMixin from mod carpet->@Inject::onDamage(Lnet/minecraft/entity/damage/DamageSource;FLorg/spongepowered/asm/mixin/injection/callback/CallbackInfoReturnable;)V has 0 override(s) in child classes
[22:23:20] [main/DEBUG] (FabricLoader/Mixin) carpet.mixins.json:Player_parrotMixin from mod carpet->@Inject::onDamage(Lnet/minecraft/entity/damage/DamageSource;FLorg/spongepowered/asm/mixin/injection/callback/CallbackInfoReturnable;)V won't be passed a CallbackInfoReturnable as a result
[22:23:20] [main/DEBUG] (FabricLoader/Mixin) carpet.mixins.json:Player_antiCheatDisabledMixin from mod carpet->@Inject::allowDeploys(Lorg/spongepowered/asm/mixin/injection/callback/CallbackInfoReturnable;)V does use it's CallbackInfoReturnable
[22:23:20] [main/DEBUG] (FabricLoader/Mixin) carpet.mixins.json:ServerPlayerGameMode_antiCheatMixin from mod carpet->@Inject::canInteractLongRangeBlock(Lnet/minecraft/util/math/BlockPos;DLorg/spongepowered/asm/mixin/injection/callback/CallbackInfoReturnable;)V does use it's CallbackInfoReturnable
[22:23:20] [main/DEBUG] (FabricLoader/Mixin) carpet.mixins.json:ServerPlayerGameMode_antiCheatMixin from mod carpet->@Inject::canInteractLongRangeEntity(Lnet/minecraft/util/math/Box;DLorg/spongepowered/asm/mixin/injection/callback/CallbackInfoReturnable;)V does use it's CallbackInfoReturnable
[22:23:20] [main/DEBUG] (FabricLoader/Mixin) carpet.mixins.json:Player_scarpetEventsMixin from mod carpet->@Inject::playerTakingDamage(Lnet/minecraft/entity/damage/DamageSource;FLorg/spongepowered/asm/mixin/injection/callback/CallbackInfo;)V does use it's CallbackInfo
[22:23:20] [main/DEBUG] (FabricLoader/Mixin) carpet.mixins.json:Player_scarpetEventsMixin from mod carpet->@Inject::onEntityCollision(Lnet/minecraft/entity/Entity;Lorg/spongepowered/asm/mixin/injection/callback/CallbackInfo;)V doesn't use it's CallbackInfo
[22:23:20] [main/DEBUG] (FabricLoader/Mixin) carpet.mixins.json:Player_scarpetEventsMixin from mod carpet->@Inject::onEntityCollision(Lnet/minecraft/entity/Entity;Lorg/spongepowered/asm/mixin/injection/callback/CallbackInfo;)V has 0 override(s) in child classes
[22:23:20] [main/DEBUG] (FabricLoader/Mixin) carpet.mixins.json:Player_scarpetEventsMixin from mod carpet->@Inject::onEntityCollision(Lnet/minecraft/entity/Entity;Lorg/spongepowered/asm/mixin/injection/callback/CallbackInfo;)V won't be passed a CallbackInfo as a result
[22:23:20] [main/DEBUG] (FabricLoader/Mixin) carpet.mixins.json:Player_scarpetEventsMixin from mod carpet->@Inject::doInteract(Lnet/minecraft/entity/Entity;Lnet/minecraft/util/Hand;Lorg/spongepowered/asm/mixin/injection/callback/CallbackInfoReturnable;)V does use it's CallbackInfoReturnable
[22:23:20] [main/DEBUG] (FabricLoader/Mixin) carpet.mixins.json:Player_scarpetEventsMixin from mod carpet->@Inject::onAttack(Lnet/minecraft/entity/Entity;Lorg/spongepowered/asm/mixin/injection/callback/CallbackInfo;)V does use it's CallbackInfo
[22:23:20] [main/DEBUG] (FabricLoader/Mixin) Mixing LivingEntityMixin from fabric-entity-events-v1.mixins.json into net.minecraft.entity.LivingEntity
[22:23:20] [main/DEBUG] (FabricLoader/Mixin) fabric-entity-events-v1.mixins.json:LivingEntityMixin from mod fabric-entity-events-v1: Class version 65 required is higher than the class version supported by the current version of Mixin (JAVA_17 supports class version 61)
[22:23:20] [main/DEBUG] (FabricLoader/Mixin) Mixing elytra.LivingEntityMixin from fabric-entity-events-v1.mixins.json into net.minecraft.entity.LivingEntity
[22:23:20] [main/DEBUG] (FabricLoader/Mixin) fabric-entity-events-v1.mixins.json:elytra.LivingEntityMixin from mod fabric-entity-events-v1: Class version 65 required is higher than the class version supported by the current version of Mixin (JAVA_17 supports class version 61)
[22:23:20] [main/DEBUG] (FabricLoader/Mixin) Mixing LivingEntityMixin from fabric-item-api-v1.mixins.json into net.minecraft.entity.LivingEntity
[22:23:20] [main/DEBUG] (FabricLoader/Mixin) fabric-item-api-v1.mixins.json:LivingEntityMixin from mod fabric-item-api-v1: Class version 65 required is higher than the class version supported by the current version of Mixin (JAVA_17 supports class version 61)
[22:23:20] [main/DEBUG] (FabricLoader/Mixin) Mixing LivingEntity_cleanLogsMixin from carpet.mixins.json into net.minecraft.entity.LivingEntity
[22:23:20] [main/DEBUG] (FabricLoader/Mixin) carpet.mixins.json:LivingEntity_cleanLogsMixin from mod carpet: Class version 65 required is higher than the class version supported by the current version of Mixin (JAVA_17 supports class version 61)
[22:23:20] [main/DEBUG] (FabricLoader/Mixin) Mixing LivingEntity_maxCollisionsMixin from carpet.mixins.json into net.minecraft.entity.LivingEntity
[22:23:20] [main/DEBUG] (FabricLoader/Mixin) carpet.mixins.json:LivingEntity_maxCollisionsMixin from mod carpet: Class version 65 required is higher than the class version supported by the current version of Mixin (JAVA_17 supports class version 61)
[22:23:20] [main/DEBUG] (FabricLoader/Mixin) Mixing LivingEntity_scarpetEventsMixin from carpet.mixins.json into net.minecraft.entity.LivingEntity
[22:23:20] [main/DEBUG] (FabricLoader/Mixin) carpet.mixins.json:LivingEntity_scarpetEventsMixin from mod carpet: Class version 65 required is higher than the class version supported by the current version of Mixin (JAVA_17 supports class version 61)
[22:23:20] [main/DEBUG] (FabricLoader/Mixin) Mixing LivingEntity_creativeFlyMixin from carpet.mixins.json into net.minecraft.entity.LivingEntity
[22:23:20] [main/DEBUG] (FabricLoader/Mixin) carpet.mixins.json:LivingEntity_creativeFlyMixin from mod carpet: Class version 65 required is higher than the class version supported by the current version of Mixin (JAVA_17 supports class version 61)
[22:23:20] [main/DEBUG] (FabricLoader/Mixin) Mixing LivingEntityMixin from fabric-lifecycle-events-v1.mixins.json into net.minecraft.entity.LivingEntity
[22:23:20] [main/DEBUG] (FabricLoader/Mixin) fabric-lifecycle-events-v1.mixins.json:LivingEntityMixin from mod fabric-lifecycle-events-v1: Class version 65 required is higher than the class version supported by the current version of Mixin (JAVA_17 supports class version 61)
[22:23:20] [main/DEBUG] (FabricLoader/Mixin) fabric-entity-events-v1.mixins.json:LivingEntityMixin from mod fabric-entity-events-v1->@Inject::notifyDeath(Lnet/minecraft/entity/damage/DamageSource;Lorg/spongepowered/asm/mixin/injection/callback/CallbackInfo;)V doesn't use it's CallbackInfo
[22:23:20] [main/DEBUG] (FabricLoader/Mixin) fabric-entity-events-v1.mixins.json:LivingEntityMixin from mod fabric-entity-events-v1->@Inject::notifyDeath(Lnet/minecraft/entity/damage/DamageSource;Lorg/spongepowered/asm/mixin/injection/callback/CallbackInfo;)V has 0 override(s) in child classes
[22:23:20] [main/DEBUG] (FabricLoader/Mixin) fabric-entity-events-v1.mixins.json:LivingEntityMixin from mod fabric-entity-events-v1->@Inject::notifyDeath(Lnet/minecraft/entity/damage/DamageSource;Lorg/spongepowered/asm/mixin/injection/callback/CallbackInfo;)V won't be passed a CallbackInfo as a result
[22:23:20] [main/DEBUG] (FabricLoader/Mixin) fabric-entity-events-v1.mixins.json:LivingEntityMixin from mod fabric-entity-events-v1->@Inject::beforeDamage(Lnet/minecraft/entity/damage/DamageSource;FLorg/spongepowered/asm/mixin/injection/callback/CallbackInfoReturnable;)V does use it's CallbackInfoReturnable
[22:23:20] [main/DEBUG] (FabricLoader/Mixin) fabric-entity-events-v1.mixins.json:LivingEntityMixin from mod fabric-entity-events-v1->@Inject::onSleep(Lnet/minecraft/util/math/BlockPos;Lorg/spongepowered/asm/mixin/injection/callback/CallbackInfo;)V doesn't use it's CallbackInfo
[22:23:20] [main/DEBUG] (FabricLoader/Mixin) fabric-entity-events-v1.mixins.json:LivingEntityMixin from mod fabric-entity-events-v1->@Inject::onSleep(Lnet/minecraft/util/math/BlockPos;Lorg/spongepowered/asm/mixin/injection/callback/CallbackInfo;)V has 0 override(s) in child classes
[22:23:20] [main/DEBUG] (FabricLoader/Mixin) fabric-entity-events-v1.mixins.json:LivingEntityMixin from mod fabric-entity-events-v1->@Inject::onSleep(Lnet/minecraft/util/math/BlockPos;Lorg/spongepowered/asm/mixin/injection/callback/CallbackInfo;)V won't be passed a CallbackInfo as a result
[22:23:20] [main/DEBUG] (FabricLoader/Mixin) fabric-entity-events-v1.mixins.json:LivingEntityMixin from mod fabric-entity-events-v1->@Inject::onWakeUp(Lorg/spongepowered/asm/mixin/injection/callback/CallbackInfo;)V doesn't use it's CallbackInfo
[22:23:20] [main/DEBUG] (FabricLoader/Mixin) fabric-entity-events-v1.mixins.json:LivingEntityMixin from mod fabric-entity-events-v1->@Inject::onWakeUp(Lorg/spongepowered/asm/mixin/injection/callback/CallbackInfo;)V has 0 override(s) in child classes
[22:23:20] [main/DEBUG] (FabricLoader/Mixin) fabric-entity-events-v1.mixins.json:LivingEntityMixin from mod fabric-entity-events-v1->@Inject::onWakeUp(Lorg/spongepowered/asm/mixin/injection/callback/CallbackInfo;)V won't be passed a CallbackInfo as a result
[22:23:20] [main/DEBUG] (FabricLoader/Mixin) fabric-entity-events-v1.mixins.json:LivingEntityMixin from mod fabric-entity-events-v1->@Inject::onIsSleepingInBed(Lnet/minecraft/util/math/BlockPos;Lorg/spongepowered/asm/mixin/injection/callback/CallbackInfoReturnable;)V does use it's CallbackInfoReturnable
[22:23:20] [main/DEBUG] (FabricLoader/Mixin) fabric-entity-events-v1.mixins.json:elytra.LivingEntityMixin from mod fabric-entity-events-v1->@Inject::injectElytraTick(Lorg/spongepowered/asm/mixin/injection/callback/CallbackInfo;)V does use it's CallbackInfo
[22:23:20] [main/DEBUG] (FabricLoader/Mixin) fabric-item-api-v1.mixins.json:LivingEntityMixin from mod fabric-item-api-v1->@Inject::onGetPreferredEquipmentSlot(Lnet/minecraft/item/ItemStack;Lorg/spongepowered/asm/mixin/injection/callback/CallbackInfoReturnable;)V does use it's CallbackInfoReturnable
[22:23:20] [main/DEBUG] (FabricLoader/Mixin) carpet.mixins.json:LivingEntity_maxCollisionsMixin from mod carpet->@Inject::tickPushingReplacement(Lorg/spongepowered/asm/mixin/injection/callback/CallbackInfo;)V does use it's CallbackInfo
[22:23:20] [main/DEBUG] (FabricLoader/Mixin) carpet.mixins.json:LivingEntity_scarpetEventsMixin from mod carpet->@Inject::onDeathCall(Lnet/minecraft/entity/damage/DamageSource;Lorg/spongepowered/asm/mixin/injection/callback/CallbackInfo;)V doesn't use it's CallbackInfo
[22:23:20] [main/DEBUG] (FabricLoader/Mixin) carpet.mixins.json:LivingEntity_scarpetEventsMixin from mod carpet->@Inject::onDeathCall(Lnet/minecraft/entity/damage/DamageSource;Lorg/spongepowered/asm/mixin/injection/callback/CallbackInfo;)V has 0 override(s) in child classes
[22:23:20] [main/DEBUG] (FabricLoader/Mixin) carpet.mixins.json:LivingEntity_scarpetEventsMixin from mod carpet->@Inject::onDeathCall(Lnet/minecraft/entity/damage/DamageSource;Lorg/spongepowered/asm/mixin/injection/callback/CallbackInfo;)V won't be passed a CallbackInfo as a result
[22:23:20] [main/DEBUG] (FabricLoader/Mixin) carpet.mixins.json:LivingEntity_scarpetEventsMixin from mod carpet->@Inject::entityTakingDamage(Lnet/minecraft/entity/damage/DamageSource;FLorg/spongepowered/asm/mixin/injection/callback/CallbackInfo;)V does use it's CallbackInfo
[22:23:20] [main/DEBUG] (FabricLoader/Mixin) carpet.mixins.json:LivingEntity_creativeFlyMixin from mod carpet->@Inject::flyingAltSpeed(FLorg/spongepowered/asm/mixin/injection/callback/CallbackInfoReturnable;)V does use it's CallbackInfoReturnable
[22:23:20] [main/DEBUG] (FabricLoader/Mixin) fabric-lifecycle-events-v1.mixins.json:LivingEntityMixin from mod fabric-lifecycle-events-v1->@Inject::getEquipmentChanges(Lorg/spongepowered/asm/mixin/injection/callback/CallbackInfoReturnable;Ljava/util/Map;[Lnet/minecraft/entity/EquipmentSlot;IILnet/minecraft/entity/EquipmentSlot;Lnet/minecraft/item/ItemStack;Lnet/minecraft/item/ItemStack;)V doesn't use it's CallbackInfoReturnable
[22:23:20] [main/DEBUG] (FabricLoader/Mixin) fabric-lifecycle-events-v1.mixins.json:LivingEntityMixin from mod fabric-lifecycle-events-v1->@Inject::getEquipmentChanges(Lorg/spongepowered/asm/mixin/injection/callback/CallbackInfoReturnable;Ljava/util/Map;[Lnet/minecraft/entity/EquipmentSlot;IILnet/minecraft/entity/EquipmentSlot;Lnet/minecraft/item/ItemStack;Lnet/minecraft/item/ItemStack;)V has 0 override(s) in child classes
[22:23:20] [main/DEBUG] (FabricLoader/Mixin) fabric-lifecycle-events-v1.mixins.json:LivingEntityMixin from mod fabric-lifecycle-events-v1->@Inject::getEquipmentChanges(Lorg/spongepowered/asm/mixin/injection/callback/CallbackInfoReturnable;Ljava/util/Map;[Lnet/minecraft/entity/EquipmentSlot;IILnet/minecraft/entity/EquipmentSlot;Lnet/minecraft/item/ItemStack;Lnet/minecraft/item/ItemStack;)V won't be passed a CallbackInfoReturnable as a result
[22:23:20] [main/DEBUG] (FabricLoader/Mixin) Mixing EntityMixin from fabric-entity-events-v1.mixins.json into net.minecraft.entity.Entity
[22:23:20] [main/DEBUG] (FabricLoader/Mixin) fabric-entity-events-v1.mixins.json:EntityMixin from mod fabric-entity-events-v1: Class version 65 required is higher than the class version supported by the current version of Mixin (JAVA_17 supports class version 61)
[22:23:20] [main/DEBUG] (FabricLoader/Mixin) Mixing EntityMixin from carpet.mixins.json into net.minecraft.entity.Entity
[22:23:20] [main/DEBUG] (FabricLoader/Mixin) carpet.mixins.json:EntityMixin from mod carpet: Class version 65 required is higher than the class version supported by the current version of Mixin (JAVA_17 supports class version 61)
[22:23:20] [main/DEBUG] (FabricLoader/Mixin) Mixing Entity_scarpetEventsMixin from carpet.mixins.json into net.minecraft.entity.Entity
[22:23:20] [main/DEBUG] (FabricLoader/Mixin) carpet.mixins.json:Entity_scarpetEventsMixin from mod carpet: Class version 65 required is higher than the class version supported by the current version of Mixin (JAVA_17 supports class version 61)
[22:23:20] [main/DEBUG] (FabricLoader/Mixin) Mixing EntityMixin from fabric-dimensions-v1.mixins.json into net.minecraft.entity.Entity
[22:23:20] [main/DEBUG] (FabricLoader/Mixin) fabric-dimensions-v1.mixins.json:EntityMixin from mod fabric-dimensions-v1: Class version 65 required is higher than the class version supported by the current version of Mixin (JAVA_17 supports class version 61)
[22:23:20] [main/DEBUG] (FabricLoader/Mixin) Mixing AttachmentTargetsMixin from fabric-data-attachment-api-v1.mixins.json into net.minecraft.entity.Entity
[22:23:20] [main/DEBUG] (FabricLoader/Mixin) fabric-data-attachment-api-v1.mixins.json:AttachmentTargetsMixin from mod fabric-data-attachment-api-v1: Class version 65 required is higher than the class version supported by the current version of Mixin (JAVA_17 supports class version 61)
[22:23:20] [main/DEBUG] (FabricLoader/Mixin) Mixing EntityMixin from fabric-data-attachment-api-v1.mixins.json into net.minecraft.entity.Entity
[22:23:20] [main/DEBUG] (FabricLoader/Mixin) fabric-data-attachment-api-v1.mixins.json:EntityMixin from mod fabric-data-attachment-api-v1: Class version 65 required is higher than the class version supported by the current version of Mixin (JAVA_17 supports class version 61)
[22:23:20] [main/DEBUG] (FabricLoader/Mixin) fabric-entity-events-v1.mixins.json:EntityMixin from mod fabric-entity-events-v1->@Inject::afterWorldChanged(Lnet/minecraft/server/world/ServerWorld;Lorg/spongepowered/asm/mixin/injection/callback/CallbackInfoReturnable;)V does use it's CallbackInfoReturnable
[22:23:20] [main/DEBUG] (FabricLoader/Mixin) fabric-entity-events-v1.mixins.json:EntityMixin from mod fabric-entity-events-v1->@Inject::afterWorldChanged(Lnet/minecraft/server/world/ServerWorld;Lorg/spongepowered/asm/mixin/injection/callback/CallbackInfoReturnable;)V does use it's CallbackInfoReturnable
[22:23:20] [main/DEBUG] (FabricLoader/Mixin) fabric-entity-events-v1.mixins.json:EntityMixin from mod fabric-entity-events-v1->@Inject::afterWorldChanged(Lnet/minecraft/server/world/ServerWorld;Lorg/spongepowered/asm/mixin/injection/callback/CallbackInfoReturnable;)V does use it's CallbackInfoReturnable
[22:23:20] [main/DEBUG] (FabricLoader/Mixin) fabric-entity-events-v1.mixins.json:EntityMixin from mod fabric-entity-events-v1->@Inject::afterEntityTeleportedToWorld(Lnet/minecraft/server/world/ServerWorld;DDDLjava/util/Set;FFLorg/spongepowered/asm/mixin/injection/callback/CallbackInfoReturnable;FLnet/minecraft/entity/Entity;)V doesn't use it's CallbackInfoReturnable
[22:23:20] [main/DEBUG] (FabricLoader/Mixin) fabric-entity-events-v1.mixins.json:EntityMixin from mod fabric-entity-events-v1->@Inject::afterEntityTeleportedToWorld(Lnet/minecraft/server/world/ServerWorld;DDDLjava/util/Set;FFLorg/spongepowered/asm/mixin/injection/callback/CallbackInfoReturnable;FLnet/minecraft/entity/Entity;)V has 0 override(s) in child classes
[22:23:20] [main/DEBUG] (FabricLoader/Mixin) fabric-entity-events-v1.mixins.json:EntityMixin from mod fabric-entity-events-v1->@Inject::afterEntityTeleportedToWorld(Lnet/minecraft/server/world/ServerWorld;DDDLjava/util/Set;FFLorg/spongepowered/asm/mixin/injection/callback/CallbackInfoReturnable;FLnet/minecraft/entity/Entity;)V won't be passed a CallbackInfoReturnable as a result
[22:23:20] [main/DEBUG] (FabricLoader/Mixin) carpet.mixins.json:EntityMixin from mod carpet->@Inject::isFakePlayer(Lorg/spongepowered/asm/mixin/injection/callback/CallbackInfoReturnable;)V does use it's CallbackInfoReturnable
[22:23:20] [main/DEBUG] (FabricLoader/Mixin) carpet.mixins.json:Entity_scarpetEventsMixin from mod carpet->@Inject::onTickCall(Lorg/spongepowered/asm/mixin/injection/callback/CallbackInfo;)V doesn't use it's CallbackInfo
[22:23:20] [main/DEBUG] (FabricLoader/Mixin) carpet.mixins.json:Entity_scarpetEventsMixin from mod carpet->@Inject::onTickCall(Lorg/spongepowered/asm/mixin/injection/callback/CallbackInfo;)V has 0 override(s) in child classes
[22:23:20] [main/DEBUG] (FabricLoader/Mixin) carpet.mixins.json:Entity_scarpetEventsMixin from mod carpet->@Inject::onTickCall(Lorg/spongepowered/asm/mixin/injection/callback/CallbackInfo;)V won't be passed a CallbackInfo as a result
[22:23:20] [main/DEBUG] (FabricLoader/Mixin) carpet.mixins.json:Entity_scarpetEventsMixin from mod carpet->@Inject::onRemove(Lorg/spongepowered/asm/mixin/injection/callback/CallbackInfo;)V doesn't use it's CallbackInfo
[22:23:20] [main/DEBUG] (FabricLoader/Mixin) carpet.mixins.json:Entity_scarpetEventsMixin from mod carpet->@Inject::onRemove(Lorg/spongepowered/asm/mixin/injection/callback/CallbackInfo;)V has 0 override(s) in child classes
[22:23:20] [main/DEBUG] (FabricLoader/Mixin) carpet.mixins.json:Entity_scarpetEventsMixin from mod carpet->@Inject::onRemove(Lorg/spongepowered/asm/mixin/injection/callback/CallbackInfo;)V won't be passed a CallbackInfo as a result
[22:23:20] [main/DEBUG] (FabricLoader/Mixin) carpet.mixins.json:Entity_scarpetEventsMixin from mod carpet->@Inject::firstPos(Lorg/spongepowered/asm/mixin/injection/callback/CallbackInfo;)V doesn't use it's CallbackInfo
[22:23:20] [main/DEBUG] (FabricLoader/Mixin) carpet.mixins.json:Entity_scarpetEventsMixin from mod carpet->@Inject::firstPos(Lorg/spongepowered/asm/mixin/injection/callback/CallbackInfo;)V has 0 override(s) in child classes
[22:23:20] [main/DEBUG] (FabricLoader/Mixin) carpet.mixins.json:Entity_scarpetEventsMixin from mod carpet->@Inject::firstPos(Lorg/spongepowered/asm/mixin/injection/callback/CallbackInfo;)V won't be passed a CallbackInfo as a result
[22:23:20] [main/DEBUG] (FabricLoader/Mixin) carpet.mixins.json:Entity_scarpetEventsMixin from mod carpet->@Inject::secondPos(Lorg/spongepowered/asm/mixin/injection/callback/CallbackInfo;)V doesn't use it's CallbackInfo
[22:23:20] [main/DEBUG] (FabricLoader/Mixin) carpet.mixins.json:Entity_scarpetEventsMixin from mod carpet->@Inject::secondPos(Lorg/spongepowered/asm/mixin/injection/callback/CallbackInfo;)V has 0 override(s) in child classes
[22:23:20] [main/DEBUG] (FabricLoader/Mixin) carpet.mixins.json:Entity_scarpetEventsMixin from mod carpet->@Inject::secondPos(Lorg/spongepowered/asm/mixin/injection/callback/CallbackInfo;)V won't be passed a CallbackInfo as a result
[22:23:20] [main/DEBUG] (FabricLoader/Mixin) fabric-dimensions-v1.mixins.json:EntityMixin from mod fabric-dimensions-v1->@Inject::getTeleportTarget(Lnet/minecraft/server/world/ServerWorld;Lorg/spongepowered/asm/mixin/injection/callback/CallbackInfoReturnable;)V does use it's CallbackInfoReturnable
[22:23:20] [main/DEBUG] (FabricLoader/Mixin) fabric-data-attachment-api-v1.mixins.json:EntityMixin from mod fabric-data-attachment-api-v1->@Inject::readEntityAttachments(Lnet/minecraft/nbt/NbtCompound;Lorg/spongepowered/asm/mixin/injection/callback/CallbackInfo;)V doesn't use it's CallbackInfo
[22:23:20] [main/DEBUG] (FabricLoader/Mixin) fabric-data-attachment-api-v1.mixins.json:EntityMixin from mod fabric-data-attachment-api-v1->@Inject::readEntityAttachments(Lnet/minecraft/nbt/NbtCompound;Lorg/spongepowered/asm/mixin/injection/callback/CallbackInfo;)V has 0 override(s) in child classes
[22:23:20] [main/DEBUG] (FabricLoader/Mixin) fabric-data-attachment-api-v1.mixins.json:EntityMixin from mod fabric-data-attachment-api-v1->@Inject::readEntityAttachments(Lnet/minecraft/nbt/NbtCompound;Lorg/spongepowered/asm/mixin/injection/callback/CallbackInfo;)V won't be passed a CallbackInfo as a result
[22:23:20] [main/DEBUG] (FabricLoader/Mixin) fabric-data-attachment-api-v1.mixins.json:EntityMixin from mod fabric-data-attachment-api-v1->@Inject::writeEntityAttachments(Lnet/minecraft/nbt/NbtCompound;Lorg/spongepowered/asm/mixin/injection/callback/CallbackInfoReturnable;)V doesn't use it's CallbackInfoReturnable
[22:23:20] [main/DEBUG] (FabricLoader/Mixin) fabric-data-attachment-api-v1.mixins.json:EntityMixin from mod fabric-data-attachment-api-v1->@Inject::writeEntityAttachments(Lnet/minecraft/nbt/NbtCompound;Lorg/spongepowered/asm/mixin/injection/callback/CallbackInfoReturnable;)V has 0 override(s) in child classes
[22:23:20] [main/DEBUG] (FabricLoader/Mixin) fabric-data-attachment-api-v1.mixins.json:EntityMixin from mod fabric-data-attachment-api-v1->@Inject::writeEntityAttachments(Lnet/minecraft/nbt/NbtCompound;Lorg/spongepowered/asm/mixin/injection/callback/CallbackInfoReturnable;)V won't be passed a CallbackInfoReturnable as a result
[22:23:20] [main/DEBUG] (FabricLoader/Mixin) Mixing ServerPlayerEntityMixin from fabric-entity-events-v1.mixins.json into net.minecraft.server.network.ServerPlayerEntity
[22:23:20] [main/DEBUG] (FabricLoader/Mixin) fabric-entity-events-v1.mixins.json:ServerPlayerEntityMixin from mod fabric-entity-events-v1: Class version 65 required is higher than the class version supported by the current version of Mixin (JAVA_17 supports class version 61)
[22:23:20] [main/DEBUG] (FabricLoader/Mixin) Mixing ServerPlayer_actionPackMixin from carpet.mixins.json into net.minecraft.server.network.ServerPlayerEntity
[22:23:20] [main/DEBUG] (FabricLoader/Mixin) carpet.mixins.json:ServerPlayer_actionPackMixin from mod carpet: Class version 65 required is higher than the class version supported by the current version of Mixin (JAVA_17 supports class version 61)
[22:23:20] [main/DEBUG] (FabricLoader/Mixin) Mixing ServerPlayer_scarpetEventMixin from carpet.mixins.json into net.minecraft.server.network.ServerPlayerEntity
[22:23:20] [main/DEBUG] (FabricLoader/Mixin) carpet.mixins.json:ServerPlayer_scarpetEventMixin from mod carpet: Class version 65 required is higher than the class version supported by the current version of Mixin (JAVA_17 supports class version 61)
[22:23:20] [main/DEBUG] (FabricLoader/Mixin) Mixing EntityMixin from fabric-dimensions-v1.mixins.json into net.minecraft.server.network.ServerPlayerEntity
[22:23:20] [main/DEBUG] (FabricLoader/Mixin) fabric-dimensions-v1.mixins.json:EntityMixin from mod fabric-dimensions-v1: Class version 65 required is higher than the class version supported by the current version of Mixin (JAVA_17 supports class version 61)
[22:23:20] [main/DEBUG] (FabricLoader/Mixin) Mixing ServerPlayerEntityMixin from fabric-events-interaction-v0.mixins.json into net.minecraft.server.network.ServerPlayerEntity
[22:23:20] [main/DEBUG] (FabricLoader/Mixin) fabric-events-interaction-v0.mixins.json:ServerPlayerEntityMixin from mod fabric-events-interaction-v0: Class version 65 required is higher than the class version supported by the current version of Mixin (JAVA_17 supports class version 61)
[22:23:20] [main/DEBUG] (FabricLoader/Mixin) Mixing ServerPlayerEntityMixin from fabric-screen-handler-api-v1.mixins.json into net.minecraft.server.network.ServerPlayerEntity
[22:23:20] [main/DEBUG] (FabricLoader/Mixin) fabric-screen-handler-api-v1.mixins.json:ServerPlayerEntityMixin from mod fabric-screen-handler-api-v1: Class version 65 required is higher than the class version supported by the current version of Mixin (JAVA_17 supports class version 61)
[22:23:20] [main/DEBUG] (FabricLoader/Mixin) fabric-entity-events-v1.mixins.json:ServerPlayerEntityMixin from mod fabric-entity-events-v1->@Inject::callOnKillForPlayer(Lnet/minecraft/entity/damage/DamageSource;Lorg/spongepowered/asm/mixin/injection/callback/CallbackInfo;)V doesn't use it's CallbackInfo
[22:23:20] [main/DEBUG] (FabricLoader/Mixin) fabric-entity-events-v1.mixins.json:ServerPlayerEntityMixin from mod fabric-entity-events-v1->@Inject::callOnKillForPlayer(Lnet/minecraft/entity/damage/DamageSource;Lorg/spongepowered/asm/mixin/injection/callback/CallbackInfo;)V has 0 override(s) in child classes
[22:23:20] [main/DEBUG] (FabricLoader/Mixin) fabric-entity-events-v1.mixins.json:ServerPlayerEntityMixin from mod fabric-entity-events-v1->@Inject::callOnKillForPlayer(Lnet/minecraft/entity/damage/DamageSource;Lorg/spongepowered/asm/mixin/injection/callback/CallbackInfo;)V won't be passed a CallbackInfo as a result
[22:23:20] [main/DEBUG] (FabricLoader/Mixin) fabric-entity-events-v1.mixins.json:ServerPlayerEntityMixin from mod fabric-entity-events-v1->@Inject::notifyDeath(Lnet/minecraft/entity/damage/DamageSource;Lorg/spongepowered/asm/mixin/injection/callback/CallbackInfo;)V doesn't use it's CallbackInfo
[22:23:20] [main/DEBUG] (FabricLoader/Mixin) fabric-entity-events-v1.mixins.json:ServerPlayerEntityMixin from mod fabric-entity-events-v1->@Inject::notifyDeath(Lnet/minecraft/entity/damage/DamageSource;Lorg/spongepowered/asm/mixin/injection/callback/CallbackInfo;)V has 0 override(s) in child classes
[22:23:20] [main/DEBUG] (FabricLoader/Mixin) fabric-entity-events-v1.mixins.json:ServerPlayerEntityMixin from mod fabric-entity-events-v1->@Inject::notifyDeath(Lnet/minecraft/entity/damage/DamageSource;Lorg/spongepowered/asm/mixin/injection/callback/CallbackInfo;)V won't be passed a CallbackInfo as a result
[22:23:20] [main/DEBUG] (FabricLoader/Mixin) fabric-entity-events-v1.mixins.json:ServerPlayerEntityMixin from mod fabric-entity-events-v1->@Inject::afterWorldChanged(Lnet/minecraft/server/world/ServerWorld;Lorg/spongepowered/asm/mixin/injection/callback/CallbackInfo;)V doesn't use it's CallbackInfo
[22:23:20] [main/DEBUG] (FabricLoader/Mixin) fabric-entity-events-v1.mixins.json:ServerPlayerEntityMixin from mod fabric-entity-events-v1->@Inject::afterWorldChanged(Lnet/minecraft/server/world/ServerWorld;Lorg/spongepowered/asm/mixin/injection/callback/CallbackInfo;)V has 0 override(s) in child classes
[22:23:20] [main/DEBUG] (FabricLoader/Mixin) fabric-entity-events-v1.mixins.json:ServerPlayerEntityMixin from mod fabric-entity-events-v1->@Inject::afterWorldChanged(Lnet/minecraft/server/world/ServerWorld;Lorg/spongepowered/asm/mixin/injection/callback/CallbackInfo;)V won't be passed a CallbackInfo as a result
[22:23:20] [main/DEBUG] (FabricLoader/Mixin) fabric-entity-events-v1.mixins.json:ServerPlayerEntityMixin from mod fabric-entity-events-v1->@Inject::onCopyFrom(Lnet/minecraft/server/network/ServerPlayerEntity;ZLorg/spongepowered/asm/mixin/injection/callback/CallbackInfo;)V doesn't use it's CallbackInfo
[22:23:20] [main/DEBUG] (FabricLoader/Mixin) fabric-entity-events-v1.mixins.json:ServerPlayerEntityMixin from mod fabric-entity-events-v1->@Inject::onCopyFrom(Lnet/minecraft/server/network/ServerPlayerEntity;ZLorg/spongepowered/asm/mixin/injection/callback/CallbackInfo;)V has 0 override(s) in child classes
[22:23:20] [main/DEBUG] (FabricLoader/Mixin) fabric-entity-events-v1.mixins.json:ServerPlayerEntityMixin from mod fabric-entity-events-v1->@Inject::onCopyFrom(Lnet/minecraft/server/network/ServerPlayerEntity;ZLorg/spongepowered/asm/mixin/injection/callback/CallbackInfo;)V won't be passed a CallbackInfo as a result
[22:23:20] [main/DEBUG] (FabricLoader/Mixin) fabric-entity-events-v1.mixins.json:ServerPlayerEntityMixin from mod fabric-entity-events-v1->@Inject::onTrySleepDirectionCheck(Lnet/minecraft/util/math/BlockPos;Lorg/spongepowered/asm/mixin/injection/callback/CallbackInfoReturnable;Lnet/minecraft/util/math/Direction;)V does use it's CallbackInfoReturnable
[22:23:20] [main/DEBUG] (FabricLoader/Mixin) carpet.mixins.json:ServerPlayer_actionPackMixin from mod carpet->@Inject::onServerPlayerEntityContructor(Lnet/minecraft/server/MinecraftServer;Lnet/minecraft/server/world/ServerWorld;Lcom/mojang/authlib/GameProfile;Lnet/minecraft/network/packet/c2s/common/SyncedClientOptions;Lorg/spongepowered/asm/mixin/injection/callback/CallbackInfo;)V doesn't use it's CallbackInfo
[22:23:20] [main/DEBUG] (FabricLoader/Mixin) carpet.mixins.json:ServerPlayer_actionPackMixin from mod carpet->@Inject::onServerPlayerEntityContructor(Lnet/minecraft/server/MinecraftServer;Lnet/minecraft/server/world/ServerWorld;Lcom/mojang/authlib/GameProfile;Lnet/minecraft/network/packet/c2s/common/SyncedClientOptions;Lorg/spongepowered/asm/mixin/injection/callback/CallbackInfo;)V has 0 override(s) in child classes
[22:23:20] [main/DEBUG] (FabricLoader/Mixin) carpet.mixins.json:ServerPlayer_actionPackMixin from mod carpet->@Inject::onServerPlayerEntityContructor(Lnet/minecraft/server/MinecraftServer;Lnet/minecraft/server/world/ServerWorld;Lcom/mojang/authlib/GameProfile;Lnet/minecraft/network/packet/c2s/common/SyncedClientOptions;Lorg/spongepowered/asm/mixin/injection/callback/CallbackInfo;)V won't be passed a CallbackInfo as a result
[22:23:20] [main/DEBUG] (FabricLoader/Mixin) carpet.mixins.json:ServerPlayer_actionPackMixin from mod carpet->@Inject::onTick(Lorg/spongepowered/asm/mixin/injection/callback/CallbackInfo;)V doesn't use it's CallbackInfo
[22:23:20] [main/DEBUG] (FabricLoader/Mixin) carpet.mixins.json:ServerPlayer_actionPackMixin from mod carpet->@Inject::onTick(Lorg/spongepowered/asm/mixin/injection/callback/CallbackInfo;)V has 0 override(s) in child classes
[22:23:20] [main/DEBUG] (FabricLoader/Mixin) carpet.mixins.json:ServerPlayer_actionPackMixin from mod carpet->@Inject::onTick(Lorg/spongepowered/asm/mixin/injection/callback/CallbackInfo;)V won't be passed a CallbackInfo as a result
[22:23:20] [main/DEBUG] (FabricLoader/Mixin) carpet.mixins.json:ServerPlayer_scarpetEventMixin from mod carpet->@Inject::grabStat(Lnet/minecraft/stat/Stat;ILorg/spongepowered/asm/mixin/injection/callback/CallbackInfo;)V doesn't use it's CallbackInfo
[22:23:20] [main/DEBUG] (FabricLoader/Mixin) carpet.mixins.json:ServerPlayer_scarpetEventMixin from mod carpet->@Inject::grabStat(Lnet/minecraft/stat/Stat;ILorg/spongepowered/asm/mixin/injection/callback/CallbackInfo;)V has 0 override(s) in child classes
[22:23:20] [main/DEBUG] (FabricLoader/Mixin) carpet.mixins.json:ServerPlayer_scarpetEventMixin from mod carpet->@Inject::grabStat(Lnet/minecraft/stat/Stat;ILorg/spongepowered/asm/mixin/injection/callback/CallbackInfo;)V won't be passed a CallbackInfo as a result
[22:23:20] [main/DEBUG] (FabricLoader/Mixin) carpet.mixins.json:ServerPlayer_scarpetEventMixin from mod carpet->@Inject::onDeathEvent(Lnet/minecraft/entity/damage/DamageSource;Lorg/spongepowered/asm/mixin/injection/callback/CallbackInfo;)V doesn't use it's CallbackInfo
[22:23:20] [main/DEBUG] (FabricLoader/Mixin) carpet.mixins.json:ServerPlayer_scarpetEventMixin from mod carpet->@Inject::onDeathEvent(Lnet/minecraft/entity/damage/DamageSource;Lorg/spongepowered/asm/mixin/injection/callback/CallbackInfo;)V has 0 override(s) in child classes
[22:23:20] [main/DEBUG] (FabricLoader/Mixin) carpet.mixins.json:ServerPlayer_scarpetEventMixin from mod carpet->@Inject::onDeathEvent(Lnet/minecraft/entity/damage/DamageSource;Lorg/spongepowered/asm/mixin/injection/callback/CallbackInfo;)V won't be passed a CallbackInfo as a result
[22:23:20] [main/DEBUG] (FabricLoader/Mixin) carpet.mixins.json:ServerPlayer_scarpetEventMixin from mod carpet->@Inject::logPreviousCoordinates(Lnet/minecraft/server/world/ServerWorld;Lorg/spongepowered/asm/mixin/injection/callback/CallbackInfoReturnable;)V doesn't use it's CallbackInfoReturnable
[22:23:20] [main/DEBUG] (FabricLoader/Mixin) carpet.mixins.json:ServerPlayer_scarpetEventMixin from mod carpet->@Inject::logPreviousCoordinates(Lnet/minecraft/server/world/ServerWorld;Lorg/spongepowered/asm/mixin/injection/callback/CallbackInfoReturnable;)V has 0 override(s) in child classes
[22:23:20] [main/DEBUG] (FabricLoader/Mixin) carpet.mixins.json:ServerPlayer_scarpetEventMixin from mod carpet->@Inject::logPreviousCoordinates(Lnet/minecraft/server/world/ServerWorld;Lorg/spongepowered/asm/mixin/injection/callback/CallbackInfoReturnable;)V won't be passed a CallbackInfoReturnable as a result
[22:23:20] [main/DEBUG] (FabricLoader/Mixin) carpet.mixins.json:ServerPlayer_scarpetEventMixin from mod carpet->@Inject::atChangeDimension(Lnet/minecraft/server/world/ServerWorld;Lorg/spongepowered/asm/mixin/injection/callback/CallbackInfoReturnable;)V doesn't use it's CallbackInfoReturnable
[22:23:20] [main/DEBUG] (FabricLoader/Mixin) carpet.mixins.json:ServerPlayer_scarpetEventMixin from mod carpet->@Inject::atChangeDimension(Lnet/minecraft/server/world/ServerWorld;Lorg/spongepowered/asm/mixin/injection/callback/CallbackInfoReturnable;)V has 0 override(s) in child classes
[22:23:20] [main/DEBUG] (FabricLoader/Mixin) carpet.mixins.json:ServerPlayer_scarpetEventMixin from mod carpet->@Inject::atChangeDimension(Lnet/minecraft/server/world/ServerWorld;Lorg/spongepowered/asm/mixin/injection/callback/CallbackInfoReturnable;)V won't be passed a CallbackInfoReturnable as a result
[22:23:20] [main/DEBUG] (FabricLoader/Mixin) carpet.mixins.json:ServerPlayer_scarpetEventMixin from mod carpet->@Inject::atChangeDimension(Lnet/minecraft/server/world/ServerWorld;Lorg/spongepowered/asm/mixin/injection/callback/CallbackInfoReturnable;)V doesn't use it's CallbackInfoReturnable
[22:23:20] [main/DEBUG] (FabricLoader/Mixin) carpet.mixins.json:ServerPlayer_scarpetEventMixin from mod carpet->@Inject::atChangeDimension(Lnet/minecraft/server/world/ServerWorld;Lorg/spongepowered/asm/mixin/injection/callback/CallbackInfoReturnable;)V has 0 override(s) in child classes
[22:23:20] [main/DEBUG] (FabricLoader/Mixin) carpet.mixins.json:ServerPlayer_scarpetEventMixin from mod carpet->@Inject::atChangeDimension(Lnet/minecraft/server/world/ServerWorld;Lorg/spongepowered/asm/mixin/injection/callback/CallbackInfoReturnable;)V won't be passed a CallbackInfoReturnable as a result
[22:23:20] [main/DEBUG] (FabricLoader/Mixin) fabric-dimensions-v1.mixins.json:EntityMixin from mod fabric-dimensions-v1->@Inject::getTeleportTarget(Lnet/minecraft/server/world/ServerWorld;Lorg/spongepowered/asm/mixin/injection/callback/CallbackInfoReturnable;)V does use it's CallbackInfoReturnable
[22:23:20] [main/DEBUG] (FabricLoader/Mixin) fabric-events-interaction-v0.mixins.json:ServerPlayerEntityMixin from mod fabric-events-interaction-v0->@Inject::onPlayerInteractEntity(Lnet/minecraft/entity/Entity;Lorg/spongepowered/asm/mixin/injection/callback/CallbackInfo;)V does use it's CallbackInfo
[22:23:20] [main/DEBUG] (FabricLoader/Mixin) fabric-screen-handler-api-v1.mixins.json:ServerPlayerEntityMixin from mod fabric-screen-handler-api-v1->@Inject::fabric_storeOpenedScreenHandler(Lnet/minecraft/screen/NamedScreenHandlerFactory;Lorg/spongepowered/asm/mixin/injection/callback/CallbackInfoReturnable;Lnet/minecraft/screen/ScreenHandler;)V doesn't use it's CallbackInfoReturnable
[22:23:20] [main/DEBUG] (FabricLoader/Mixin) fabric-screen-handler-api-v1.mixins.json:ServerPlayerEntityMixin from mod fabric-screen-handler-api-v1->@Inject::fabric_storeOpenedScreenHandler(Lnet/minecraft/screen/NamedScreenHandlerFactory;Lorg/spongepowered/asm/mixin/injection/callback/CallbackInfoReturnable;Lnet/minecraft/screen/ScreenHandler;)V has 0 override(s) in child classes
[22:23:20] [main/DEBUG] (FabricLoader/Mixin) fabric-screen-handler-api-v1.mixins.json:ServerPlayerEntityMixin from mod fabric-screen-handler-api-v1->@Inject::fabric_storeOpenedScreenHandler(Lnet/minecraft/screen/NamedScreenHandlerFactory;Lorg/spongepowered/asm/mixin/injection/callback/CallbackInfoReturnable;Lnet/minecraft/screen/ScreenHandler;)V won't be passed a CallbackInfoReturnable as a result
[22:23:20] [main/DEBUG] (FabricLoader/Mixin) Mixing BootstrapMixin from fabric-registry-sync-v0.mixins.json into net.minecraft.Bootstrap
[22:23:20] [main/DEBUG] (FabricLoader/Mixin) fabric-registry-sync-v0.mixins.json:BootstrapMixin from mod fabric-registry-sync-v0: Class version 65 required is higher than the class version supported by the current version of Mixin (JAVA_17 supports class version 61)
[22:23:20] [main/DEBUG] (FabricLoader/Mixin) Renaming synthetic method lambda$initialize$1(Lnet/minecraft/fluid/Fluid;)Ljava/util/Collection; to mda8b304$fabric-registry-sync-v0$lambda$initialize$1$0 in fabric-registry-sync-v0.mixins.json:BootstrapMixin from mod fabric-registry-sync-v0
[22:23:20] [main/DEBUG] (FabricLoader/Mixin) Renaming synthetic method lambda$initialize$0(Lnet/minecraft/block/Block;)Ljava/util/Collection; to mda8b304$fabric-registry-sync-v0$lambda$initialize$0$1 in fabric-registry-sync-v0.mixins.json:BootstrapMixin from mod fabric-registry-sync-v0
[22:23:20] [main/DEBUG] (FabricLoader/Mixin) fabric-registry-sync-v0.mixins.json:BootstrapMixin from mod fabric-registry-sync-v0->@Inject::initialize(Lorg/spongepowered/asm/mixin/injection/callback/CallbackInfo;)V doesn't use it's CallbackInfo
[22:23:20] [main/DEBUG] (FabricLoader/Mixin) Mixing RegistriesMixin from fabric-item-api-v1.mixins.json into net.minecraft.registry.Registries
[22:23:20] [main/DEBUG] (FabricLoader/Mixin) fabric-item-api-v1.mixins.json:RegistriesMixin from mod fabric-item-api-v1: Class version 65 required is higher than the class version supported by the current version of Mixin (JAVA_17 supports class version 61)
[22:23:20] [main/DEBUG] (FabricLoader/Mixin) Mixing RegistriesAccessor from fabric-registry-sync-v0.mixins.json into net.minecraft.registry.Registries
[22:23:20] [main/DEBUG] (FabricLoader/Mixin) fabric-registry-sync-v0.mixins.json:RegistriesAccessor from mod fabric-registry-sync-v0: Class version 65 required is higher than the class version supported by the current version of Mixin (JAVA_17 supports class version 61)
[22:23:20] [main/DEBUG] (FabricLoader/Mixin) Renaming @Accessor method getROOT()Lnet/minecraft/registry/MutableRegistry; to getROOT$fabric-registry-sync-v0_$md$a8b304$0 in fabric-registry-sync-v0.mixins.json:RegistriesAccessor from mod fabric-registry-sync-v0
[22:23:20] [main/DEBUG] (FabricLoader/Mixin) Mixing RegistriesMixin from fabric-registry-sync-v0.mixins.json into net.minecraft.registry.Registries
[22:23:20] [main/DEBUG] (FabricLoader/Mixin) fabric-registry-sync-v0.mixins.json:RegistriesMixin from mod fabric-registry-sync-v0: Class version 65 required is higher than the class version supported by the current version of Mixin (JAVA_17 supports class version 61)
[22:23:20] [main/DEBUG] (FabricLoader/Mixin) fabric-item-api-v1.mixins.json:RegistriesMixin from mod fabric-item-api-v1->@Inject::modifyDefaultItemComponents(Lorg/spongepowered/asm/mixin/injection/callback/CallbackInfo;)V doesn't use it's CallbackInfo
[22:23:20] [main/DEBUG] (FabricLoader/Mixin) fabric-registry-sync-v0.mixins.json:RegistriesMixin from mod fabric-registry-sync-v0->@Inject::init(Lorg/spongepowered/asm/mixin/injection/callback/CallbackInfo;)V does use it's CallbackInfo
[22:23:20] [main/DEBUG] (FabricLoader/Mixin) Mixing SimpleRegistryMixin from fabric-registry-sync-v0.mixins.json into net.minecraft.registry.SimpleRegistry
[22:23:20] [main/DEBUG] (FabricLoader/Mixin) fabric-registry-sync-v0.mixins.json:SimpleRegistryMixin from mod fabric-registry-sync-v0: Class version 65 required is higher than the class version supported by the current version of Mixin (JAVA_17 supports class version 61)
[22:23:20] [main/DEBUG] (FabricLoader/Mixin) Renaming synthetic method lambda$init$3([Lnet/fabricmc/fabric/api/event/registry/RegistryIdRemapCallback;)Lnet/fabricmc/fabric/api/event/registry/RegistryIdRemapCallback; to mda8b304$fabric-registry-sync-v0$lambda$init$3$0 in fabric-registry-sync-v0.mixins.json:SimpleRegistryMixin from mod fabric-registry-sync-v0
[22:23:20] [main/DEBUG] (FabricLoader/Mixin) Renaming synthetic method lambda$init$2([Lnet/fabricmc/fabric/api/event/registry/RegistryIdRemapCallback;Lnet/fabricmc/fabric/api/event/registry/RegistryIdRemapCallback$RemapState;)V to mda8b304$fabric-registry-sync-v0$lambda$init$2$1 in fabric-registry-sync-v0.mixins.json:SimpleRegistryMixin from mod fabric-registry-sync-v0
[22:23:20] [main/DEBUG] (FabricLoader/Mixin) Renaming synthetic method lambda$init$1([Lnet/fabricmc/fabric/api/event/registry/RegistryEntryAddedCallback;)Lnet/fabricmc/fabric/api/event/registry/RegistryEntryAddedCallback; to mda8b304$fabric-registry-sync-v0$lambda$init$1$2 in fabric-registry-sync-v0.mixins.json:SimpleRegistryMixin from mod fabric-registry-sync-v0
[22:23:20] [main/DEBUG] (FabricLoader/Mixin) Renaming synthetic method lambda$init$0([Lnet/fabricmc/fabric/api/event/registry/RegistryEntryAddedCallback;ILnet/minecraft/util/Identifier;Ljava/lang/Object;)V to mda8b304$fabric-registry-sync-v0$lambda$init$0$3 in fabric-registry-sync-v0.mixins.json:SimpleRegistryMixin from mod fabric-registry-sync-v0
[22:23:20] [main/DEBUG] (FabricLoader/Mixin) fabric-registry-sync-v0.mixins.json:SimpleRegistryMixin from mod fabric-registry-sync-v0->@Inject::init(Lnet/minecraft/registry/RegistryKey;Lcom/mojang/serialization/Lifecycle;ZLorg/spongepowered/asm/mixin/injection/callback/CallbackInfo;)V doesn't use it's CallbackInfo
[22:23:20] [main/DEBUG] (FabricLoader/Mixin) fabric-registry-sync-v0.mixins.json:SimpleRegistryMixin from mod fabric-registry-sync-v0->@Inject::init(Lnet/minecraft/registry/RegistryKey;Lcom/mojang/serialization/Lifecycle;ZLorg/spongepowered/asm/mixin/injection/callback/CallbackInfo;)V has 0 override(s) in child classes
[22:23:20] [main/DEBUG] (FabricLoader/Mixin) fabric-registry-sync-v0.mixins.json:SimpleRegistryMixin from mod fabric-registry-sync-v0->@Inject::init(Lnet/minecraft/registry/RegistryKey;Lcom/mojang/serialization/Lifecycle;ZLorg/spongepowered/asm/mixin/injection/callback/CallbackInfo;)V won't be passed a CallbackInfo as a result
[22:23:20] [main/DEBUG] (FabricLoader/Mixin) fabric-registry-sync-v0.mixins.json:SimpleRegistryMixin from mod fabric-registry-sync-v0->@Inject::set(Lnet/minecraft/registry/RegistryKey;Ljava/lang/Object;Lnet/minecraft/registry/entry/RegistryEntryInfo;Lorg/spongepowered/asm/mixin/injection/callback/CallbackInfoReturnable;)V does use it's CallbackInfoReturnable
[22:23:21] [main/DEBUG] (FabricLoader/Mixin) Mixing ArgumentTypesMixin from fabric-gametest-api-v1.mixins.json into net.minecraft.command.argument.ArgumentTypes
[22:23:21] [main/DEBUG] (FabricLoader/Mixin) fabric-gametest-api-v1.mixins.json:ArgumentTypesMixin from mod fabric-gametest-api-v1: Class version 65 required is higher than the class version supported by the current version of Mixin (JAVA_17 supports class version 61)
[22:23:21] [main/DEBUG] (FabricLoader/Mixin) Mixing ArgumentTypesAccessor from fabric-command-api-v2.mixins.json into net.minecraft.command.argument.ArgumentTypes
[22:23:21] [main/DEBUG] (FabricLoader/Mixin) fabric-command-api-v2.mixins.json:ArgumentTypesAccessor from mod fabric-command-api-v2: Class version 65 required is higher than the class version supported by the current version of Mixin (JAVA_17 supports class version 61)
[22:23:21] [main/DEBUG] (FabricLoader/Mixin) Renaming @Accessor method fabric_getClassMap()Ljava/util/Map; to fabric_getClassMap$fabric-command-api-v2_$md$a8b304$0 in fabric-command-api-v2.mixins.json:ArgumentTypesAccessor from mod fabric-command-api-v2
[22:23:21] [main/DEBUG] (FabricLoader/Mixin) fabric-gametest-api-v1.mixins.json:ArgumentTypesMixin from mod fabric-gametest-api-v1->@Inject::register(Lnet/minecraft/registry/Registry;Lorg/spongepowered/asm/mixin/injection/callback/CallbackInfoReturnable;)V doesn't use it's CallbackInfoReturnable
[22:23:21] [main/DEBUG] (FabricLoader/Mixin) Mixing ItemGroupsMixin from fabric-item-group-api-v1.mixins.json into net.minecraft.item.ItemGroups
[22:23:21] [main/DEBUG] (FabricLoader/Mixin) fabric-item-group-api-v1.mixins.json:ItemGroupsMixin from mod fabric-item-group-api-v1: Class version 65 required is higher than the class version supported by the current version of Mixin (JAVA_17 supports class version 61)
[22:23:21] [main/DEBUG] (FabricLoader/Mixin) Renaming synthetic method lambda$paginateGroups$0(Lnet/minecraft/registry/entry/RegistryEntry$Reference;Lnet/minecraft/registry/entry/RegistryEntry$Reference;)I to mda8b304$fabric-item-group-api-v1$lambda$paginateGroups$0$0 in fabric-item-group-api-v1.mixins.json:ItemGroupsMixin from mod fabric-item-group-api-v1
[22:23:21] [main/DEBUG] (FabricLoader/Mixin) fabric-item-group-api-v1.mixins.json:ItemGroupsMixin from mod fabric-item-group-api-v1->@Inject::deferDuplicateCheck(Lorg/spongepowered/asm/mixin/injection/callback/CallbackInfo;)V does use it's CallbackInfo
[22:23:21] [main/DEBUG] (FabricLoader/Mixin) fabric-item-group-api-v1.mixins.json:ItemGroupsMixin from mod fabric-item-group-api-v1->@Inject::paginateGroups(Lorg/spongepowered/asm/mixin/injection/callback/CallbackInfo;)V doesn't use it's CallbackInfo
[22:23:21] [main/DEBUG] (FabricLoader/Mixin) Mixing ItemGroupAccessor from fabric-item-group-api-v1.mixins.json into net.minecraft.item.ItemGroup
[22:23:21] [main/DEBUG] (FabricLoader/Mixin) fabric-item-group-api-v1.mixins.json:ItemGroupAccessor from mod fabric-item-group-api-v1: Class version 65 required is higher than the class version supported by the current version of Mixin (JAVA_17 supports class version 61)
[22:23:21] [main/DEBUG] (FabricLoader/Mixin) Mixing ItemGroupMixin from fabric-item-group-api-v1.mixins.json into net.minecraft.item.ItemGroup
[22:23:21] [main/DEBUG] (FabricLoader/Mixin) fabric-item-group-api-v1.mixins.json:ItemGroupMixin from mod fabric-item-group-api-v1: Class version 65 required is higher than the class version supported by the current version of Mixin (JAVA_17 supports class version 61)
[22:23:21] [main/DEBUG] (FabricLoader/Mixin) Renaming synthetic method lambda$getStacks$0(Lnet/minecraft/item/ItemGroup;)Ljava/lang/IllegalStateException; to mda8b304$fabric-item-group-api-v1$lambda$getStacks$0$0 in fabric-item-group-api-v1.mixins.json:ItemGroupMixin from mod fabric-item-group-api-v1
[22:23:21] [main/DEBUG] (FabricLoader/Mixin) fabric-item-group-api-v1.mixins.json:ItemGroupMixin from mod fabric-item-group-api-v1->@Inject::getStacks(Lnet/minecraft/item/ItemGroup$DisplayContext;Lorg/spongepowered/asm/mixin/injection/callback/CallbackInfo;)V doesn't use it's CallbackInfo
[22:23:21] [main/DEBUG] (FabricLoader/Mixin) fabric-item-group-api-v1.mixins.json:ItemGroupMixin from mod fabric-item-group-api-v1->@Inject::getStacks(Lnet/minecraft/item/ItemGroup$DisplayContext;Lorg/spongepowered/asm/mixin/injection/callback/CallbackInfo;)V has 0 override(s) in child classes
[22:23:21] [main/DEBUG] (FabricLoader/Mixin) fabric-item-group-api-v1.mixins.json:ItemGroupMixin from mod fabric-item-group-api-v1->@Inject::getStacks(Lnet/minecraft/item/ItemGroup$DisplayContext;Lorg/spongepowered/asm/mixin/injection/callback/CallbackInfo;)V won't be passed a CallbackInfo as a result
[22:23:21] [main/DEBUG] (FabricLoader/Mixin) Mixing FireBlockMixin from fabric-content-registries-v0.mixins.json into net.minecraft.block.FireBlock
[22:23:21] [main/DEBUG] (FabricLoader/Mixin) fabric-content-registries-v0.mixins.json:FireBlockMixin from mod fabric-content-registries-v0: Class version 65 required is higher than the class version supported by the current version of Mixin (JAVA_17 supports class version 61)
[22:23:21] [main/DEBUG] (FabricLoader/Mixin) fabric-content-registries-v0.mixins.json:FireBlockMixin from mod fabric-content-registries-v0->@Inject::afterConstruct(Lnet/minecraft/block/AbstractBlock$Settings;Lorg/spongepowered/asm/mixin/injection/callback/CallbackInfo;)V doesn't use it's CallbackInfo
[22:23:21] [main/DEBUG] (FabricLoader/Mixin) fabric-content-registries-v0.mixins.json:FireBlockMixin from mod fabric-content-registries-v0->@Inject::afterConstruct(Lnet/minecraft/block/AbstractBlock$Settings;Lorg/spongepowered/asm/mixin/injection/callback/CallbackInfo;)V has 0 override(s) in child classes
[22:23:21] [main/DEBUG] (FabricLoader/Mixin) fabric-content-registries-v0.mixins.json:FireBlockMixin from mod fabric-content-registries-v0->@Inject::afterConstruct(Lnet/minecraft/block/AbstractBlock$Settings;Lorg/spongepowered/asm/mixin/injection/callback/CallbackInfo;)V won't be passed a CallbackInfo as a result
[22:23:21] [main/DEBUG] (FabricLoader/Mixin) fabric-content-registries-v0.mixins.json:FireBlockMixin from mod fabric-content-registries-v0->@Inject::getFabricBurnChance(Lnet/minecraft/block/BlockState;Lorg/spongepowered/asm/mixin/injection/callback/CallbackInfoReturnable;)V does use it's CallbackInfoReturnable
[22:23:21] [main/DEBUG] (FabricLoader/Mixin) fabric-content-registries-v0.mixins.json:FireBlockMixin from mod fabric-content-registries-v0->@Inject::getFabricSpreadChance(Lnet/minecraft/block/BlockState;Lorg/spongepowered/asm/mixin/injection/callback/CallbackInfoReturnable;)V does use it's CallbackInfoReturnable
[22:23:21] [main/DEBUG] (FabricLoader/Mixin) Mixing BlockMixin from fabric-block-api-v1.mixins.json into net.minecraft.block.Block
[22:23:21] [main/DEBUG] (FabricLoader/Mixin) fabric-block-api-v1.mixins.json:BlockMixin from mod fabric-block-api-v1: Class version 65 required is higher than the class version supported by the current version of Mixin (JAVA_17 supports class version 61)
[22:23:21] [main/DEBUG] (FabricLoader/Mixin) Mixing AbstractBlockAccessor from fabric-object-builder-v1.mixins.json into net.minecraft.block.AbstractBlock
[22:23:21] [main/DEBUG] (FabricLoader/Mixin) fabric-object-builder-v1.mixins.json:AbstractBlockAccessor from mod fabric-object-builder-api-v1: Class version 65 required is higher than the class version supported by the current version of Mixin (JAVA_17 supports class version 61)
[22:23:21] [main/DEBUG] (FabricLoader/Mixin) Mixing Explosion_xpFromBlocksMixin from carpet.mixins.json into net.minecraft.block.AbstractBlock
[22:23:21] [main/DEBUG] (FabricLoader/Mixin) carpet.mixins.json:Explosion_xpFromBlocksMixin from mod carpet: Class version 65 required is higher than the class version supported by the current version of Mixin (JAVA_17 supports class version 61)
[22:23:21] [main/DEBUG] (FabricLoader/Mixin) Mixing BlockViewMixin from fabric-block-view-api-v2.mixins.json into net.minecraft.world.BlockView
[22:23:21] [main/DEBUG] (FabricLoader/Mixin) fabric-block-view-api-v2.mixins.json:BlockViewMixin from mod fabric-block-view-api-v2: Class version 65 required is higher than the class version supported by the current version of Mixin (JAVA_17 supports class version 61)
[22:23:21] [main/DEBUG] (FabricLoader/Mixin) Mixing ItemEntityMixin from carpet.mixins.json into net.minecraft.entity.ItemEntity
[22:23:21] [main/DEBUG] (FabricLoader/Mixin) carpet.mixins.json:ItemEntityMixin from mod carpet: Class version 65 required is higher than the class version supported by the current version of Mixin (JAVA_17 supports class version 61)
[22:23:21] [main/DEBUG] (FabricLoader/Mixin) Mixing Level_fillUpdatesMixin from carpet.mixins.json into net.minecraft.world.World
[22:23:21] [main/DEBUG] (FabricLoader/Mixin) carpet.mixins.json:Level_fillUpdatesMixin from mod carpet: Class version 65 required is higher than the class version supported by the current version of Mixin (JAVA_17 supports class version 61)
[22:23:21] [main/DEBUG] (FabricLoader/Mixin) Mixing Level_tickMixin from carpet.mixins.json into net.minecraft.world.World
[22:23:21] [main/DEBUG] (FabricLoader/Mixin) carpet.mixins.json:Level_tickMixin from mod carpet: Class version 65 required is higher than the class version supported by the current version of Mixin (JAVA_17 supports class version 61)
[22:23:21] [main/DEBUG] (FabricLoader/Mixin) Mixing Level_getOtherEntitiesLimited from carpet.mixins.json into net.minecraft.world.World
[22:23:21] [main/DEBUG] (FabricLoader/Mixin) carpet.mixins.json:Level_getOtherEntitiesLimited from mod carpet: Class version 65 required is higher than the class version supported by the current version of Mixin (JAVA_17 supports class version 61)
[22:23:21] [main/DEBUG] (FabricLoader/Mixin) Renaming synthetic method lambda$getOtherEntitiesLimited$0(Ljava/util/concurrent/atomic/AtomicInteger;ILnet/minecraft/entity/Entity;Ljava/util/function/Predicate;Ljava/util/List;Lnet/minecraft/entity/Entity;)V to mda8b304$carpet$lambda$getOtherEntitiesLimited$0$0 in carpet.mixins.json:Level_getOtherEntitiesLimited from mod carpet
[22:23:21] [main/DEBUG] (FabricLoader/Mixin) Mixing Level_scarpetPlopMixin from carpet.mixins.json into net.minecraft.world.World
[22:23:21] [main/DEBUG] (FabricLoader/Mixin) carpet.mixins.json:Level_scarpetPlopMixin from mod carpet: Class version 65 required is higher than the class version supported by the current version of Mixin (JAVA_17 supports class version 61)
[22:23:21] [main/DEBUG] (FabricLoader/Mixin) Mixing Level_movableBEMixin from carpet.mixins.json into net.minecraft.world.World
[22:23:21] [main/DEBUG] (FabricLoader/Mixin) carpet.mixins.json:Level_movableBEMixin from mod carpet: Class version 65 required is higher than the class version supported by the current version of Mixin (JAVA_17 supports class version 61)
[22:23:21] [main/DEBUG] (FabricLoader/Mixin) Mixing WorldMixin from fabric-lifecycle-events-v1.mixins.json into net.minecraft.world.World
[22:23:21] [main/DEBUG] (FabricLoader/Mixin) fabric-lifecycle-events-v1.mixins.json:WorldMixin from mod fabric-lifecycle-events-v1: Class version 65 required is higher than the class version supported by the current version of Mixin (JAVA_17 supports class version 61)
[22:23:21] [main/DEBUG] (FabricLoader/Mixin) Mixing AttachmentTargetsMixin from fabric-data-attachment-api-v1.mixins.json into net.minecraft.world.World
[22:23:21] [main/DEBUG] (FabricLoader/Mixin) fabric-data-attachment-api-v1.mixins.json:AttachmentTargetsMixin from mod fabric-data-attachment-api-v1: Class version 65 required is higher than the class version supported by the current version of Mixin (JAVA_17 supports class version 61)
[22:23:21] [main/DEBUG] (FabricLoader/Mixin) carpet.mixins.json:Level_tickMixin from mod carpet->@Inject::startBlockEntities(Lorg/spongepowered/asm/mixin/injection/callback/CallbackInfo;)V doesn't use it's CallbackInfo
[22:23:21] [main/DEBUG] (FabricLoader/Mixin) carpet.mixins.json:Level_tickMixin from mod carpet->@Inject::startBlockEntities(Lorg/spongepowered/asm/mixin/injection/callback/CallbackInfo;)V has 0 override(s) in child classes
[22:23:21] [main/DEBUG] (FabricLoader/Mixin) carpet.mixins.json:Level_tickMixin from mod carpet->@Inject::startBlockEntities(Lorg/spongepowered/asm/mixin/injection/callback/CallbackInfo;)V won't be passed a CallbackInfo as a result
[22:23:21] [main/DEBUG] (FabricLoader/Mixin) carpet.mixins.json:Level_tickMixin from mod carpet->@Inject::endBlockEntities(Lorg/spongepowered/asm/mixin/injection/callback/CallbackInfo;)V doesn't use it's CallbackInfo
[22:23:21] [main/DEBUG] (FabricLoader/Mixin) carpet.mixins.json:Level_tickMixin from mod carpet->@Inject::endBlockEntities(Lorg/spongepowered/asm/mixin/injection/callback/CallbackInfo;)V has 0 override(s) in child classes
[22:23:21] [main/DEBUG] (FabricLoader/Mixin) carpet.mixins.json:Level_tickMixin from mod carpet->@Inject::endBlockEntities(Lorg/spongepowered/asm/mixin/injection/callback/CallbackInfo;)V won't be passed a CallbackInfo as a result
[22:23:21] [main/DEBUG] (FabricLoader/Mixin) carpet.mixins.json:Level_tickMixin from mod carpet->@Inject::startEntity(Ljava/util/function/Consumer;Lnet/minecraft/entity/Entity;Lorg/spongepowered/asm/mixin/injection/callback/CallbackInfo;)V doesn't use it's CallbackInfo
[22:23:21] [main/DEBUG] (FabricLoader/Mixin) carpet.mixins.json:Level_tickMixin from mod carpet->@Inject::startEntity(Ljava/util/function/Consumer;Lnet/minecraft/entity/Entity;Lorg/spongepowered/asm/mixin/injection/callback/CallbackInfo;)V has 0 override(s) in child classes
[22:23:21] [main/DEBUG] (FabricLoader/Mixin) carpet.mixins.json:Level_tickMixin from mod carpet->@Inject::startEntity(Ljava/util/function/Consumer;Lnet/minecraft/entity/Entity;Lorg/spongepowered/asm/mixin/injection/callback/CallbackInfo;)V won't be passed a CallbackInfo as a result
[22:23:21] [main/DEBUG] (FabricLoader/Mixin) carpet.mixins.json:Level_tickMixin from mod carpet->@Inject::endEntity(Ljava/util/function/Consumer;Lnet/minecraft/entity/Entity;Lorg/spongepowered/asm/mixin/injection/callback/CallbackInfo;)V doesn't use it's CallbackInfo
[22:23:21] [main/DEBUG] (FabricLoader/Mixin) carpet.mixins.json:Level_tickMixin from mod carpet->@Inject::endEntity(Ljava/util/function/Consumer;Lnet/minecraft/entity/Entity;Lorg/spongepowered/asm/mixin/injection/callback/CallbackInfo;)V has 0 override(s) in child classes
[22:23:21] [main/DEBUG] (FabricLoader/Mixin) carpet.mixins.json:Level_tickMixin from mod carpet->@Inject::endEntity(Ljava/util/function/Consumer;Lnet/minecraft/entity/Entity;Lorg/spongepowered/asm/mixin/injection/callback/CallbackInfo;)V won't be passed a CallbackInfo as a result
[22:23:21] [main/DEBUG] (FabricLoader/Mixin) Mixing WorldViewMixin from fabric-rendering-data-attachment-v1.mixins.json into net.minecraft.world.WorldView
[22:23:21] [main/DEBUG] (FabricLoader/Mixin) fabric-rendering-data-attachment-v1.mixins.json:WorldViewMixin from mod fabric-rendering-data-attachment-v1: Class version 65 required is higher than the class version supported by the current version of Mixin (JAVA_17 supports class version 61)
[22:23:21] [main/DEBUG] (FabricLoader/Mixin) Mixing ServerLevel_tickMixin from carpet.mixins.json into net.minecraft.server.world.ServerWorld
[22:23:21] [main/DEBUG] (FabricLoader/Mixin) carpet.mixins.json:ServerLevel_tickMixin from mod carpet: Class version 65 required is higher than the class version supported by the current version of Mixin (JAVA_17 supports class version 61)
[22:23:21] [main/DEBUG] (FabricLoader/Mixin) Mixing ServerLevel_scarpetMixin from carpet.mixins.json into net.minecraft.server.world.ServerWorld
[22:23:21] [main/DEBUG] (FabricLoader/Mixin) carpet.mixins.json:ServerLevel_scarpetMixin from mod carpet: Class version 65 required is higher than the class version supported by the current version of Mixin (JAVA_17 supports class version 61)
[22:23:21] [main/DEBUG] (FabricLoader/Mixin) Discarding sythetic bridge method synthetic in getChunk because existing method in carpet.mixins.json:ServerLevel_scarpetMixin from mod carpet is compatible
[22:23:21] [main/DEBUG] (FabricLoader/Mixin) Mixing ServerWorldMixin from fabric-lifecycle-events-v1.mixins.json into net.minecraft.server.world.ServerWorld
[22:23:21] [main/DEBUG] (FabricLoader/Mixin) fabric-lifecycle-events-v1.mixins.json:ServerWorldMixin from mod fabric-lifecycle-events-v1: Class version 65 required is higher than the class version supported by the current version of Mixin (JAVA_17 supports class version 61)
[22:23:21] [main/DEBUG] (FabricLoader/Mixin) Mixing ServerWorldMixin from fabric-data-attachment-api-v1.mixins.json into net.minecraft.server.world.ServerWorld
[22:23:21] [main/DEBUG] (FabricLoader/Mixin) fabric-data-attachment-api-v1.mixins.json:ServerWorldMixin from mod fabric-data-attachment-api-v1: Class version 65 required is higher than the class version supported by the current version of Mixin (JAVA_17 supports class version 61)
[22:23:21] [main/DEBUG] (FabricLoader/Mixin) Renaming synthetic method lambda$createAttachmentsPersistentState$1(Lnet/minecraft/server/world/ServerWorld;Lnet/minecraft/nbt/NbtCompound;Lnet/minecraft/registry/RegistryWrapper$WrapperLookup;)Lnet/fabricmc/fabric/impl/attachment/AttachmentPersistentState; to mda8b304$fabric-data-attachment-api-v1$lambda$createAttachmentsPersistentState$1$0 in fabric-data-attachment-api-v1.mixins.json:ServerWorldMixin from mod fabric-data-attachment-api-v1
[22:23:21] [main/DEBUG] (FabricLoader/Mixin) Renaming synthetic method lambda$createAttachmentsPersistentState$0(Lnet/minecraft/server/world/ServerWorld;)Lnet/fabricmc/fabric/impl/attachment/AttachmentPersistentState; to mda8b304$fabric-data-attachment-api-v1$lambda$createAttachmentsPersistentState$0$1 in fabric-data-attachment-api-v1.mixins.json:ServerWorldMixin from mod fabric-data-attachment-api-v1
[22:23:21] [main/DEBUG] (FabricLoader/Mixin) Mixing ServerWorldMixin from fabric-api-lookup-api-v1.mixins.json into net.minecraft.server.world.ServerWorld
[22:23:21] [main/DEBUG] (FabricLoader/Mixin) fabric-api-lookup-api-v1.mixins.json:ServerWorldMixin from mod fabric-api-lookup-api-v1: Class version 65 required is higher than the class version supported by the current version of Mixin (JAVA_17 supports class version 61)
[22:23:21] [main/DEBUG] (FabricLoader/Mixin) Renaming synthetic method lambda$fabric_invalidateCache$5(Ljava/util/Map$Entry;)Z to mda8b304$fabric-api-lookup-api-v1$lambda$fabric_invalidateCache$5$2 in fabric-api-lookup-api-v1.mixins.json:ServerWorldMixin from mod fabric-api-lookup-api-v1
[22:23:21] [main/DEBUG] (FabricLoader/Mixin) Renaming synthetic method lambda$fabric_invalidateCache$4(Ljava/lang/ref/WeakReference;)Z to mda8b304$fabric-api-lookup-api-v1$lambda$fabric_invalidateCache$4$3 in fabric-api-lookup-api-v1.mixins.json:ServerWorldMixin from mod fabric-api-lookup-api-v1
[22:23:21] [main/DEBUG] (FabricLoader/Mixin) Renaming synthetic method lambda$fabric_invalidateCache$3(Ljava/lang/ref/WeakReference;)V to mda8b304$fabric-api-lookup-api-v1$lambda$fabric_invalidateCache$3$4 in fabric-api-lookup-api-v1.mixins.json:ServerWorldMixin from mod fabric-api-lookup-api-v1
[22:23:21] [main/DEBUG] (FabricLoader/Mixin) Renaming synthetic method lambda$fabric_invalidateCache$2(Ljava/lang/ref/WeakReference;)Z to mda8b304$fabric-api-lookup-api-v1$lambda$fabric_invalidateCache$2$5 in fabric-api-lookup-api-v1.mixins.json:ServerWorldMixin from mod fabric-api-lookup-api-v1
[22:23:21] [main/DEBUG] (FabricLoader/Mixin) Renaming synthetic method lambda$fabric_registerCache$1(Ljava/lang/ref/WeakReference;)Z to mda8b304$fabric-api-lookup-api-v1$lambda$fabric_registerCache$1$6 in fabric-api-lookup-api-v1.mixins.json:ServerWorldMixin from mod fabric-api-lookup-api-v1
[22:23:21] [main/DEBUG] (FabricLoader/Mixin) Renaming synthetic method lambda$fabric_registerCache$0(Lnet/minecraft/util/math/BlockPos;)Ljava/util/List; to mda8b304$fabric-api-lookup-api-v1$lambda$fabric_registerCache$0$7 in fabric-api-lookup-api-v1.mixins.json:ServerWorldMixin from mod fabric-api-lookup-api-v1
[22:23:21] [main/DEBUG] (FabricLoader/Mixin) carpet.mixins.json:ServerLevel_tickMixin from mod carpet->@Inject::startWeatherSection(Ljava/util/function/BooleanSupplier;Lorg/spongepowered/asm/mixin/injection/callback/CallbackInfo;)V doesn't use it's CallbackInfo
[22:23:21] [main/DEBUG] (FabricLoader/Mixin) carpet.mixins.json:ServerLevel_tickMixin from mod carpet->@Inject::startWeatherSection(Ljava/util/function/BooleanSupplier;Lorg/spongepowered/asm/mixin/injection/callback/CallbackInfo;)V has 0 override(s) in child classes
[22:23:21] [main/DEBUG] (FabricLoader/Mixin) carpet.mixins.json:ServerLevel_tickMixin from mod carpet->@Inject::startWeatherSection(Ljava/util/function/BooleanSupplier;Lorg/spongepowered/asm/mixin/injection/callback/CallbackInfo;)V won't be passed a CallbackInfo as a result
[22:23:21] [main/DEBUG] (FabricLoader/Mixin) carpet.mixins.json:ServerLevel_tickMixin from mod carpet->@Inject::stopWeatherStartTileTicks(Ljava/util/function/BooleanSupplier;Lorg/spongepowered/asm/mixin/injection/callback/CallbackInfo;)V doesn't use it's CallbackInfo
[22:23:21] [main/DEBUG] (FabricLoader/Mixin) carpet.mixins.json:ServerLevel_tickMixin from mod carpet->@Inject::stopWeatherStartTileTicks(Ljava/util/function/BooleanSupplier;Lorg/spongepowered/asm/mixin/injection/callback/CallbackInfo;)V has 0 override(s) in child classes
[22:23:21] [main/DEBUG] (FabricLoader/Mixin) carpet.mixins.json:ServerLevel_tickMixin from mod carpet->@Inject::stopWeatherStartTileTicks(Ljava/util/function/BooleanSupplier;Lorg/spongepowered/asm/mixin/injection/callback/CallbackInfo;)V won't be passed a CallbackInfo as a result
[22:23:21] [main/DEBUG] (FabricLoader/Mixin) carpet.mixins.json:ServerLevel_tickMixin from mod carpet->@Inject::stopTileTicksStartRaid(Ljava/util/function/BooleanSupplier;Lorg/spongepowered/asm/mixin/injection/callback/CallbackInfo;)V doesn't use it's CallbackInfo
[22:23:21] [main/DEBUG] (FabricLoader/Mixin) carpet.mixins.json:ServerLevel_tickMixin from mod carpet->@Inject::stopTileTicksStartRaid(Ljava/util/function/BooleanSupplier;Lorg/spongepowered/asm/mixin/injection/callback/CallbackInfo;)V has 0 override(s) in child classes
[22:23:21] [main/DEBUG] (FabricLoader/Mixin) carpet.mixins.json:ServerLevel_tickMixin from mod carpet->@Inject::stopTileTicksStartRaid(Ljava/util/function/BooleanSupplier;Lorg/spongepowered/asm/mixin/injection/callback/CallbackInfo;)V won't be passed a CallbackInfo as a result
[22:23:21] [main/DEBUG] (FabricLoader/Mixin) carpet.mixins.json:ServerLevel_tickMixin from mod carpet->@Inject::stopRaid(Ljava/util/function/BooleanSupplier;Lorg/spongepowered/asm/mixin/injection/callback/CallbackInfo;)V doesn't use it's CallbackInfo
[22:23:21] [main/DEBUG] (FabricLoader/Mixin) carpet.mixins.json:ServerLevel_tickMixin from mod carpet->@Inject::stopRaid(Ljava/util/function/BooleanSupplier;Lorg/spongepowered/asm/mixin/injection/callback/CallbackInfo;)V has 0 override(s) in child classes
[22:23:21] [main/DEBUG] (FabricLoader/Mixin) carpet.mixins.json:ServerLevel_tickMixin from mod carpet->@Inject::stopRaid(Ljava/util/function/BooleanSupplier;Lorg/spongepowered/asm/mixin/injection/callback/CallbackInfo;)V won't be passed a CallbackInfo as a result
[22:23:21] [main/DEBUG] (FabricLoader/Mixin) carpet.mixins.json:ServerLevel_tickMixin from mod carpet->@Inject::startBlockEvents(Ljava/util/function/BooleanSupplier;Lorg/spongepowered/asm/mixin/injection/callback/CallbackInfo;)V doesn't use it's CallbackInfo
[22:23:21] [main/DEBUG] (FabricLoader/Mixin) carpet.mixins.json:ServerLevel_tickMixin from mod carpet->@Inject::startBlockEvents(Ljava/util/function/BooleanSupplier;Lorg/spongepowered/asm/mixin/injection/callback/CallbackInfo;)V has 0 override(s) in child classes
[22:23:21] [main/DEBUG] (FabricLoader/Mixin) carpet.mixins.json:ServerLevel_tickMixin from mod carpet->@Inject::startBlockEvents(Ljava/util/function/BooleanSupplier;Lorg/spongepowered/asm/mixin/injection/callback/CallbackInfo;)V won't be passed a CallbackInfo as a result
[22:23:21] [main/DEBUG] (FabricLoader/Mixin) carpet.mixins.json:ServerLevel_tickMixin from mod carpet->@Inject::stopBlockEventsStartEntitySection(Ljava/util/function/BooleanSupplier;Lorg/spongepowered/asm/mixin/injection/callback/CallbackInfo;)V doesn't use it's CallbackInfo
[22:23:21] [main/DEBUG] (FabricLoader/Mixin) carpet.mixins.json:ServerLevel_tickMixin from mod carpet->@Inject::stopBlockEventsStartEntitySection(Ljava/util/function/BooleanSupplier;Lorg/spongepowered/asm/mixin/injection/callback/CallbackInfo;)V has 0 override(s) in child classes
[22:23:21] [main/DEBUG] (FabricLoader/Mixin) carpet.mixins.json:ServerLevel_tickMixin from mod carpet->@Inject::stopBlockEventsStartEntitySection(Ljava/util/function/BooleanSupplier;Lorg/spongepowered/asm/mixin/injection/callback/CallbackInfo;)V won't be passed a CallbackInfo as a result
[22:23:21] [main/DEBUG] (FabricLoader/Mixin) carpet.mixins.json:ServerLevel_tickMixin from mod carpet->@Inject::endEntitySection(Ljava/util/function/BooleanSupplier;Lorg/spongepowered/asm/mixin/injection/callback/CallbackInfo;)V doesn't use it's CallbackInfo
[22:23:21] [main/DEBUG] (FabricLoader/Mixin) carpet.mixins.json:ServerLevel_tickMixin from mod carpet->@Inject::endEntitySection(Ljava/util/function/BooleanSupplier;Lorg/spongepowered/asm/mixin/injection/callback/CallbackInfo;)V has 0 override(s) in child classes
[22:23:21] [main/DEBUG] (FabricLoader/Mixin) carpet.mixins.json:ServerLevel_tickMixin from mod carpet->@Inject::endEntitySection(Ljava/util/function/BooleanSupplier;Lorg/spongepowered/asm/mixin/injection/callback/CallbackInfo;)V won't be passed a CallbackInfo as a result
[22:23:21] [main/DEBUG] (FabricLoader/Mixin) carpet.mixins.json:ServerLevel_tickMixin from mod carpet->@Inject::startThunderSpawningSection(Lorg/spongepowered/asm/mixin/injection/callback/CallbackInfo;)V doesn't use it's CallbackInfo
[22:23:21] [main/DEBUG] (FabricLoader/Mixin) carpet.mixins.json:ServerLevel_tickMixin from mod carpet->@Inject::startThunderSpawningSection(Lorg/spongepowered/asm/mixin/injection/callback/CallbackInfo;)V has 0 override(s) in child classes
[22:23:21] [main/DEBUG] (FabricLoader/Mixin) carpet.mixins.json:ServerLevel_tickMixin from mod carpet->@Inject::startThunderSpawningSection(Lorg/spongepowered/asm/mixin/injection/callback/CallbackInfo;)V won't be passed a CallbackInfo as a result
[22:23:21] [main/DEBUG] (FabricLoader/Mixin) carpet.mixins.json:ServerLevel_tickMixin from mod carpet->@Inject::endThunderSpawningAndStartIceSnowRandomTicks(Lorg/spongepowered/asm/mixin/injection/callback/CallbackInfo;)V doesn't use it's CallbackInfo
[22:23:21] [main/DEBUG] (FabricLoader/Mixin) carpet.mixins.json:ServerLevel_tickMixin from mod carpet->@Inject::endThunderSpawningAndStartIceSnowRandomTicks(Lorg/spongepowered/asm/mixin/injection/callback/CallbackInfo;)V has 0 override(s) in child classes
[22:23:21] [main/DEBUG] (FabricLoader/Mixin) carpet.mixins.json:ServerLevel_tickMixin from mod carpet->@Inject::endThunderSpawningAndStartIceSnowRandomTicks(Lorg/spongepowered/asm/mixin/injection/callback/CallbackInfo;)V won't be passed a CallbackInfo as a result
[22:23:21] [main/DEBUG] (FabricLoader/Mixin) carpet.mixins.json:ServerLevel_tickMixin from mod carpet->@Inject::endIceAndSnowAndStartRandomTicks(Lorg/spongepowered/asm/mixin/injection/callback/CallbackInfo;)V doesn't use it's CallbackInfo
[22:23:21] [main/DEBUG] (FabricLoader/Mixin) carpet.mixins.json:ServerLevel_tickMixin from mod carpet->@Inject::endIceAndSnowAndStartRandomTicks(Lorg/spongepowered/asm/mixin/injection/callback/CallbackInfo;)V has 0 override(s) in child classes
[22:23:21] [main/DEBUG] (FabricLoader/Mixin) carpet.mixins.json:ServerLevel_tickMixin from mod carpet->@Inject::endIceAndSnowAndStartRandomTicks(Lorg/spongepowered/asm/mixin/injection/callback/CallbackInfo;)V won't be passed a CallbackInfo as a result
[22:23:21] [main/DEBUG] (FabricLoader/Mixin) carpet.mixins.json:ServerLevel_tickMixin from mod carpet->@Inject::endRandomTicks(Lorg/spongepowered/asm/mixin/injection/callback/CallbackInfo;)V doesn't use it's CallbackInfo
[22:23:21] [main/DEBUG] (FabricLoader/Mixin) carpet.mixins.json:ServerLevel_tickMixin from mod carpet->@Inject::endRandomTicks(Lorg/spongepowered/asm/mixin/injection/callback/CallbackInfo;)V has 0 override(s) in child classes
[22:23:21] [main/DEBUG] (FabricLoader/Mixin) carpet.mixins.json:ServerLevel_tickMixin from mod carpet->@Inject::endRandomTicks(Lorg/spongepowered/asm/mixin/injection/callback/CallbackInfo;)V won't be passed a CallbackInfo as a result
[22:23:21] [main/DEBUG] (FabricLoader/Mixin) carpet.mixins.json:ServerLevel_scarpetMixin from mod carpet->@Inject::onNaturalLightinig(Lnet/minecraft/world/chunk/WorldChunk;ILorg/spongepowered/asm/mixin/injection/callback/CallbackInfo;Lnet/minecraft/util/math/ChunkPos;ZIILnet/minecraft/util/profiler/Profiler;Lnet/minecraft/util/math/BlockPos;Lnet/minecraft/world/LocalDifficulty;ZLnet/minecraft/entity/LightningEntity;)V doesn't use it's CallbackInfo
[22:23:21] [main/DEBUG] (FabricLoader/Mixin) carpet.mixins.json:ServerLevel_scarpetMixin from mod carpet->@Inject::onNaturalLightinig(Lnet/minecraft/world/chunk/WorldChunk;ILorg/spongepowered/asm/mixin/injection/callback/CallbackInfo;Lnet/minecraft/util/math/ChunkPos;ZIILnet/minecraft/util/profiler/Profiler;Lnet/minecraft/util/math/BlockPos;Lnet/minecraft/world/LocalDifficulty;ZLnet/minecraft/entity/LightningEntity;)V has 0 override(s) in child classes
[22:23:21] [main/DEBUG] (FabricLoader/Mixin) carpet.mixins.json:ServerLevel_scarpetMixin from mod carpet->@Inject::onNaturalLightinig(Lnet/minecraft/world/chunk/WorldChunk;ILorg/spongepowered/asm/mixin/injection/callback/CallbackInfo;Lnet/minecraft/util/math/ChunkPos;ZIILnet/minecraft/util/profiler/Profiler;Lnet/minecraft/util/math/BlockPos;Lnet/minecraft/world/LocalDifficulty;ZLnet/minecraft/entity/LightningEntity;)V won't be passed a CallbackInfo as a result
[22:23:21] [main/DEBUG] (FabricLoader/Mixin) carpet.mixins.json:ServerLevel_scarpetMixin from mod carpet->@Inject::handleExplosion(Lnet/minecraft/entity/Entity;Lnet/minecraft/entity/damage/DamageSource;Lnet/minecraft/world/explosion/ExplosionBehavior;DDDFZLnet/minecraft/world/World$ExplosionSourceType;Lnet/minecraft/particle/ParticleEffect;Lnet/minecraft/particle/ParticleEffect;Lnet/minecraft/registry/entry/RegistryEntry;Lorg/spongepowered/asm/mixin/injection/callback/CallbackInfoReturnable;)V doesn't use it's CallbackInfoReturnable
[22:23:21] [main/DEBUG] (FabricLoader/Mixin) carpet.mixins.json:ServerLevel_scarpetMixin from mod carpet->@Inject::handleExplosion(Lnet/minecraft/entity/Entity;Lnet/minecraft/entity/damage/DamageSource;Lnet/minecraft/world/explosion/ExplosionBehavior;DDDFZLnet/minecraft/world/World$ExplosionSourceType;Lnet/minecraft/particle/ParticleEffect;Lnet/minecraft/particle/ParticleEffect;Lnet/minecraft/registry/entry/RegistryEntry;Lorg/spongepowered/asm/mixin/injection/callback/CallbackInfoReturnable;)V has 0 override(s) in child classes
[22:23:21] [main/DEBUG] (FabricLoader/Mixin) carpet.mixins.json:ServerLevel_scarpetMixin from mod carpet->@Inject::handleExplosion(Lnet/minecraft/entity/Entity;Lnet/minecraft/entity/damage/DamageSource;Lnet/minecraft/world/explosion/ExplosionBehavior;DDDFZLnet/minecraft/world/World$ExplosionSourceType;Lnet/minecraft/particle/ParticleEffect;Lnet/minecraft/particle/ParticleEffect;Lnet/minecraft/registry/entry/RegistryEntry;Lorg/spongepowered/asm/mixin/injection/callback/CallbackInfoReturnable;)V won't be passed a CallbackInfoReturnable as a result
[22:23:21] [main/DEBUG] (FabricLoader/Mixin) carpet.mixins.json:ServerLevel_scarpetMixin from mod carpet->@Inject::handleChunkUnload(Lnet/minecraft/world/chunk/WorldChunk;Lorg/spongepowered/asm/mixin/injection/callback/CallbackInfo;)V doesn't use it's CallbackInfo
[22:23:21] [main/DEBUG] (FabricLoader/Mixin) carpet.mixins.json:ServerLevel_scarpetMixin from mod carpet->@Inject::handleChunkUnload(Lnet/minecraft/world/chunk/WorldChunk;Lorg/spongepowered/asm/mixin/injection/callback/CallbackInfo;)V has 0 override(s) in child classes
[22:23:21] [main/DEBUG] (FabricLoader/Mixin) carpet.mixins.json:ServerLevel_scarpetMixin from mod carpet->@Inject::handleChunkUnload(Lnet/minecraft/world/chunk/WorldChunk;Lorg/spongepowered/asm/mixin/injection/callback/CallbackInfo;)V won't be passed a CallbackInfo as a result
[22:23:21] [main/DEBUG] (FabricLoader/Mixin) fabric-lifecycle-events-v1.mixins.json:ServerWorldMixin from mod fabric-lifecycle-events-v1->@Inject::startWorldTick(Ljava/util/function/BooleanSupplier;Lorg/spongepowered/asm/mixin/injection/callback/CallbackInfo;)V doesn't use it's CallbackInfo
[22:23:21] [main/DEBUG] (FabricLoader/Mixin) fabric-lifecycle-events-v1.mixins.json:ServerWorldMixin from mod fabric-lifecycle-events-v1->@Inject::startWorldTick(Ljava/util/function/BooleanSupplier;Lorg/spongepowered/asm/mixin/injection/callback/CallbackInfo;)V has 0 override(s) in child classes
[22:23:21] [main/DEBUG] (FabricLoader/Mixin) fabric-lifecycle-events-v1.mixins.json:ServerWorldMixin from mod fabric-lifecycle-events-v1->@Inject::startWorldTick(Ljava/util/function/BooleanSupplier;Lorg/spongepowered/asm/mixin/injection/callback/CallbackInfo;)V won't be passed a CallbackInfo as a result
[22:23:21] [main/DEBUG] (FabricLoader/Mixin) fabric-lifecycle-events-v1.mixins.json:ServerWorldMixin from mod fabric-lifecycle-events-v1->@Inject::endWorldTick(Ljava/util/function/BooleanSupplier;Lorg/spongepowered/asm/mixin/injection/callback/CallbackInfo;)V doesn't use it's CallbackInfo
[22:23:21] [main/DEBUG] (FabricLoader/Mixin) fabric-lifecycle-events-v1.mixins.json:ServerWorldMixin from mod fabric-lifecycle-events-v1->@Inject::endWorldTick(Ljava/util/function/BooleanSupplier;Lorg/spongepowered/asm/mixin/injection/callback/CallbackInfo;)V has 0 override(s) in child classes
[22:23:21] [main/DEBUG] (FabricLoader/Mixin) fabric-lifecycle-events-v1.mixins.json:ServerWorldMixin from mod fabric-lifecycle-events-v1->@Inject::endWorldTick(Ljava/util/function/BooleanSupplier;Lorg/spongepowered/asm/mixin/injection/callback/CallbackInfo;)V won't be passed a CallbackInfo as a result
[22:23:21] [main/DEBUG] (FabricLoader/Mixin) fabric-data-attachment-api-v1.mixins.json:ServerWorldMixin from mod fabric-data-attachment-api-v1->@Inject::createAttachmentsPersistentState(Lorg/spongepowered/asm/mixin/injection/callback/CallbackInfo;)V doesn't use it's CallbackInfo
[22:23:21] [main/DEBUG] (FabricLoader/Mixin) fabric-data-attachment-api-v1.mixins.json:ServerWorldMixin from mod fabric-data-attachment-api-v1->@Inject::createAttachmentsPersistentState(Lorg/spongepowered/asm/mixin/injection/callback/CallbackInfo;)V has 0 override(s) in child classes
[22:23:21] [main/DEBUG] (FabricLoader/Mixin) fabric-data-attachment-api-v1.mixins.json:ServerWorldMixin from mod fabric-data-attachment-api-v1->@Inject::createAttachmentsPersistentState(Lorg/spongepowered/asm/mixin/injection/callback/CallbackInfo;)V won't be passed a CallbackInfo as a result
[22:23:21] [main/DEBUG] (FabricLoader/Mixin) Mixing DirectionMixin from carpet.mixins.json into net.minecraft.util.math.Direction
[22:23:21] [main/DEBUG] (FabricLoader/Mixin) carpet.mixins.json:DirectionMixin from mod carpet: Class version 65 required is higher than the class version supported by the current version of Mixin (JAVA_17 supports class version 61)
[22:23:21] [main/DEBUG] (FabricLoader/Mixin) Mixing AbstractBlockSettingsAccessor from fabric-object-builder-v1.mixins.json into net.minecraft.block.AbstractBlock$Settings
[22:23:21] [main/DEBUG] (FabricLoader/Mixin) fabric-object-builder-v1.mixins.json:AbstractBlockSettingsAccessor from mod fabric-object-builder-api-v1: Class version 65 required is higher than the class version supported by the current version of Mixin (JAVA_17 supports class version 61)
[22:23:21] [main/DEBUG] (FabricLoader/Mixin) Mixing IdListMixin from fabric-registry-sync-v0.mixins.json into net.minecraft.util.collection.IdList
[22:23:21] [main/DEBUG] (FabricLoader/Mixin) fabric-registry-sync-v0.mixins.json:IdListMixin from mod fabric-registry-sync-v0: Class version 65 required is higher than the class version supported by the current version of Mixin (JAVA_17 supports class version 61)
[22:23:21] [main/DEBUG] (FabricLoader/Mixin) Renaming synthetic method lambda$fabric_remapIds$0(Lit/unimi/dsi/fastutil/ints/Int2IntMap;Ljava/lang/Object;Ljava/lang/Integer;)Ljava/lang/Integer; to mda8b304$fabric-registry-sync-v0$lambda$fabric_remapIds$0$0 in fabric-registry-sync-v0.mixins.json:IdListMixin from mod fabric-registry-sync-v0
[22:23:21] [main/DEBUG] (FabricLoader/Mixin) Mixing SaplingBlock_desertShrubsMixin from carpet.mixins.json into net.minecraft.block.SaplingBlock
[22:23:21] [main/DEBUG] (FabricLoader/Mixin) carpet.mixins.json:SaplingBlock_desertShrubsMixin from mod carpet: Class version 65 required is higher than the class version supported by the current version of Mixin (JAVA_17 supports class version 61)
[22:23:21] [main/DEBUG] (FabricLoader/Mixin) carpet.mixins.json:SaplingBlock_desertShrubsMixin from mod carpet->@Inject::onGenerate(Lnet/minecraft/server/world/ServerWorld;Lnet/minecraft/util/math/BlockPos;Lnet/minecraft/block/BlockState;Lnet/minecraft/util/math/random/Random;Lorg/spongepowered/asm/mixin/injection/callback/CallbackInfo;)V does use it's CallbackInfo
[22:23:21] [main/DEBUG] (FabricLoader/Mixin) Mixing LiquidBlock_renewableBlackstoneMixin from carpet.mixins.json into net.minecraft.block.FluidBlock
[22:23:21] [main/DEBUG] (FabricLoader/Mixin) carpet.mixins.json:LiquidBlock_renewableBlackstoneMixin from mod carpet: Class version 65 required is higher than the class version supported by the current version of Mixin (JAVA_17 supports class version 61)
[22:23:21] [main/DEBUG] (FabricLoader/Mixin) Mixing LiquidBlock_renewableDeepslateMixin from carpet.mixins.json into net.minecraft.block.FluidBlock
[22:23:21] [main/DEBUG] (FabricLoader/Mixin) carpet.mixins.json:LiquidBlock_renewableDeepslateMixin from mod carpet: Class version 65 required is higher than the class version supported by the current version of Mixin (JAVA_17 supports class version 61)
[22:23:21] [main/DEBUG] (FabricLoader/Mixin) carpet.mixins.json:LiquidBlock_renewableBlackstoneMixin from mod carpet->@Inject::receiveFluidToBlackstone(Lnet/minecraft/world/World;Lnet/minecraft/util/math/BlockPos;Lnet/minecraft/block/BlockState;Lorg/spongepowered/asm/mixin/injection/callback/CallbackInfoReturnable;)V does use it's CallbackInfoReturnable
[22:23:21] [main/DEBUG] (FabricLoader/Mixin) carpet.mixins.json:LiquidBlock_renewableDeepslateMixin from mod carpet->@Inject::receiveFluidToDeepslate(Lnet/minecraft/world/World;Lnet/minecraft/util/math/BlockPos;Lnet/minecraft/block/BlockState;Lorg/spongepowered/asm/mixin/injection/callback/CallbackInfoReturnable;)V does use it's CallbackInfoReturnable
[22:23:21] [main/DEBUG] (FabricLoader/Mixin) Mixing DispenserBlock_cactusMixin from carpet.mixins.json into net.minecraft.block.DispenserBlock
[22:23:21] [main/DEBUG] (FabricLoader/Mixin) carpet.mixins.json:DispenserBlock_cactusMixin from mod carpet: Class version 65 required is higher than the class version supported by the current version of Mixin (JAVA_17 supports class version 61)
[22:23:21] [main/DEBUG] (FabricLoader/Mixin) Mixing DispenserBlock_qcMixin from carpet.mixins.json into net.minecraft.block.DispenserBlock
[22:23:21] [main/DEBUG] (FabricLoader/Mixin) carpet.mixins.json:DispenserBlock_qcMixin from mod carpet: Class version 65 required is higher than the class version supported by the current version of Mixin (JAVA_17 supports class version 61)
[22:23:21] [main/DEBUG] (FabricLoader/Mixin) carpet.mixins.json:DispenserBlock_cactusMixin from mod carpet->@Inject::registerCarpetBehaviors(Lnet/minecraft/world/World;Lnet/minecraft/item/ItemStack;Lorg/spongepowered/asm/mixin/injection/callback/CallbackInfoReturnable;)V does use it's CallbackInfoReturnable
[22:23:21] [main/DEBUG] (FabricLoader/Mixin) Mixing PoweredRailBlock_powerLimitMixin from carpet.mixins.json into net.minecraft.block.PoweredRailBlock
[22:23:21] [main/DEBUG] (FabricLoader/Mixin) carpet.mixins.json:PoweredRailBlock_powerLimitMixin from mod carpet: Class version 65 required is higher than the class version supported by the current version of Mixin (JAVA_17 supports class version 61)
[22:23:21] [main/DEBUG] (FabricLoader/Mixin) Mixing DetectorRailBlockMixin from fabric-object-builder-v1.mixins.json into net.minecraft.block.DetectorRailBlock
[22:23:21] [main/DEBUG] (FabricLoader/Mixin) fabric-object-builder-v1.mixins.json:DetectorRailBlockMixin from mod fabric-object-builder-api-v1: Class version 65 required is higher than the class version supported by the current version of Mixin (JAVA_17 supports class version 61)
[22:23:21] [main/DEBUG] (FabricLoader/Mixin) Renaming synthetic method lambda$getCustomComparatorOutput$0(Lnet/minecraft/entity/Entity;)Z to mda8b304$fabric-object-builder-api-v1$lambda$getCustomComparatorOutput$0$0 in fabric-object-builder-v1.mixins.json:DetectorRailBlockMixin from mod fabric-object-builder-api-v1
[22:23:21] [main/DEBUG] (FabricLoader/Mixin) fabric-object-builder-v1.mixins.json:DetectorRailBlockMixin from mod fabric-object-builder-api-v1->@Inject::getCustomComparatorOutput(Lnet/minecraft/block/BlockState;Lnet/minecraft/world/World;Lnet/minecraft/util/math/BlockPos;Lorg/spongepowered/asm/mixin/injection/callback/CallbackInfoReturnable;)V does use it's CallbackInfoReturnable
[22:23:21] [main/DEBUG] (FabricLoader/Mixin) Mixing TntBlock_noUpdateMixin from carpet.mixins.json into net.minecraft.block.TntBlock
[22:23:21] [main/DEBUG] (FabricLoader/Mixin) carpet.mixins.json:TntBlock_noUpdateMixin from mod carpet: Class version 65 required is higher than the class version supported by the current version of Mixin (JAVA_17 supports class version 61)
[22:23:21] [main/DEBUG] (FabricLoader/Mixin) Mixing ChestBlock_customStickyMixin from carpet.mixins.json into net.minecraft.block.ChestBlock
[22:23:21] [main/DEBUG] (FabricLoader/Mixin) carpet.mixins.json:ChestBlock_customStickyMixin from mod carpet: Class version 65 required is higher than the class version supported by the current version of Mixin (JAVA_17 supports class version 61)
[22:23:21] [main/DEBUG] (FabricLoader/Mixin) Mixing RedstoneWireBlock_fastMixin from carpet.mixins.json into net.minecraft.block.RedstoneWireBlock
[22:23:21] [main/DEBUG] (FabricLoader/Mixin) carpet.mixins.json:RedstoneWireBlock_fastMixin from mod carpet: Class version 65 required is higher than the class version supported by the current version of Mixin (JAVA_17 supports class version 61)
[22:23:21] [main/DEBUG] (FabricLoader/Mixin) carpet.mixins.json:RedstoneWireBlock_fastMixin from mod carpet->@Inject::onRedstoneWireBlockCTOR(Lnet/minecraft/block/AbstractBlock$Settings;Lorg/spongepowered/asm/mixin/injection/callback/CallbackInfo;)V doesn't use it's CallbackInfo
[22:23:21] [main/DEBUG] (FabricLoader/Mixin) carpet.mixins.json:RedstoneWireBlock_fastMixin from mod carpet->@Inject::onRedstoneWireBlockCTOR(Lnet/minecraft/block/AbstractBlock$Settings;Lorg/spongepowered/asm/mixin/injection/callback/CallbackInfo;)V has 0 override(s) in child classes
[22:23:21] [main/DEBUG] (FabricLoader/Mixin) carpet.mixins.json:RedstoneWireBlock_fastMixin from mod carpet->@Inject::onRedstoneWireBlockCTOR(Lnet/minecraft/block/AbstractBlock$Settings;Lorg/spongepowered/asm/mixin/injection/callback/CallbackInfo;)V won't be passed a CallbackInfo as a result
[22:23:21] [main/DEBUG] (FabricLoader/Mixin) carpet.mixins.json:RedstoneWireBlock_fastMixin from mod carpet->@Inject::updateLogicAlternative(Lnet/minecraft/world/World;Lnet/minecraft/util/math/BlockPos;Lnet/minecraft/block/BlockState;Lorg/spongepowered/asm/mixin/injection/callback/CallbackInfo;)V does use it's CallbackInfo
[22:23:21] [main/DEBUG] (FabricLoader/Mixin) Mixing InfestedBlock_gravelMixin from carpet.mixins.json into net.minecraft.block.InfestedBlock
[22:23:21] [main/DEBUG] (FabricLoader/Mixin) carpet.mixins.json:InfestedBlock_gravelMixin from mod carpet: Class version 65 required is higher than the class version supported by the current version of Mixin (JAVA_17 supports class version 61)
[22:23:21] [main/DEBUG] (FabricLoader/Mixin) carpet.mixins.json:InfestedBlock_gravelMixin from mod carpet->@Inject::onOnStacksDropped(Lnet/minecraft/server/world/ServerWorld;Lnet/minecraft/util/math/BlockPos;Lorg/spongepowered/asm/mixin/injection/callback/CallbackInfo;)V doesn't use it's CallbackInfo
[22:23:21] [main/DEBUG] (FabricLoader/Mixin) carpet.mixins.json:InfestedBlock_gravelMixin from mod carpet->@Inject::onOnStacksDropped(Lnet/minecraft/server/world/ServerWorld;Lnet/minecraft/util/math/BlockPos;Lorg/spongepowered/asm/mixin/injection/callback/CallbackInfo;)V has 0 override(s) in child classes
[22:23:21] [main/DEBUG] (FabricLoader/Mixin) carpet.mixins.json:InfestedBlock_gravelMixin from mod carpet->@Inject::onOnStacksDropped(Lnet/minecraft/server/world/ServerWorld;Lnet/minecraft/util/math/BlockPos;Lorg/spongepowered/asm/mixin/injection/callback/CallbackInfo;)V won't be passed a CallbackInfo as a result
[22:23:21] [main/DEBUG] (FabricLoader/Mixin) Mixing ChainBlock_customStickyMixin from carpet.mixins.json into net.minecraft.block.ChainBlock
[22:23:21] [main/DEBUG] (FabricLoader/Mixin) carpet.mixins.json:ChainBlock_customStickyMixin from mod carpet: Class version 65 required is higher than the class version supported by the current version of Mixin (JAVA_17 supports class version 61)
[22:23:21] [main/DEBUG] (FabricLoader/Mixin) Mixing AbstractCauldronBlock_stackableSBoxesMixin from carpet.mixins.json into net.minecraft.block.AbstractCauldronBlock
[22:23:21] [main/DEBUG] (FabricLoader/Mixin) carpet.mixins.json:AbstractCauldronBlock_stackableSBoxesMixin from mod carpet: Class version 65 required is higher than the class version supported by the current version of Mixin (JAVA_17 supports class version 61)
[22:23:21] [main/DEBUG] (FabricLoader/Mixin) Mixing HopperBlock_cactusMixin from carpet.mixins.json into net.minecraft.block.HopperBlock
[22:23:21] [main/DEBUG] (FabricLoader/Mixin) carpet.mixins.json:HopperBlock_cactusMixin from mod carpet: Class version 65 required is higher than the class version supported by the current version of Mixin (JAVA_17 supports class version 61)
[22:23:21] [main/DEBUG] (FabricLoader/Mixin) Mixing DropperBlockMixin from fabric-transfer-api-v1.mixins.json into net.minecraft.block.DropperBlock
[22:23:21] [main/DEBUG] (FabricLoader/Mixin) fabric-transfer-api-v1.mixins.json:DropperBlockMixin from mod fabric-transfer-api-v1: Class version 65 required is higher than the class version supported by the current version of Mixin (JAVA_17 supports class version 61)
[22:23:21] [main/DEBUG] (FabricLoader/Mixin) Renaming synthetic method lambda$hookDispense$0(Lnet/fabricmc/fabric/api/transfer/v1/item/ItemVariant;)Z to mda8b304$fabric-transfer-api-v1$lambda$hookDispense$0$0 in fabric-transfer-api-v1.mixins.json:DropperBlockMixin from mod fabric-transfer-api-v1
[22:23:21] [main/DEBUG] (FabricLoader/Mixin) fabric-transfer-api-v1.mixins.json:DropperBlockMixin from mod fabric-transfer-api-v1->@Inject::hookDispense(Lnet/minecraft/server/world/ServerWorld;Lnet/minecraft/block/BlockState;Lnet/minecraft/util/math/BlockPos;Lorg/spongepowered/asm/mixin/injection/callback/CallbackInfo;)V does use it's CallbackInfo
[22:23:21] [main/DEBUG] (FabricLoader/Mixin) Mixing BarrierBlock_updateSuppressionBlockMixin from carpet.mixins.json into net.minecraft.block.BarrierBlock
[22:23:21] [main/DEBUG] (FabricLoader/Mixin) carpet.mixins.json:BarrierBlock_updateSuppressionBlockMixin from mod carpet: Class version 65 required is higher than the class version supported by the current version of Mixin (JAVA_17 supports class version 61)
[22:23:21] [main/DEBUG] (FabricLoader/Mixin) Mixing WoolCarpetBlock_placeMixin from carpet.mixins.json into net.minecraft.block.DyedCarpetBlock
[22:23:21] [main/DEBUG] (FabricLoader/Mixin) carpet.mixins.json:WoolCarpetBlock_placeMixin from mod carpet: Class version 65 required is higher than the class version supported by the current version of Mixin (JAVA_17 supports class version 61)
[22:23:21] [main/DEBUG] (FabricLoader/Mixin) Mixing CoralPlantBlock_renewableCoralMixin from carpet.mixins.json into net.minecraft.block.CoralBlock
[22:23:21] [main/DEBUG] (FabricLoader/Mixin) carpet.mixins.json:CoralPlantBlock_renewableCoralMixin from mod carpet: Class version 65 required is higher than the class version supported by the current version of Mixin (JAVA_17 supports class version 61)
[22:23:21] [main/DEBUG] (FabricLoader/Mixin) Mixing CoralFanBlock_renewableCoralMixin from carpet.mixins.json into net.minecraft.block.CoralFanBlock
[22:23:21] [main/DEBUG] (FabricLoader/Mixin) carpet.mixins.json:CoralFanBlock_renewableCoralMixin from mod carpet: Class version 65 required is higher than the class version supported by the current version of Mixin (JAVA_17 supports class version 61)
[22:23:21] [main/DEBUG] (FabricLoader/Mixin) Mixing BuddingAmethystBlock_movableAmethystMixin from carpet.mixins.json into net.minecraft.block.BuddingAmethystBlock
[22:23:21] [main/DEBUG] (FabricLoader/Mixin) carpet.mixins.json:BuddingAmethystBlock_movableAmethystMixin from mod carpet: Class version 65 required is higher than the class version supported by the current version of Mixin (JAVA_17 supports class version 61)
[22:23:21] [main/DEBUG] (FabricLoader/Mixin) Mixing OxidizableMixin from fabric-content-registries-v0.mixins.json into net.minecraft.block.Oxidizable
[22:23:21] [main/DEBUG] (FabricLoader/Mixin) fabric-content-registries-v0.mixins.json:OxidizableMixin from mod fabric-content-registries-v0: Class version 65 required is higher than the class version supported by the current version of Mixin (JAVA_17 supports class version 61)
[22:23:21] [main/DEBUG] (FabricLoader/Mixin) fabric-content-registries-v0.mixins.json:OxidizableMixin from mod fabric-content-registries-v0->@Inject::createOxidationLevelIncreasesMap(Lorg/spongepowered/asm/mixin/injection/callback/CallbackInfoReturnable;)V does use it's CallbackInfoReturnable
[22:23:21] [main/DEBUG] (FabricLoader/Mixin) Mixing PistonBaseBlock_rotatorBlockMixin from carpet.mixins.json into net.minecraft.block.PistonBlock
[22:23:21] [main/DEBUG] (FabricLoader/Mixin) carpet.mixins.json:PistonBaseBlock_rotatorBlockMixin from mod carpet: Class version 65 required is higher than the class version supported by the current version of Mixin (JAVA_17 supports class version 61)
[22:23:21] [main/DEBUG] (FabricLoader/Mixin) Mixing PistonBaseBlock_qcMixin from carpet.mixins.json into net.minecraft.block.PistonBlock
[22:23:21] [main/DEBUG] (FabricLoader/Mixin) carpet.mixins.json:PistonBaseBlock_qcMixin from mod carpet: Class version 65 required is higher than the class version supported by the current version of Mixin (JAVA_17 supports class version 61)
[22:23:21] [main/DEBUG] (FabricLoader/Mixin) Mixing PistonBaseBlock_movableBEMixin from carpet.mixins.json into net.minecraft.block.PistonBlock
[22:23:21] [main/DEBUG] (FabricLoader/Mixin) carpet.mixins.json:PistonBaseBlock_movableBEMixin from mod carpet: Class version 65 required is higher than the class version supported by the current version of Mixin (JAVA_17 supports class version 61)
[22:23:21] [main/DEBUG] (FabricLoader/Mixin) carpet.mixins.json:PistonBaseBlock_qcMixin from mod carpet->@Inject::carpet_checkQuasiSignal(Lnet/minecraft/world/RedstoneView;Lnet/minecraft/util/math/BlockPos;Lnet/minecraft/util/math/Direction;Lorg/spongepowered/asm/mixin/injection/callback/CallbackInfoReturnable;)V does use it's CallbackInfoReturnable
[22:23:21] [main/DEBUG] (FabricLoader/Mixin) carpet.mixins.json:PistonBaseBlock_movableBEMixin from mod carpet->@Inject::movableCMD(Lnet/minecraft/block/BlockState;Lnet/minecraft/world/World;Lnet/minecraft/util/math/BlockPos;Lnet/minecraft/util/math/Direction;ZLnet/minecraft/util/math/Direction;Lorg/spongepowered/asm/mixin/injection/callback/CallbackInfoReturnable;)V does use it's CallbackInfoReturnable
[22:23:21] [main/DEBUG] (FabricLoader/Mixin) carpet.mixins.json:PistonBaseBlock_movableBEMixin from mod carpet->@Inject::onMove(Lnet/minecraft/world/World;Lnet/minecraft/util/math/BlockPos;Lnet/minecraft/util/math/Direction;ZLorg/spongepowered/asm/mixin/injection/callback/CallbackInfoReturnable;Lnet/minecraft/util/math/BlockPos;Lnet/minecraft/block/piston/PistonHandler;Ljava/util/Map;Ljava/util/List;Ljava/util/List;Ljava/util/List;[Lnet/minecraft/block/BlockState;Lnet/minecraft/util/math/Direction;I)V doesn't use it's CallbackInfoReturnable
[22:23:21] [main/DEBUG] (FabricLoader/Mixin) carpet.mixins.json:PistonBaseBlock_movableBEMixin from mod carpet->@Inject::onMove(Lnet/minecraft/world/World;Lnet/minecraft/util/math/BlockPos;Lnet/minecraft/util/math/Direction;ZLorg/spongepowered/asm/mixin/injection/callback/CallbackInfoReturnable;Lnet/minecraft/util/math/BlockPos;Lnet/minecraft/block/piston/PistonHandler;Ljava/util/Map;Ljava/util/List;Ljava/util/List;Ljava/util/List;[Lnet/minecraft/block/BlockState;Lnet/minecraft/util/math/Direction;I)V has 0 override(s) in child classes
[22:23:21] [main/DEBUG] (FabricLoader/Mixin) carpet.mixins.json:PistonBaseBlock_movableBEMixin from mod carpet->@Inject::onMove(Lnet/minecraft/world/World;Lnet/minecraft/util/math/BlockPos;Lnet/minecraft/util/math/Direction;ZLorg/spongepowered/asm/mixin/injection/callback/CallbackInfoReturnable;Lnet/minecraft/util/math/BlockPos;Lnet/minecraft/block/piston/PistonHandler;Ljava/util/Map;Ljava/util/List;Ljava/util/List;Ljava/util/List;[Lnet/minecraft/block/BlockState;Lnet/minecraft/util/math/Direction;I)V won't be passed a CallbackInfoReturnable as a result
[22:23:21] [main/DEBUG] (FabricLoader/Mixin) carpet.mixins.json:PistonBaseBlock_movableBEMixin from mod carpet->@Inject::setBlockEntityWithCarried(Lnet/minecraft/world/World;Lnet/minecraft/util/math/BlockPos;Lnet/minecraft/util/math/Direction;ZLorg/spongepowered/asm/mixin/injection/callback/CallbackInfoReturnable;Lnet/minecraft/util/math/BlockPos;Lnet/minecraft/block/piston/PistonHandler;Ljava/util/Map;Ljava/util/List;Ljava/util/List;Ljava/util/List;[Lnet/minecraft/block/BlockState;Lnet/minecraft/util/math/Direction;IILnet/minecraft/util/math/BlockPos;Lnet/minecraft/block/BlockState;Lnet/minecraft/block/BlockState;)V doesn't use it's CallbackInfoReturnable
[22:23:21] [main/DEBUG] (FabricLoader/Mixin) carpet.mixins.json:PistonBaseBlock_movableBEMixin from mod carpet->@Inject::setBlockEntityWithCarried(Lnet/minecraft/world/World;Lnet/minecraft/util/math/BlockPos;Lnet/minecraft/util/math/Direction;ZLorg/spongepowered/asm/mixin/injection/callback/CallbackInfoReturnable;Lnet/minecraft/util/math/BlockPos;Lnet/minecraft/block/piston/PistonHandler;Ljava/util/Map;Ljava/util/List;Ljava/util/List;Ljava/util/List;[Lnet/minecraft/block/BlockState;Lnet/minecraft/util/math/Direction;IILnet/minecraft/util/math/BlockPos;Lnet/minecraft/block/BlockState;Lnet/minecraft/block/BlockState;)V has 0 override(s) in child classes
[22:23:21] [main/DEBUG] (FabricLoader/Mixin) carpet.mixins.json:PistonBaseBlock_movableBEMixin from mod carpet->@Inject::setBlockEntityWithCarried(Lnet/minecraft/world/World;Lnet/minecraft/util/math/BlockPos;Lnet/minecraft/util/math/Direction;ZLorg/spongepowered/asm/mixin/injection/callback/CallbackInfoReturnable;Lnet/minecraft/util/math/BlockPos;Lnet/minecraft/block/piston/PistonHandler;Ljava/util/Map;Ljava/util/List;Ljava/util/List;Ljava/util/List;[Lnet/minecraft/block/BlockState;Lnet/minecraft/util/math/Direction;IILnet/minecraft/util/math/BlockPos;Lnet/minecraft/block/BlockState;Lnet/minecraft/block/BlockState;)V won't be passed a CallbackInfoReturnable as a result
[22:23:21] [main/DEBUG] (FabricLoader/Mixin) Mixing BlockStateMixin from fabric-block-api-v1.mixins.json into net.minecraft.block.BlockState
[22:23:21] [main/DEBUG] (FabricLoader/Mixin) fabric-block-api-v1.mixins.json:BlockStateMixin from mod fabric-block-api-v1: Class version 65 required is higher than the class version supported by the current version of Mixin (JAVA_17 supports class version 61)
[22:23:21] [main/DEBUG] (FabricLoader/Mixin) Mixing BlockBehaviourBlockStateBase_mixin from carpet.mixins.json into net.minecraft.block.AbstractBlock$AbstractBlockState
[22:23:21] [main/DEBUG] (FabricLoader/Mixin) carpet.mixins.json:BlockBehaviourBlockStateBase_mixin from mod carpet: Class version 65 required is higher than the class version supported by the current version of Mixin (JAVA_17 supports class version 61)
[22:23:21] [main/DEBUG] (FabricLoader/Mixin) carpet.mixins.json:BlockBehaviourBlockStateBase_mixin from mod carpet->@Inject::onGetPistonPushReaction(Lorg/spongepowered/asm/mixin/injection/callback/CallbackInfoReturnable;)V does use it's CallbackInfoReturnable
[22:23:21] [main/DEBUG] (FabricLoader/Mixin) Mixing EntityTypeMixin from fabric-object-builder-v1.mixins.json into net.minecraft.entity.EntityType
[22:23:21] [main/DEBUG] (FabricLoader/Mixin) fabric-object-builder-v1.mixins.json:EntityTypeMixin from mod fabric-object-builder-api-v1: Class version 65 required is higher than the class version supported by the current version of Mixin (JAVA_17 supports class version 61)
[22:23:21] [main/DEBUG] (FabricLoader/Mixin) fabric-object-builder-v1.mixins.json:EntityTypeMixin from mod fabric-object-builder-api-v1->@Inject::alwaysUpdateVelocity(Lorg/spongepowered/asm/mixin/injection/callback/CallbackInfoReturnable;)V does use it's CallbackInfoReturnable
[22:23:21] [main/DEBUG] (FabricLoader/Mixin) Mixing FluidMixin from fabric-transfer-api-v1.mixins.json into net.minecraft.fluid.Fluid
[22:23:21] [main/DEBUG] (FabricLoader/Mixin) fabric-transfer-api-v1.mixins.json:FluidMixin from mod fabric-transfer-api-v1: Class version 65 required is higher than the class version supported by the current version of Mixin (JAVA_17 supports class version 61)
[22:23:21] [main/DEBUG] (FabricLoader/Mixin) fabric-transfer-api-v1.mixins.json:FluidMixin from mod fabric-transfer-api-v1->@Inject::hookGetBucketFillSound(Lorg/spongepowered/asm/mixin/injection/callback/CallbackInfoReturnable;)V does use it's CallbackInfoReturnable
[22:23:21] [main/DEBUG] (FabricLoader/Mixin) Mixing FlowingFluid_liquidDamageDisabledMixin from carpet.mixins.json into net.minecraft.fluid.FlowableFluid
[22:23:21] [main/DEBUG] (FabricLoader/Mixin) carpet.mixins.json:FlowingFluid_liquidDamageDisabledMixin from mod carpet: Class version 65 required is higher than the class version supported by the current version of Mixin (JAVA_17 supports class version 61)
[22:23:21] [main/DEBUG] (FabricLoader/Mixin) carpet.mixins.json:FlowingFluid_liquidDamageDisabledMixin from mod carpet->@Inject::stopBreakingBlock(Lnet/minecraft/world/BlockView;Lnet/minecraft/util/math/BlockPos;Lnet/minecraft/block/BlockState;Lnet/minecraft/fluid/Fluid;Lorg/spongepowered/asm/mixin/injection/callback/CallbackInfoReturnable;)V does use it's CallbackInfoReturnable
[22:23:21] [main/DEBUG] (FabricLoader/Mixin) Mixing LavaFluid_renewableDeepslateMixin from carpet.mixins.json into net.minecraft.fluid.LavaFluid
[22:23:21] [main/DEBUG] (FabricLoader/Mixin) carpet.mixins.json:LavaFluid_renewableDeepslateMixin from mod carpet: Class version 65 required is higher than the class version supported by the current version of Mixin (JAVA_17 supports class version 61)
[22:23:21] [main/DEBUG] (FabricLoader/Mixin) carpet.mixins.json:LavaFluid_renewableDeepslateMixin from mod carpet->@Inject::generateDeepslate(Lnet/minecraft/world/WorldAccess;Lnet/minecraft/util/math/BlockPos;Lnet/minecraft/block/BlockState;Lnet/minecraft/util/math/Direction;Lnet/minecraft/fluid/FluidState;Lorg/spongepowered/asm/mixin/injection/callback/CallbackInfo;)V does use it's CallbackInfo
[22:23:21] [main/DEBUG] (FabricLoader/Mixin) Mixing BlockEntityMixin from fabric-rendering-data-attachment-v1.mixins.json into net.minecraft.block.entity.BlockEntity
[22:23:21] [main/DEBUG] (FabricLoader/Mixin) fabric-rendering-data-attachment-v1.mixins.json:BlockEntityMixin from mod fabric-rendering-data-attachment-v1: Class version 65 required is higher than the class version supported by the current version of Mixin (JAVA_17 supports class version 61)
[22:23:21] [main/DEBUG] (FabricLoader/Mixin) Mixing BlockEntityMixin from fabric-block-view-api-v2.mixins.json into net.minecraft.block.entity.BlockEntity
[22:23:21] [main/DEBUG] (FabricLoader/Mixin) fabric-block-view-api-v2.mixins.json:BlockEntityMixin from mod fabric-block-view-api-v2: Class version 65 required is higher than the class version supported by the current version of Mixin (JAVA_17 supports class version 61)
[22:23:21] [main/DEBUG] (FabricLoader/Mixin) Mixing BlockEntity_movableBEMixin from carpet.mixins.json into net.minecraft.block.entity.BlockEntity
[22:23:21] [main/DEBUG] (FabricLoader/Mixin) carpet.mixins.json:BlockEntity_movableBEMixin from mod carpet: Class version 65 required is higher than the class version supported by the current version of Mixin (JAVA_17 supports class version 61)
[22:23:21] [main/DEBUG] (FabricLoader/Mixin) Mixing AttachmentTargetsMixin from fabric-data-attachment-api-v1.mixins.json into net.minecraft.block.entity.BlockEntity
[22:23:21] [main/DEBUG] (FabricLoader/Mixin) fabric-data-attachment-api-v1.mixins.json:AttachmentTargetsMixin from mod fabric-data-attachment-api-v1: Class version 65 required is higher than the class version supported by the current version of Mixin (JAVA_17 supports class version 61)
[22:23:21] [main/DEBUG] (FabricLoader/Mixin) Mixing BlockEntityMixin from fabric-data-attachment-api-v1.mixins.json into net.minecraft.block.entity.BlockEntity
[22:23:21] [main/DEBUG] (FabricLoader/Mixin) fabric-data-attachment-api-v1.mixins.json:BlockEntityMixin from mod fabric-data-attachment-api-v1: Class version 65 required is higher than the class version supported by the current version of Mixin (JAVA_17 supports class version 61)
[22:23:21] [main/DEBUG] (FabricLoader/Mixin) fabric-data-attachment-api-v1.mixins.json:BlockEntityMixin from mod fabric-data-attachment-api-v1->@Inject::readBlockEntityAttachments(Lnet/minecraft/nbt/NbtCompound;Lnet/minecraft/registry/RegistryWrapper$WrapperLookup;Lorg/spongepowered/asm/mixin/injection/callback/CallbackInfo;)V doesn't use it's CallbackInfo
[22:23:21] [main/DEBUG] (FabricLoader/Mixin) fabric-data-attachment-api-v1.mixins.json:BlockEntityMixin from mod fabric-data-attachment-api-v1->@Inject::readBlockEntityAttachments(Lnet/minecraft/nbt/NbtCompound;Lnet/minecraft/registry/RegistryWrapper$WrapperLookup;Lorg/spongepowered/asm/mixin/injection/callback/CallbackInfo;)V has 0 override(s) in child classes
[22:23:21] [main/DEBUG] (FabricLoader/Mixin) fabric-data-attachment-api-v1.mixins.json:BlockEntityMixin from mod fabric-data-attachment-api-v1->@Inject::readBlockEntityAttachments(Lnet/minecraft/nbt/NbtCompound;Lnet/minecraft/registry/RegistryWrapper$WrapperLookup;Lorg/spongepowered/asm/mixin/injection/callback/CallbackInfo;)V won't be passed a CallbackInfo as a result
[22:23:21] [main/DEBUG] (FabricLoader/Mixin) fabric-data-attachment-api-v1.mixins.json:BlockEntityMixin from mod fabric-data-attachment-api-v1->@Inject::writeBlockEntityAttachments(Lnet/minecraft/registry/RegistryWrapper$WrapperLookup;Lorg/spongepowered/asm/mixin/injection/callback/CallbackInfoReturnable;)V does use it's CallbackInfoReturnable
[22:23:21] [main/DEBUG] (FabricLoader/Mixin) Mixing FallingBlockEntityMixin from carpet.mixins.json into net.minecraft.entity.FallingBlockEntity
[22:23:21] [main/DEBUG] (FabricLoader/Mixin) carpet.mixins.json:FallingBlockEntityMixin from mod carpet: Class version 65 required is higher than the class version supported by the current version of Mixin (JAVA_17 supports class version 61)
[22:23:21] [main/DEBUG] (FabricLoader/Mixin) Mixing FallingBlockEntity_scarpetEventsMixin from carpet.mixins.json into net.minecraft.entity.FallingBlockEntity
[22:23:21] [main/DEBUG] (FabricLoader/Mixin) carpet.mixins.json:FallingBlockEntity_scarpetEventsMixin from mod carpet: Class version 65 required is higher than the class version supported by the current version of Mixin (JAVA_17 supports class version 61)
[22:23:21] [main/DEBUG] (FabricLoader/Mixin) carpet.mixins.json:FallingBlockEntityMixin from mod carpet->@Inject::addLogger(Lnet/minecraft/entity/EntityType;Lnet/minecraft/world/World;Lorg/spongepowered/asm/mixin/injection/callback/CallbackInfo;)V doesn't use it's CallbackInfo
[22:23:21] [main/DEBUG] (FabricLoader/Mixin) carpet.mixins.json:FallingBlockEntityMixin from mod carpet->@Inject::addLogger(Lnet/minecraft/entity/EntityType;Lnet/minecraft/world/World;Lorg/spongepowered/asm/mixin/injection/callback/CallbackInfo;)V has 0 override(s) in child classes
[22:23:21] [main/DEBUG] (FabricLoader/Mixin) carpet.mixins.json:FallingBlockEntityMixin from mod carpet->@Inject::addLogger(Lnet/minecraft/entity/EntityType;Lnet/minecraft/world/World;Lorg/spongepowered/asm/mixin/injection/callback/CallbackInfo;)V won't be passed a CallbackInfo as a result
[22:23:21] [main/DEBUG] (FabricLoader/Mixin) carpet.mixins.json:FallingBlockEntityMixin from mod carpet->@Inject::tickCheck(Lorg/spongepowered/asm/mixin/injection/callback/CallbackInfo;)V doesn't use it's CallbackInfo
[22:23:21] [main/DEBUG] (FabricLoader/Mixin) carpet.mixins.json:FallingBlockEntityMixin from mod carpet->@Inject::tickCheck(Lorg/spongepowered/asm/mixin/injection/callback/CallbackInfo;)V has 0 override(s) in child classes
[22:23:21] [main/DEBUG] (FabricLoader/Mixin) carpet.mixins.json:FallingBlockEntityMixin from mod carpet->@Inject::tickCheck(Lorg/spongepowered/asm/mixin/injection/callback/CallbackInfo;)V won't be passed a CallbackInfo as a result
[22:23:21] [main/DEBUG] (FabricLoader/Mixin) carpet.mixins.json:FallingBlockEntity_scarpetEventsMixin from mod carpet->@Inject::onTickCall(Lorg/spongepowered/asm/mixin/injection/callback/CallbackInfo;)V doesn't use it's CallbackInfo
[22:23:21] [main/DEBUG] (FabricLoader/Mixin) carpet.mixins.json:FallingBlockEntity_scarpetEventsMixin from mod carpet->@Inject::onTickCall(Lorg/spongepowered/asm/mixin/injection/callback/CallbackInfo;)V has 0 override(s) in child classes
[22:23:21] [main/DEBUG] (FabricLoader/Mixin) carpet.mixins.json:FallingBlockEntity_scarpetEventsMixin from mod carpet->@Inject::onTickCall(Lorg/spongepowered/asm/mixin/injection/callback/CallbackInfo;)V won't be passed a CallbackInfo as a result
[22:23:21] [main/DEBUG] (FabricLoader/Mixin) Mixing LockableContainerBlockEntityMixin from fabric-transfer-api-v1.mixins.json into net.minecraft.block.entity.LockableContainerBlockEntity
[22:23:21] [main/DEBUG] (FabricLoader/Mixin) fabric-transfer-api-v1.mixins.json:LockableContainerBlockEntityMixin from mod fabric-transfer-api-v1: Class version 65 required is higher than the class version supported by the current version of Mixin (JAVA_17 supports class version 61)
[22:23:21] [main/DEBUG] (FabricLoader/Mixin) Mixing NamedScreenHandlerFactoryMixin from fabric-screen-handler-api-v1.mixins.json into net.minecraft.screen.NamedScreenHandlerFactory
[22:23:21] [main/DEBUG] (FabricLoader/Mixin) fabric-screen-handler-api-v1.mixins.json:NamedScreenHandlerFactoryMixin from mod fabric-screen-handler-api-v1: Class version 65 required is higher than the class version supported by the current version of Mixin (JAVA_17 supports class version 61)
[22:23:21] [main/DEBUG] (FabricLoader/Mixin) Mixing PistonMovingBlockEntity_movableBEMixin from carpet.mixins.json into net.minecraft.block.entity.PistonBlockEntity
[22:23:21] [main/DEBUG] (FabricLoader/Mixin) carpet.mixins.json:PistonMovingBlockEntity_movableBEMixin from mod carpet: Class version 65 required is higher than the class version supported by the current version of Mixin (JAVA_17 supports class version 61)
[22:23:21] [main/DEBUG] (FabricLoader/Mixin) Mixing PistonMovingBlockEntity_playerHandlingMixin from carpet.mixins.json into net.minecraft.block.entity.PistonBlockEntity
[22:23:21] [main/DEBUG] (FabricLoader/Mixin) carpet.mixins.json:PistonMovingBlockEntity_playerHandlingMixin from mod carpet: Class version 65 required is higher than the class version supported by the current version of Mixin (JAVA_17 supports class version 61)
[22:23:21] [main/DEBUG] (FabricLoader/Mixin) carpet.mixins.json:PistonMovingBlockEntity_movableBEMixin from mod carpet->@Inject::finishHandleBroken(Lorg/spongepowered/asm/mixin/injection/callback/CallbackInfo;)V doesn't use it's CallbackInfo
[22:23:21] [main/DEBUG] (FabricLoader/Mixin) carpet.mixins.json:PistonMovingBlockEntity_movableBEMixin from mod carpet->@Inject::finishHandleBroken(Lorg/spongepowered/asm/mixin/injection/callback/CallbackInfo;)V has 0 override(s) in child classes
[22:23:21] [main/DEBUG] (FabricLoader/Mixin) carpet.mixins.json:PistonMovingBlockEntity_movableBEMixin from mod carpet->@Inject::finishHandleBroken(Lorg/spongepowered/asm/mixin/injection/callback/CallbackInfo;)V won't be passed a CallbackInfo as a result
[22:23:21] [main/DEBUG] (FabricLoader/Mixin) carpet.mixins.json:PistonMovingBlockEntity_movableBEMixin from mod carpet->@Inject::onFromTag(Lnet/minecraft/nbt/NbtCompound;Lnet/minecraft/registry/RegistryWrapper$WrapperLookup;Lorg/spongepowered/asm/mixin/injection/callback/CallbackInfo;)V doesn't use it's CallbackInfo
[22:23:21] [main/DEBUG] (FabricLoader/Mixin) carpet.mixins.json:PistonMovingBlockEntity_movableBEMixin from mod carpet->@Inject::onFromTag(Lnet/minecraft/nbt/NbtCompound;Lnet/minecraft/registry/RegistryWrapper$WrapperLookup;Lorg/spongepowered/asm/mixin/injection/callback/CallbackInfo;)V has 0 override(s) in child classes
[22:23:21] [main/DEBUG] (FabricLoader/Mixin) carpet.mixins.json:PistonMovingBlockEntity_movableBEMixin from mod carpet->@Inject::onFromTag(Lnet/minecraft/nbt/NbtCompound;Lnet/minecraft/registry/RegistryWrapper$WrapperLookup;Lorg/spongepowered/asm/mixin/injection/callback/CallbackInfo;)V won't be passed a CallbackInfo as a result
[22:23:21] [main/DEBUG] (FabricLoader/Mixin) carpet.mixins.json:PistonMovingBlockEntity_movableBEMixin from mod carpet->@Inject::onToTag(Lnet/minecraft/nbt/NbtCompound;Lnet/minecraft/registry/RegistryWrapper$WrapperLookup;Lorg/spongepowered/asm/mixin/injection/callback/CallbackInfo;)V doesn't use it's CallbackInfo
[22:23:21] [main/DEBUG] (FabricLoader/Mixin) carpet.mixins.json:PistonMovingBlockEntity_movableBEMixin from mod carpet->@Inject::onToTag(Lnet/minecraft/nbt/NbtCompound;Lnet/minecraft/registry/RegistryWrapper$WrapperLookup;Lorg/spongepowered/asm/mixin/injection/callback/CallbackInfo;)V has 0 override(s) in child classes
[22:23:21] [main/DEBUG] (FabricLoader/Mixin) carpet.mixins.json:PistonMovingBlockEntity_movableBEMixin from mod carpet->@Inject::onToTag(Lnet/minecraft/nbt/NbtCompound;Lnet/minecraft/registry/RegistryWrapper$WrapperLookup;Lorg/spongepowered/asm/mixin/injection/callback/CallbackInfo;)V won't be passed a CallbackInfo as a result
[22:23:21] [main/DEBUG] (FabricLoader/Mixin) carpet.mixins.json:PistonMovingBlockEntity_playerHandlingMixin from mod carpet->@Inject::dontPushSpectators(Lnet/minecraft/util/math/Direction;Lnet/minecraft/entity/Entity;DLnet/minecraft/util/math/Direction;Lorg/spongepowered/asm/mixin/injection/callback/CallbackInfo;)V does use it's CallbackInfo
[22:23:21] [main/DEBUG] (FabricLoader/Mixin) Mixing MobEntityMixin from fabric-entity-events-v1.mixins.json into net.minecraft.entity.mob.MobEntity
[22:23:21] [main/DEBUG] (FabricLoader/Mixin) fabric-entity-events-v1.mixins.json:MobEntityMixin from mod fabric-entity-events-v1: Class version 65 required is higher than the class version supported by the current version of Mixin (JAVA_17 supports class version 61)
[22:23:21] [main/DEBUG] (FabricLoader/Mixin) Mixing MobMixin from carpet.mixins.json into net.minecraft.entity.mob.MobEntity
[22:23:21] [main/DEBUG] (FabricLoader/Mixin) carpet.mixins.json:MobMixin from mod carpet: Class version 65 required is higher than the class version supported by the current version of Mixin (JAVA_17 supports class version 61)
[22:23:21] [main/DEBUG] (FabricLoader/Mixin) Mixing PrimedTntMixin from carpet.mixins.json into net.minecraft.entity.TntEntity
[22:23:21] [main/DEBUG] (FabricLoader/Mixin) carpet.mixins.json:PrimedTntMixin from mod carpet: Class version 65 required is higher than the class version supported by the current version of Mixin (JAVA_17 supports class version 61)
[22:23:21] [main/DEBUG] (FabricLoader/Mixin) Mixing PrimedTnt_scarpetEventsMixin from carpet.mixins.json into net.minecraft.entity.TntEntity
[22:23:21] [main/DEBUG] (FabricLoader/Mixin) carpet.mixins.json:PrimedTnt_scarpetEventsMixin from mod carpet: Class version 65 required is higher than the class version supported by the current version of Mixin (JAVA_17 supports class version 61)
[22:23:21] [main/DEBUG] (FabricLoader/Mixin) carpet.mixins.json:PrimedTntMixin from mod carpet->@Inject::modifyTNTAngle(Lnet/minecraft/world/World;DDDLnet/minecraft/entity/LivingEntity;Lorg/spongepowered/asm/mixin/injection/callback/CallbackInfo;)V doesn't use it's CallbackInfo
[22:23:21] [main/DEBUG] (FabricLoader/Mixin) carpet.mixins.json:PrimedTntMixin from mod carpet->@Inject::modifyTNTAngle(Lnet/minecraft/world/World;DDDLnet/minecraft/entity/LivingEntity;Lorg/spongepowered/asm/mixin/injection/callback/CallbackInfo;)V has 0 override(s) in child classes
[22:23:21] [main/DEBUG] (FabricLoader/Mixin) carpet.mixins.json:PrimedTntMixin from mod carpet->@Inject::modifyTNTAngle(Lnet/minecraft/world/World;DDDLnet/minecraft/entity/LivingEntity;Lorg/spongepowered/asm/mixin/injection/callback/CallbackInfo;)V won't be passed a CallbackInfo as a result
[22:23:21] [main/DEBUG] (FabricLoader/Mixin) carpet.mixins.json:PrimedTntMixin from mod carpet->@Inject::initTNTLoggerPrime(Lnet/minecraft/entity/EntityType;Lnet/minecraft/world/World;Lorg/spongepowered/asm/mixin/injection/callback/CallbackInfo;)V doesn't use it's CallbackInfo
[22:23:21] [main/DEBUG] (FabricLoader/Mixin) carpet.mixins.json:PrimedTntMixin from mod carpet->@Inject::initTNTLoggerPrime(Lnet/minecraft/entity/EntityType;Lnet/minecraft/world/World;Lorg/spongepowered/asm/mixin/injection/callback/CallbackInfo;)V has 0 override(s) in child classes
[22:23:21] [main/DEBUG] (FabricLoader/Mixin) carpet.mixins.json:PrimedTntMixin from mod carpet->@Inject::initTNTLoggerPrime(Lnet/minecraft/entity/EntityType;Lnet/minecraft/world/World;Lorg/spongepowered/asm/mixin/injection/callback/CallbackInfo;)V won't be passed a CallbackInfo as a result
[22:23:21] [main/DEBUG] (FabricLoader/Mixin) carpet.mixins.json:PrimedTntMixin from mod carpet->@Inject::initTracker(Lorg/spongepowered/asm/mixin/injection/callback/CallbackInfo;)V doesn't use it's CallbackInfo
[22:23:21] [main/DEBUG] (FabricLoader/Mixin) carpet.mixins.json:PrimedTntMixin from mod carpet->@Inject::initTracker(Lorg/spongepowered/asm/mixin/injection/callback/CallbackInfo;)V has 0 override(s) in child classes
[22:23:21] [main/DEBUG] (FabricLoader/Mixin) carpet.mixins.json:PrimedTntMixin from mod carpet->@Inject::initTracker(Lorg/spongepowered/asm/mixin/injection/callback/CallbackInfo;)V won't be passed a CallbackInfo as a result
[22:23:21] [main/DEBUG] (FabricLoader/Mixin) carpet.mixins.json:PrimedTntMixin from mod carpet->@Inject::initTNTLogger(Lnet/minecraft/world/World;DDDLnet/minecraft/entity/LivingEntity;Lorg/spongepowered/asm/mixin/injection/callback/CallbackInfo;)V doesn't use it's CallbackInfo
[22:23:21] [main/DEBUG] (FabricLoader/Mixin) carpet.mixins.json:PrimedTntMixin from mod carpet->@Inject::initTNTLogger(Lnet/minecraft/world/World;DDDLnet/minecraft/entity/LivingEntity;Lorg/spongepowered/asm/mixin/injection/callback/CallbackInfo;)V has 0 override(s) in child classes
[22:23:21] [main/DEBUG] (FabricLoader/Mixin) carpet.mixins.json:PrimedTntMixin from mod carpet->@Inject::initTNTLogger(Lnet/minecraft/world/World;DDDLnet/minecraft/entity/LivingEntity;Lorg/spongepowered/asm/mixin/injection/callback/CallbackInfo;)V won't be passed a CallbackInfo as a result
[22:23:21] [main/DEBUG] (FabricLoader/Mixin) carpet.mixins.json:PrimedTntMixin from mod carpet->@Inject::onExplode(Lorg/spongepowered/asm/mixin/injection/callback/CallbackInfo;)V doesn't use it's CallbackInfo
[22:23:21] [main/DEBUG] (FabricLoader/Mixin) carpet.mixins.json:PrimedTntMixin from mod carpet->@Inject::onExplode(Lorg/spongepowered/asm/mixin/injection/callback/CallbackInfo;)V has 0 override(s) in child classes
[22:23:21] [main/DEBUG] (FabricLoader/Mixin) carpet.mixins.json:PrimedTntMixin from mod carpet->@Inject::onExplode(Lorg/spongepowered/asm/mixin/injection/callback/CallbackInfo;)V won't be passed a CallbackInfo as a result
[22:23:21] [main/DEBUG] (FabricLoader/Mixin) carpet.mixins.json:PrimedTntMixin from mod carpet->@Inject::tryMergeTnt(Lorg/spongepowered/asm/mixin/injection/callback/CallbackInfo;)V doesn't use it's CallbackInfo
[22:23:21] [main/DEBUG] (FabricLoader/Mixin) carpet.mixins.json:PrimedTntMixin from mod carpet->@Inject::tryMergeTnt(Lorg/spongepowered/asm/mixin/injection/callback/CallbackInfo;)V has 0 override(s) in child classes
[22:23:21] [main/DEBUG] (FabricLoader/Mixin) carpet.mixins.json:PrimedTntMixin from mod carpet->@Inject::tryMergeTnt(Lorg/spongepowered/asm/mixin/injection/callback/CallbackInfo;)V won't be passed a CallbackInfo as a result
[22:23:21] [main/DEBUG] (FabricLoader/Mixin) carpet.mixins.json:PrimedTntMixin from mod carpet->@Inject::setMergeable(Lorg/spongepowered/asm/mixin/injection/callback/CallbackInfo;)V doesn't use it's CallbackInfo
[22:23:21] [main/DEBUG] (FabricLoader/Mixin) carpet.mixins.json:PrimedTntMixin from mod carpet->@Inject::setMergeable(Lorg/spongepowered/asm/mixin/injection/callback/CallbackInfo;)V has 0 override(s) in child classes
[22:23:21] [main/DEBUG] (FabricLoader/Mixin) carpet.mixins.json:PrimedTntMixin from mod carpet->@Inject::setMergeable(Lorg/spongepowered/asm/mixin/injection/callback/CallbackInfo;)V won't be passed a CallbackInfo as a result
[22:23:21] [main/DEBUG] (FabricLoader/Mixin) carpet.mixins.json:PrimedTnt_scarpetEventsMixin from mod carpet->@Inject::onTickCall(Lorg/spongepowered/asm/mixin/injection/callback/CallbackInfo;)V doesn't use it's CallbackInfo
[22:23:21] [main/DEBUG] (FabricLoader/Mixin) carpet.mixins.json:PrimedTnt_scarpetEventsMixin from mod carpet->@Inject::onTickCall(Lorg/spongepowered/asm/mixin/injection/callback/CallbackInfo;)V has 0 override(s) in child classes
[22:23:21] [main/DEBUG] (FabricLoader/Mixin) carpet.mixins.json:PrimedTnt_scarpetEventsMixin from mod carpet->@Inject::onTickCall(Lorg/spongepowered/asm/mixin/injection/callback/CallbackInfo;)V won't be passed a CallbackInfo as a result
[22:23:21] [main/DEBUG] (FabricLoader/Mixin) Mixing ChiseledBookshelfBlockEntityMixin from fabric-transfer-api-v1.mixins.json into net.minecraft.block.entity.ChiseledBookshelfBlockEntity
[22:23:21] [main/DEBUG] (FabricLoader/Mixin) fabric-transfer-api-v1.mixins.json:ChiseledBookshelfBlockEntityMixin from mod fabric-transfer-api-v1: Class version 65 required is higher than the class version supported by the current version of Mixin (JAVA_17 supports class version 61)
[22:23:21] [main/DEBUG] (FabricLoader/Mixin) fabric-transfer-api-v1.mixins.json:ChiseledBookshelfBlockEntityMixin from mod fabric-transfer-api-v1->@Inject::setStackBypass(ILnet/minecraft/item/ItemStack;Lorg/spongepowered/asm/mixin/injection/callback/CallbackInfo;)V does use it's CallbackInfo
[22:23:22] [main/DEBUG] (FabricLoader/Mixin) Mixing BlockEntityTypeAccessor from fabric-api-lookup-api-v1.mixins.json into net.minecraft.block.entity.BlockEntityType
[22:23:22] [main/DEBUG] (FabricLoader/Mixin) fabric-api-lookup-api-v1.mixins.json:BlockEntityTypeAccessor from mod fabric-api-lookup-api-v1: Class version 65 required is higher than the class version supported by the current version of Mixin (JAVA_17 supports class version 61)
[22:23:22] [main/DEBUG] (FabricLoader/Mixin) Mixing AbstractContainerMenu_ctrlQCraftingMixin from carpet.mixins.json into net.minecraft.screen.ScreenHandler
[22:23:22] [main/DEBUG] (FabricLoader/Mixin) carpet.mixins.json:AbstractContainerMenu_ctrlQCraftingMixin from mod carpet: Class version 65 required is higher than the class version supported by the current version of Mixin (JAVA_17 supports class version 61)
[22:23:22] [main/DEBUG] (FabricLoader/Mixin) Mixing AbstractContainerMenu_scarpetMixin from carpet.mixins.json into net.minecraft.screen.ScreenHandler
[22:23:22] [main/DEBUG] (FabricLoader/Mixin) carpet.mixins.json:AbstractContainerMenu_scarpetMixin from mod carpet: Class version 65 required is higher than the class version supported by the current version of Mixin (JAVA_17 supports class version 61)
[22:23:22] [main/DEBUG] (FabricLoader/Mixin) carpet.mixins.json:AbstractContainerMenu_ctrlQCraftingMixin from mod carpet->@Inject::onThrowClick(IILnet/minecraft/screen/slot/SlotActionType;Lnet/minecraft/entity/player/PlayerEntity;Lorg/spongepowered/asm/mixin/injection/callback/CallbackInfo;)V does use it's CallbackInfo
[22:23:22] [main/DEBUG] (FabricLoader/Mixin) carpet.mixins.json:AbstractContainerMenu_scarpetMixin from mod carpet->@Inject::callSlotClickListener(IILnet/minecraft/screen/slot/SlotActionType;Lnet/minecraft/entity/player/PlayerEntity;Lorg/spongepowered/asm/mixin/injection/callback/CallbackInfo;)V does use it's CallbackInfo
[22:23:22] [main/DEBUG] (FabricLoader/Mixin) carpet.mixins.json:AbstractContainerMenu_scarpetMixin from mod carpet->@Inject::callCloseListener(Lnet/minecraft/entity/player/PlayerEntity;Lorg/spongepowered/asm/mixin/injection/callback/CallbackInfo;)V doesn't use it's CallbackInfo
[22:23:22] [main/DEBUG] (FabricLoader/Mixin) carpet.mixins.json:AbstractContainerMenu_scarpetMixin from mod carpet->@Inject::callCloseListener(Lnet/minecraft/entity/player/PlayerEntity;Lorg/spongepowered/asm/mixin/injection/callback/CallbackInfo;)V has 0 override(s) in child classes
[22:23:22] [main/DEBUG] (FabricLoader/Mixin) carpet.mixins.json:AbstractContainerMenu_scarpetMixin from mod carpet->@Inject::callCloseListener(Lnet/minecraft/entity/player/PlayerEntity;Lorg/spongepowered/asm/mixin/injection/callback/CallbackInfo;)V won't be passed a CallbackInfo as a result
[22:23:22] [main/DEBUG] (FabricLoader/Mixin) Mixing RecipeBookMenu_scarpetMixin from carpet.mixins.json into net.minecraft.screen.AbstractRecipeScreenHandler
[22:23:22] [main/DEBUG] (FabricLoader/Mixin) carpet.mixins.json:RecipeBookMenu_scarpetMixin from mod carpet: Class version 65 required is higher than the class version supported by the current version of Mixin (JAVA_17 supports class version 61)
[22:23:22] [main/DEBUG] (FabricLoader/Mixin) carpet.mixins.json:RecipeBookMenu_scarpetMixin from mod carpet->@Inject::selectRecipeCallback(ZLnet/minecraft/recipe/RecipeEntry;Lnet/minecraft/server/network/ServerPlayerEntity;Lorg/spongepowered/asm/mixin/injection/callback/CallbackInfo;)V does use it's CallbackInfo
[22:23:22] [main/DEBUG] (FabricLoader/Mixin) Mixing AbstractFurnaceBlockEntityMixin from fabric-item-api-v1.mixins.json into net.minecraft.block.entity.AbstractFurnaceBlockEntity
[22:23:22] [main/DEBUG] (FabricLoader/Mixin) fabric-item-api-v1.mixins.json:AbstractFurnaceBlockEntityMixin from mod fabric-item-api-v1: Class version 65 required is higher than the class version supported by the current version of Mixin (JAVA_17 supports class version 61)
[22:23:22] [main/DEBUG] (FabricLoader/Mixin) Mixing AbstractFurnaceBlockEntityMixin from fabric-transfer-api-v1.mixins.json into net.minecraft.block.entity.AbstractFurnaceBlockEntity
[22:23:22] [main/DEBUG] (FabricLoader/Mixin) fabric-transfer-api-v1.mixins.json:AbstractFurnaceBlockEntityMixin from mod fabric-transfer-api-v1: Class version 65 required is higher than the class version supported by the current version of Mixin (JAVA_17 supports class version 61)
[22:23:22] [main/DEBUG] (FabricLoader/Mixin) Mixing AbstractFurnaceBlockEntityMixin from fabric-content-registries-v0.mixins.json into net.minecraft.block.entity.AbstractFurnaceBlockEntity
[22:23:22] [main/DEBUG] (FabricLoader/Mixin) fabric-content-registries-v0.mixins.json:AbstractFurnaceBlockEntityMixin from mod fabric-content-registries-v0: Class version 65 required is higher than the class version supported by the current version of Mixin (JAVA_17 supports class version 61)
[22:23:22] [main/DEBUG] (FabricLoader/Mixin) fabric-item-api-v1.mixins.json:AbstractFurnaceBlockEntityMixin from mod fabric-item-api-v1->@Inject::getStackRemainder(Lnet/minecraft/world/World;Lnet/minecraft/util/math/BlockPos;Lnet/minecraft/block/BlockState;Lnet/minecraft/block/entity/AbstractFurnaceBlockEntity;Lorg/spongepowered/asm/mixin/injection/callback/CallbackInfo;ZZLnet/minecraft/item/ItemStack;ZZLnet/minecraft/recipe/RecipeEntry;I)V doesn't use it's CallbackInfo
[22:23:22] [main/DEBUG] (FabricLoader/Mixin) fabric-transfer-api-v1.mixins.json:AbstractFurnaceBlockEntityMixin from mod fabric-transfer-api-v1->@Inject::setStackSuppressUpdate(ILnet/minecraft/item/ItemStack;Lorg/spongepowered/asm/mixin/injection/callback/CallbackInfo;)V does use it's CallbackInfo
[22:23:22] [main/DEBUG] (FabricLoader/Mixin) fabric-content-registries-v0.mixins.json:AbstractFurnaceBlockEntityMixin from mod fabric-content-registries-v0->@Inject::fuelTimeMapHook(Lorg/spongepowered/asm/mixin/injection/callback/CallbackInfoReturnable;)V does use it's CallbackInfoReturnable
[22:23:22] [main/DEBUG] (FabricLoader/Mixin) fabric-content-registries-v0.mixins.json:AbstractFurnaceBlockEntityMixin from mod fabric-content-registries-v0->@Inject::fuelTimeMapHook(Lorg/spongepowered/asm/mixin/injection/callback/CallbackInfoReturnable;)V does use it's CallbackInfoReturnable
[22:23:22] [main/DEBUG] (FabricLoader/Mixin) Mixing AbstractArrowMixin from carpet.mixins.json into net.minecraft.entity.projectile.PersistentProjectileEntity
[22:23:22] [main/DEBUG] (FabricLoader/Mixin) carpet.mixins.json:AbstractArrowMixin from mod carpet: Class version 65 required is higher than the class version supported by the current version of Mixin (JAVA_17 supports class version 61)
[22:23:22] [main/DEBUG] (FabricLoader/Mixin) carpet.mixins.json:AbstractArrowMixin from mod carpet->@Inject::addLogger(Lnet/minecraft/entity/EntityType;Lnet/minecraft/world/World;Lnet/minecraft/item/ItemStack;Lorg/spongepowered/asm/mixin/injection/callback/CallbackInfo;)V doesn't use it's CallbackInfo
[22:23:22] [main/DEBUG] (FabricLoader/Mixin) carpet.mixins.json:AbstractArrowMixin from mod carpet->@Inject::addLogger(Lnet/minecraft/entity/EntityType;Lnet/minecraft/world/World;Lnet/minecraft/item/ItemStack;Lorg/spongepowered/asm/mixin/injection/callback/CallbackInfo;)V has 0 override(s) in child classes
[22:23:22] [main/DEBUG] (FabricLoader/Mixin) carpet.mixins.json:AbstractArrowMixin from mod carpet->@Inject::addLogger(Lnet/minecraft/entity/EntityType;Lnet/minecraft/world/World;Lnet/minecraft/item/ItemStack;Lorg/spongepowered/asm/mixin/injection/callback/CallbackInfo;)V won't be passed a CallbackInfo as a result
[22:23:22] [main/DEBUG] (FabricLoader/Mixin) carpet.mixins.json:AbstractArrowMixin from mod carpet->@Inject::tickCheck(Lorg/spongepowered/asm/mixin/injection/callback/CallbackInfo;)V doesn't use it's CallbackInfo
[22:23:22] [main/DEBUG] (FabricLoader/Mixin) carpet.mixins.json:AbstractArrowMixin from mod carpet->@Inject::tickCheck(Lorg/spongepowered/asm/mixin/injection/callback/CallbackInfo;)V has 0 override(s) in child classes
[22:23:22] [main/DEBUG] (FabricLoader/Mixin) carpet.mixins.json:AbstractArrowMixin from mod carpet->@Inject::tickCheck(Lorg/spongepowered/asm/mixin/injection/callback/CallbackInfo;)V won't be passed a CallbackInfo as a result
[22:23:22] [main/DEBUG] (FabricLoader/Mixin) carpet.mixins.json:AbstractArrowMixin from mod carpet->@Inject::removeOnEntity(Lnet/minecraft/util/hit/EntityHitResult;Lorg/spongepowered/asm/mixin/injection/callback/CallbackInfo;)V doesn't use it's CallbackInfo
[22:23:22] [main/DEBUG] (FabricLoader/Mixin) carpet.mixins.json:AbstractArrowMixin from mod carpet->@Inject::removeOnEntity(Lnet/minecraft/util/hit/EntityHitResult;Lorg/spongepowered/asm/mixin/injection/callback/CallbackInfo;)V has 0 override(s) in child classes
[22:23:22] [main/DEBUG] (FabricLoader/Mixin) carpet.mixins.json:AbstractArrowMixin from mod carpet->@Inject::removeOnEntity(Lnet/minecraft/util/hit/EntityHitResult;Lorg/spongepowered/asm/mixin/injection/callback/CallbackInfo;)V won't be passed a CallbackInfo as a result
[22:23:22] [main/DEBUG] (FabricLoader/Mixin) carpet.mixins.json:AbstractArrowMixin from mod carpet->@Inject::removeOnEntity(Lnet/minecraft/util/hit/EntityHitResult;Lorg/spongepowered/asm/mixin/injection/callback/CallbackInfo;)V doesn't use it's CallbackInfo
[22:23:22] [main/DEBUG] (FabricLoader/Mixin) carpet.mixins.json:AbstractArrowMixin from mod carpet->@Inject::removeOnEntity(Lnet/minecraft/util/hit/EntityHitResult;Lorg/spongepowered/asm/mixin/injection/callback/CallbackInfo;)V has 0 override(s) in child classes
[22:23:22] [main/DEBUG] (FabricLoader/Mixin) carpet.mixins.json:AbstractArrowMixin from mod carpet->@Inject::removeOnEntity(Lnet/minecraft/util/hit/EntityHitResult;Lorg/spongepowered/asm/mixin/injection/callback/CallbackInfo;)V won't be passed a CallbackInfo as a result
[22:23:22] [main/DEBUG] (FabricLoader/Mixin) carpet.mixins.json:AbstractArrowMixin from mod carpet->@Inject::removeOnEntity(Lnet/minecraft/util/hit/EntityHitResult;Lorg/spongepowered/asm/mixin/injection/callback/CallbackInfo;)V doesn't use it's CallbackInfo
[22:23:22] [main/DEBUG] (FabricLoader/Mixin) carpet.mixins.json:AbstractArrowMixin from mod carpet->@Inject::removeOnEntity(Lnet/minecraft/util/hit/EntityHitResult;Lorg/spongepowered/asm/mixin/injection/callback/CallbackInfo;)V has 0 override(s) in child classes
[22:23:22] [main/DEBUG] (FabricLoader/Mixin) carpet.mixins.json:AbstractArrowMixin from mod carpet->@Inject::removeOnEntity(Lnet/minecraft/util/hit/EntityHitResult;Lorg/spongepowered/asm/mixin/injection/callback/CallbackInfo;)V won't be passed a CallbackInfo as a result
[22:23:22] [main/DEBUG] (FabricLoader/Mixin) carpet.mixins.json:AbstractArrowMixin from mod carpet->@Inject::removeOnBlock(Lnet/minecraft/util/hit/BlockHitResult;Lorg/spongepowered/asm/mixin/injection/callback/CallbackInfo;)V doesn't use it's CallbackInfo
[22:23:22] [main/DEBUG] (FabricLoader/Mixin) carpet.mixins.json:AbstractArrowMixin from mod carpet->@Inject::removeOnBlock(Lnet/minecraft/util/hit/BlockHitResult;Lorg/spongepowered/asm/mixin/injection/callback/CallbackInfo;)V has 0 override(s) in child classes
[22:23:22] [main/DEBUG] (FabricLoader/Mixin) carpet.mixins.json:AbstractArrowMixin from mod carpet->@Inject::removeOnBlock(Lnet/minecraft/util/hit/BlockHitResult;Lorg/spongepowered/asm/mixin/injection/callback/CallbackInfo;)V won't be passed a CallbackInfo as a result
[22:23:22] [main/DEBUG] (FabricLoader/Mixin) Mixing JukeboxBlockEntityMixin from fabric-transfer-api-v1.mixins.json into net.minecraft.block.entity.JukeboxBlockEntity
[22:23:22] [main/DEBUG] (FabricLoader/Mixin) fabric-transfer-api-v1.mixins.json:JukeboxBlockEntityMixin from mod fabric-transfer-api-v1: Class version 65 required is higher than the class version supported by the current version of Mixin (JAVA_17 supports class version 61)
[22:23:22] [main/DEBUG] (FabricLoader/Mixin) fabric-transfer-api-v1.mixins.json:JukeboxBlockEntityMixin from mod fabric-transfer-api-v1->@Inject::setStackBypass(Lnet/minecraft/item/ItemStack;Lorg/spongepowered/asm/mixin/injection/callback/CallbackInfo;)V does use it's CallbackInfo
[22:23:22] [main/DEBUG] (FabricLoader/Mixin) Mixing AbstractContainerMenuSubclasses_scarpetMixin from carpet.mixins.json into net.minecraft.screen.EnchantmentScreenHandler
[22:23:22] [main/DEBUG] (FabricLoader/Mixin) carpet.mixins.json:AbstractContainerMenuSubclasses_scarpetMixin from mod carpet: Class version 65 required is higher than the class version supported by the current version of Mixin (JAVA_17 supports class version 61)
[22:23:22] [main/DEBUG] (FabricLoader/Mixin) carpet.mixins.json:AbstractContainerMenuSubclasses_scarpetMixin from mod carpet->@Inject::buttonClickCallback(Lnet/minecraft/entity/player/PlayerEntity;ILorg/spongepowered/asm/mixin/injection/callback/CallbackInfoReturnable;)V does use it's CallbackInfoReturnable
[22:23:22] [main/DEBUG] (FabricLoader/Mixin) Mixing BrewingStandBlockEntityMixin from fabric-item-api-v1.mixins.json into net.minecraft.block.entity.BrewingStandBlockEntity
[22:23:22] [main/DEBUG] (FabricLoader/Mixin) fabric-item-api-v1.mixins.json:BrewingStandBlockEntityMixin from mod fabric-item-api-v1: Class version 65 required is higher than the class version supported by the current version of Mixin (JAVA_17 supports class version 61)
[22:23:22] [main/DEBUG] (FabricLoader/Mixin) fabric-item-api-v1.mixins.json:BrewingStandBlockEntityMixin from mod fabric-item-api-v1->@Inject::captureItemStack(Lnet/minecraft/world/World;Lnet/minecraft/util/math/BlockPos;Lnet/minecraft/util/collection/DefaultedList;Lorg/spongepowered/asm/mixin/injection/callback/CallbackInfo;Lnet/minecraft/item/ItemStack;)V doesn't use it's CallbackInfo
[22:23:22] [main/DEBUG] (FabricLoader/Mixin) Mixing ItemStackMixin from fabric-item-api-v1.mixins.json into net.minecraft.item.ItemStack
[22:23:22] [main/DEBUG] (FabricLoader/Mixin) fabric-item-api-v1.mixins.json:ItemStackMixin from mod fabric-item-api-v1: Class version 65 required is higher than the class version supported by the current version of Mixin (JAVA_17 supports class version 61)
[22:23:22] [main/DEBUG] (FabricLoader/Mixin) Renaming synthetic method lambda$hookDamage$0(Lorg/apache/commons/lang3/mutable/MutableBoolean;Ljava/lang/Runnable;)V to mda8b304$fabric-item-api-v1$lambda$hookDamage$0$0 in fabric-item-api-v1.mixins.json:ItemStackMixin from mod fabric-item-api-v1
[22:23:22] [main/DEBUG] (FabricLoader/Mixin) Mixing ItemStackMixin from fabric-item-api-v1.client.mixins.json into net.minecraft.item.ItemStack
[22:23:22] [main/DEBUG] (FabricLoader/Mixin) fabric-item-api-v1.client.mixins.json:ItemStackMixin from mod fabric-item-api-v1: Class version 65 required is higher than the class version supported by the current version of Mixin (JAVA_17 supports class version 61)
[22:23:22] [main/DEBUG] (FabricLoader/Mixin) Mixing ItemStack_stackableShulkerBoxesMixin from carpet.mixins.json into net.minecraft.item.ItemStack
[22:23:22] [main/DEBUG] (FabricLoader/Mixin) carpet.mixins.json:ItemStack_stackableShulkerBoxesMixin from mod carpet: Class version 65 required is higher than the class version supported by the current version of Mixin (JAVA_17 supports class version 61)
[22:23:22] [main/DEBUG] (FabricLoader/Mixin) fabric-item-api-v1.client.mixins.json:ItemStackMixin from mod fabric-item-api-v1->@Inject::getTooltip(Lnet/minecraft/item/Item$TooltipContext;Lnet/minecraft/entity/player/PlayerEntity;Lnet/minecraft/client/item/TooltipType;Lorg/spongepowered/asm/mixin/injection/callback/CallbackInfoReturnable;)V does use it's CallbackInfoReturnable
[22:23:22] [main/DEBUG] (FabricLoader/Mixin) carpet.mixins.json:ItemStack_stackableShulkerBoxesMixin from mod carpet->@Inject::getCMMAxStackSize(Lorg/spongepowered/asm/mixin/injection/callback/CallbackInfoReturnable;)V does use it's CallbackInfoReturnable
[22:23:22] [main/DEBUG] (FabricLoader/Mixin) Mixing Biome_scarpetMixin from carpet.mixins.json into net.minecraft.world.biome.Biome
[22:23:22] [main/DEBUG] (FabricLoader/Mixin) carpet.mixins.json:Biome_scarpetMixin from mod carpet: Class version 65 required is higher than the class version supported by the current version of Mixin (JAVA_17 supports class version 61)
[22:23:22] [main/DEBUG] (FabricLoader/Mixin) Mixing WitherBoss_moreBlueMixin from carpet.mixins.json into net.minecraft.entity.boss.WitherEntity
[22:23:22] [main/DEBUG] (FabricLoader/Mixin) carpet.mixins.json:WitherBoss_moreBlueMixin from mod carpet: Class version 65 required is higher than the class version supported by the current version of Mixin (JAVA_17 supports class version 61)
[22:23:22] [main/DEBUG] (FabricLoader/Mixin) Mixing AnvilScreenHandlerMixin from fabric-item-api-v1.mixins.json into net.minecraft.screen.AnvilScreenHandler
[22:23:22] [main/DEBUG] (FabricLoader/Mixin) fabric-item-api-v1.mixins.json:AnvilScreenHandlerMixin from mod fabric-item-api-v1: Class version 65 required is higher than the class version supported by the current version of Mixin (JAVA_17 supports class version 61)
[22:23:22] [main/DEBUG] (FabricLoader/Mixin) Mixing HopperBlockEntity_counterMixin from carpet.mixins.json into net.minecraft.block.entity.HopperBlockEntity
[22:23:22] [main/DEBUG] (FabricLoader/Mixin) carpet.mixins.json:HopperBlockEntity_counterMixin from mod carpet: Class version 65 required is higher than the class version supported by the current version of Mixin (JAVA_17 supports class version 61)
[22:23:22] [main/DEBUG] (FabricLoader/Mixin) Mixing HopperBlockEntityMixin from fabric-transfer-api-v1.mixins.json into net.minecraft.block.entity.HopperBlockEntity
[22:23:22] [main/DEBUG] (FabricLoader/Mixin) fabric-transfer-api-v1.mixins.json:HopperBlockEntityMixin from mod fabric-transfer-api-v1: Class version 65 required is higher than the class version supported by the current version of Mixin (JAVA_17 supports class version 61)
[22:23:22] [main/DEBUG] (FabricLoader/Mixin) Renaming synthetic method lambda$hookExtract$1(Lnet/fabricmc/fabric/api/transfer/v1/item/ItemVariant;)Z to mda8b304$fabric-transfer-api-v1$lambda$hookExtract$1$0 in fabric-transfer-api-v1.mixins.json:HopperBlockEntityMixin from mod fabric-transfer-api-v1
[22:23:22] [main/DEBUG] (FabricLoader/Mixin) Renaming synthetic method lambda$hookInsert$0(Lnet/fabricmc/fabric/api/transfer/v1/item/ItemVariant;)Z to mda8b304$fabric-transfer-api-v1$lambda$hookInsert$0$1 in fabric-transfer-api-v1.mixins.json:HopperBlockEntityMixin from mod fabric-transfer-api-v1
[22:23:22] [main/DEBUG] (FabricLoader/Mixin) carpet.mixins.json:HopperBlockEntity_counterMixin from mod carpet->@Inject::onInsert(Lnet/minecraft/world/World;Lnet/minecraft/util/math/BlockPos;Lnet/minecraft/block/entity/HopperBlockEntity;Lorg/spongepowered/asm/mixin/injection/callback/CallbackInfoReturnable;)V does use it's CallbackInfoReturnable
[22:23:22] [main/DEBUG] (FabricLoader/Mixin) fabric-transfer-api-v1.mixins.json:HopperBlockEntityMixin from mod fabric-transfer-api-v1->@Inject::hookInsert(Lnet/minecraft/world/World;Lnet/minecraft/util/math/BlockPos;Lnet/minecraft/block/entity/HopperBlockEntity;Lorg/spongepowered/asm/mixin/injection/callback/CallbackInfoReturnable;)V does use it's CallbackInfoReturnable
[22:23:22] [main/DEBUG] (FabricLoader/Mixin) fabric-transfer-api-v1.mixins.json:HopperBlockEntityMixin from mod fabric-transfer-api-v1->@Inject::hookExtract(Lnet/minecraft/world/World;Lnet/minecraft/block/entity/Hopper;Lorg/spongepowered/asm/mixin/injection/callback/CallbackInfoReturnable;)V does use it's CallbackInfoReturnable
[22:23:22] [main/DEBUG] (FabricLoader/Mixin) Mixing BannerBlockEntityMixin from fabric-data-attachment-api-v1.mixins.json into net.minecraft.block.entity.BannerBlockEntity
[22:23:22] [main/DEBUG] (FabricLoader/Mixin) fabric-data-attachment-api-v1.mixins.json:BannerBlockEntityMixin from mod fabric-data-attachment-api-v1: Class version 65 required is higher than the class version supported by the current version of Mixin (JAVA_17 supports class version 61)
[22:23:22] [main/DEBUG] (FabricLoader/Mixin) Mixing TheEndGatewayBlockEntity_creativeNoClipMixin from carpet.mixins.json into net.minecraft.block.entity.EndGatewayBlockEntity
[22:23:22] [main/DEBUG] (FabricLoader/Mixin) carpet.mixins.json:TheEndGatewayBlockEntity_creativeNoClipMixin from mod carpet: Class version 65 required is higher than the class version supported by the current version of Mixin (JAVA_17 supports class version 61)
[22:23:22] [main/DEBUG] (FabricLoader/Mixin) carpet.mixins.json:TheEndGatewayBlockEntity_creativeNoClipMixin from mod carpet->@Inject::checkFlyingCreative(Lnet/minecraft/entity/Entity;Lorg/spongepowered/asm/mixin/injection/callback/CallbackInfoReturnable;)V does use it's CallbackInfoReturnable
[22:23:22] [main/DEBUG] (FabricLoader/Mixin) Mixing ShulkerBoxBlockEntity_creativeNoClipMixin from carpet.mixins.json into net.minecraft.block.entity.ShulkerBoxBlockEntity
[22:23:22] [main/DEBUG] (FabricLoader/Mixin) carpet.mixins.json:ShulkerBoxBlockEntity_creativeNoClipMixin from mod carpet: Class version 65 required is higher than the class version supported by the current version of Mixin (JAVA_17 supports class version 61)
[22:23:22] [main/DEBUG] (FabricLoader/Mixin) Mixing CoralFeature_renewableCoralMixin from carpet.mixins.json into net.minecraft.world.gen.feature.CoralFeature
[22:23:22] [main/DEBUG] (FabricLoader/Mixin) carpet.mixins.json:CoralFeature_renewableCoralMixin from mod carpet: Class version 65 required is higher than the class version supported by the current version of Mixin (JAVA_17 supports class version 61)
[22:23:22] [main/DEBUG] (FabricLoader/Mixin) Mixing AbstractContainerMenuSubclasses_scarpetMixin from carpet.mixins.json into net.minecraft.screen.LoomScreenHandler
[22:23:22] [main/DEBUG] (FabricLoader/Mixin) carpet.mixins.json:AbstractContainerMenuSubclasses_scarpetMixin from mod carpet: Class version 65 required is higher than the class version supported by the current version of Mixin (JAVA_17 supports class version 61)
[22:23:22] [main/DEBUG] (FabricLoader/Mixin) carpet.mixins.json:AbstractContainerMenuSubclasses_scarpetMixin from mod carpet->@Inject::buttonClickCallback(Lnet/minecraft/entity/player/PlayerEntity;ILorg/spongepowered/asm/mixin/injection/callback/CallbackInfoReturnable;)V does use it's CallbackInfoReturnable
[22:23:22] [main/DEBUG] (FabricLoader/Mixin) Mixing AbstractContainerMenuSubclasses_scarpetMixin from carpet.mixins.json into net.minecraft.screen.StonecutterScreenHandler
[22:23:22] [main/DEBUG] (FabricLoader/Mixin) carpet.mixins.json:AbstractContainerMenuSubclasses_scarpetMixin from mod carpet: Class version 65 required is higher than the class version supported by the current version of Mixin (JAVA_17 supports class version 61)
[22:23:22] [main/DEBUG] (FabricLoader/Mixin) carpet.mixins.json:AbstractContainerMenuSubclasses_scarpetMixin from mod carpet->@Inject::buttonClickCallback(Lnet/minecraft/entity/player/PlayerEntity;ILorg/spongepowered/asm/mixin/injection/callback/CallbackInfoReturnable;)V does use it's CallbackInfoReturnable
[22:23:22] [main/DEBUG] (FabricLoader/Mixin) Mixing StructureBlockEntity_fillUpdatesMixin from carpet.mixins.json into net.minecraft.block.entity.StructureBlockBlockEntity
[22:23:22] [main/DEBUG] (FabricLoader/Mixin) carpet.mixins.json:StructureBlockEntity_fillUpdatesMixin from mod carpet: Class version 65 required is higher than the class version supported by the current version of Mixin (JAVA_17 supports class version 61)
[22:23:22] [main/DEBUG] (FabricLoader/Mixin) Mixing StructureBlockEntity_limitsMixin from carpet.mixins.json into net.minecraft.block.entity.StructureBlockBlockEntity
[22:23:22] [main/DEBUG] (FabricLoader/Mixin) carpet.mixins.json:StructureBlockEntity_limitsMixin from mod carpet: Class version 65 required is higher than the class version supported by the current version of Mixin (JAVA_17 supports class version 61)
[22:23:22] [main/DEBUG] (FabricLoader/Mixin) Mixing TadpoleEntityMixin from fabric-entity-events-v1.mixins.json into net.minecraft.entity.passive.TadpoleEntity
[22:23:22] [main/DEBUG] (FabricLoader/Mixin) fabric-entity-events-v1.mixins.json:TadpoleEntityMixin from mod fabric-entity-events-v1: Class version 65 required is higher than the class version supported by the current version of Mixin (JAVA_17 supports class version 61)
[22:23:23] [main/DEBUG] (FabricLoader/Mixin) Mixing ItemAccessor from fabric-item-api-v1.mixins.json into net.minecraft.item.Item
[22:23:23] [main/DEBUG] (FabricLoader/Mixin) fabric-item-api-v1.mixins.json:ItemAccessor from mod fabric-item-api-v1: Class version 65 required is higher than the class version supported by the current version of Mixin (JAVA_17 supports class version 61)
[22:23:23] [main/DEBUG] (FabricLoader/Mixin) Mixing ItemMixin from fabric-item-api-v1.mixins.json into net.minecraft.item.Item
[22:23:23] [main/DEBUG] (FabricLoader/Mixin) fabric-item-api-v1.mixins.json:ItemMixin from mod fabric-item-api-v1: Class version 65 required is higher than the class version supported by the current version of Mixin (JAVA_17 supports class version 61)
[22:23:23] [main/DEBUG] (FabricLoader/Mixin) Mixing ItemMixin from fabric-transfer-api-v1.mixins.json into net.minecraft.item.Item
[22:23:23] [main/DEBUG] (FabricLoader/Mixin) fabric-transfer-api-v1.mixins.json:ItemMixin from mod fabric-transfer-api-v1: Class version 65 required is higher than the class version supported by the current version of Mixin (JAVA_17 supports class version 61)
[22:23:23] [main/DEBUG] (FabricLoader/Mixin) fabric-item-api-v1.mixins.json:ItemMixin from mod fabric-item-api-v1->@Inject::onConstruct(Lnet/minecraft/item/Item$Settings;Lorg/spongepowered/asm/mixin/injection/callback/CallbackInfo;)V doesn't use it's CallbackInfo
[22:23:23] [main/DEBUG] (FabricLoader/Mixin) fabric-item-api-v1.mixins.json:ItemMixin from mod fabric-item-api-v1->@Inject::onConstruct(Lnet/minecraft/item/Item$Settings;Lorg/spongepowered/asm/mixin/injection/callback/CallbackInfo;)V has 0 override(s) in child classes
[22:23:23] [main/DEBUG] (FabricLoader/Mixin) fabric-item-api-v1.mixins.json:ItemMixin from mod fabric-item-api-v1->@Inject::onConstruct(Lnet/minecraft/item/Item$Settings;Lorg/spongepowered/asm/mixin/injection/callback/CallbackInfo;)V won't be passed a CallbackInfo as a result
[22:23:23] [main/DEBUG] (FabricLoader/Mixin) Mixing BlockItem_scarpetEventMixin from carpet.mixins.json into net.minecraft.item.BlockItem
[22:23:23] [main/DEBUG] (FabricLoader/Mixin) carpet.mixins.json:BlockItem_scarpetEventMixin from mod carpet: Class version 65 required is higher than the class version supported by the current version of Mixin (JAVA_17 supports class version 61)
[22:23:23] [main/DEBUG] (FabricLoader/Mixin) Mixing BlockItem_creativeNoClipMixin from carpet.mixins.json into net.minecraft.item.BlockItem
[22:23:23] [main/DEBUG] (FabricLoader/Mixin) carpet.mixins.json:BlockItem_creativeNoClipMixin from mod carpet: Class version 65 required is higher than the class version supported by the current version of Mixin (JAVA_17 supports class version 61)
[22:23:23] [main/DEBUG] (FabricLoader/Mixin) carpet.mixins.json:BlockItem_scarpetEventMixin from mod carpet->@Inject::afterPlacement(Lnet/minecraft/item/ItemPlacementContext;Lorg/spongepowered/asm/mixin/injection/callback/CallbackInfoReturnable;)V doesn't use it's CallbackInfoReturnable
[22:23:23] [main/DEBUG] (FabricLoader/Mixin) carpet.mixins.json:BlockItem_scarpetEventMixin from mod carpet->@Inject::afterPlacement(Lnet/minecraft/item/ItemPlacementContext;Lorg/spongepowered/asm/mixin/injection/callback/CallbackInfoReturnable;)V has 0 override(s) in child classes
[22:23:23] [main/DEBUG] (FabricLoader/Mixin) carpet.mixins.json:BlockItem_scarpetEventMixin from mod carpet->@Inject::afterPlacement(Lnet/minecraft/item/ItemPlacementContext;Lorg/spongepowered/asm/mixin/injection/callback/CallbackInfoReturnable;)V won't be passed a CallbackInfoReturnable as a result
[22:23:23] [main/DEBUG] (FabricLoader/Mixin) carpet.mixins.json:BlockItem_scarpetEventMixin from mod carpet->@Inject::beforePlacement(Lnet/minecraft/item/ItemPlacementContext;Lnet/minecraft/block/BlockState;Lorg/spongepowered/asm/mixin/injection/callback/CallbackInfoReturnable;)V does use it's CallbackInfoReturnable
[22:23:23] [main/DEBUG] (FabricLoader/Mixin) Mixing StandingAndWallBlockItem_creativeNoClipMixin from carpet.mixins.json into net.minecraft.item.VerticallyAttachableBlockItem
[22:23:23] [main/DEBUG] (FabricLoader/Mixin) carpet.mixins.json:StandingAndWallBlockItem_creativeNoClipMixin from mod carpet: Class version 65 required is higher than the class version supported by the current version of Mixin (JAVA_17 supports class version 61)
[22:23:23] [main/DEBUG] (FabricLoader/Mixin) Mixing ShovelItemAccessor from fabric-content-registries-v0.mixins.json into net.minecraft.item.ShovelItem
[22:23:23] [main/DEBUG] (FabricLoader/Mixin) fabric-content-registries-v0.mixins.json:ShovelItemAccessor from mod fabric-content-registries-v0: Class version 65 required is higher than the class version supported by the current version of Mixin (JAVA_17 supports class version 61)
[22:23:23] [main/DEBUG] (FabricLoader/Mixin) Renaming @Accessor method getPathStates()Ljava/util/Map; to getPathStates$fabric-content-registries-v0_$md$a8b304$0 in fabric-content-registries-v0.mixins.json:ShovelItemAccessor from mod fabric-content-registries-v0
[22:23:23] [main/DEBUG] (FabricLoader/Mixin) Mixing PickaxeItem_missingToolsMixin from carpet.mixins.json into net.minecraft.item.PickaxeItem
[22:23:23] [main/DEBUG] (FabricLoader/Mixin) carpet.mixins.json:PickaxeItem_missingToolsMixin from mod carpet: Class version 65 required is higher than the class version supported by the current version of Mixin (JAVA_17 supports class version 61)
[22:23:23] [main/DEBUG] (FabricLoader/Mixin) Mixing AxeItemAccessor from fabric-content-registries-v0.mixins.json into net.minecraft.item.AxeItem
[22:23:23] [main/DEBUG] (FabricLoader/Mixin) fabric-content-registries-v0.mixins.json:AxeItemAccessor from mod fabric-content-registries-v0: Class version 65 required is higher than the class version supported by the current version of Mixin (JAVA_17 supports class version 61)
[22:23:23] [main/DEBUG] (FabricLoader/Mixin) Renaming @Accessor method getStrippedBlocks()Ljava/util/Map; to getStrippedBlocks$fabric-content-registries-v0_$md$a8b304$0 in fabric-content-registries-v0.mixins.json:AxeItemAccessor from mod fabric-content-registries-v0
[22:23:23] [main/DEBUG] (FabricLoader/Mixin) Renaming @Accessor method setStrippedBlocks(Ljava/util/Map;)V to setStrippedBlocks$fabric-content-registries-v0_$md$a8b304$1 in fabric-content-registries-v0.mixins.json:AxeItemAccessor from mod fabric-content-registries-v0
[22:23:23] [main/DEBUG] (FabricLoader/Mixin) Mixing HoeItemAccessor from fabric-content-registries-v0.mixins.json into net.minecraft.item.HoeItem
[22:23:23] [main/DEBUG] (FabricLoader/Mixin) fabric-content-registries-v0.mixins.json:HoeItemAccessor from mod fabric-content-registries-v0: Class version 65 required is higher than the class version supported by the current version of Mixin (JAVA_17 supports class version 61)
[22:23:23] [main/DEBUG] (FabricLoader/Mixin) Renaming @Accessor method getTillingActions()Ljava/util/Map; to getTillingActions$fabric-content-registries-v0_$md$a8b304$0 in fabric-content-registries-v0.mixins.json:HoeItemAccessor from mod fabric-content-registries-v0
[22:23:23] [main/DEBUG] (FabricLoader/Mixin) Mixing BucketItemAccessor from fabric-transfer-api-v1.mixins.json into net.minecraft.item.BucketItem
[22:23:23] [main/DEBUG] (FabricLoader/Mixin) fabric-transfer-api-v1.mixins.json:BucketItemAccessor from mod fabric-transfer-api-v1: Class version 65 required is higher than the class version supported by the current version of Mixin (JAVA_17 supports class version 61)
[22:23:23] [main/DEBUG] (FabricLoader/Mixin) Mixing BucketItemMixin from fabric-transfer-api-v1.mixins.json into net.minecraft.item.BucketItem
[22:23:23] [main/DEBUG] (FabricLoader/Mixin) fabric-transfer-api-v1.mixins.json:BucketItemMixin from mod fabric-transfer-api-v1: Class version 65 required is higher than the class version supported by the current version of Mixin (JAVA_17 supports class version 61)
[22:23:23] [main/DEBUG] (FabricLoader/Mixin) Mixing HoneycombItemMixin from fabric-content-registries-v0.mixins.json into net.minecraft.item.HoneycombItem
[22:23:23] [main/DEBUG] (FabricLoader/Mixin) fabric-content-registries-v0.mixins.json:HoneycombItemMixin from mod fabric-content-registries-v0: Class version 65 required is higher than the class version supported by the current version of Mixin (JAVA_17 supports class version 61)
[22:23:23] [main/DEBUG] (FabricLoader/Mixin) fabric-content-registries-v0.mixins.json:HoneycombItemMixin from mod fabric-content-registries-v0->@Inject::createUnwaxedToWaxedMap(Lorg/spongepowered/asm/mixin/injection/callback/CallbackInfoReturnable;)V does use it's CallbackInfoReturnable
[22:23:23] [main/DEBUG] (FabricLoader/Mixin) Mixing ItemSettingsMixin from fabric-item-api-v1.mixins.json into net.minecraft.item.Item$Settings
[22:23:23] [main/DEBUG] (FabricLoader/Mixin) fabric-item-api-v1.mixins.json:ItemSettingsMixin from mod fabric-item-api-v1: Class version 65 required is higher than the class version supported by the current version of Mixin (JAVA_17 supports class version 61)
[22:23:23] [main/DEBUG] (FabricLoader/Mixin) Mixing TagKeyMixin from fabric-convention-tags-api-v2.mixins.json into net.minecraft.registry.tag.TagKey
[22:23:23] [main/DEBUG] (FabricLoader/Mixin) fabric-convention-tags-api-v2.mixins.json:TagKeyMixin from mod fabric-convention-tags-v2: Class version 65 required is higher than the class version supported by the current version of Mixin (JAVA_17 supports class version 61)
[22:23:23] [main/DEBUG] (FabricLoader/Mixin) Mixing WorldBorder_syncedWorldBorderMixin from carpet.mixins.json into net.minecraft.world.border.WorldBorder
[22:23:23] [main/DEBUG] (FabricLoader/Mixin) carpet.mixins.json:WorldBorder_syncedWorldBorderMixin from mod carpet: Class version 65 required is higher than the class version supported by the current version of Mixin (JAVA_17 supports class version 61)
[22:23:23] [main/DEBUG] (FabricLoader/Mixin) carpet.mixins.json:WorldBorder_syncedWorldBorderMixin from mod carpet->@Inject::getExtent(DDJLorg/spongepowered/asm/mixin/injection/callback/CallbackInfo;)V doesn't use it's CallbackInfo
[22:23:23] [main/DEBUG] (FabricLoader/Mixin) carpet.mixins.json:WorldBorder_syncedWorldBorderMixin from mod carpet->@Inject::getExtent(DDJLorg/spongepowered/asm/mixin/injection/callback/CallbackInfo;)V has 0 override(s) in child classes
[22:23:23] [main/DEBUG] (FabricLoader/Mixin) carpet.mixins.json:WorldBorder_syncedWorldBorderMixin from mod carpet->@Inject::getExtent(DDJLorg/spongepowered/asm/mixin/injection/callback/CallbackInfo;)V won't be passed a CallbackInfo as a result
[22:23:23] [main/DEBUG] (FabricLoader/Mixin) Mixing AttachmentTargetsMixin from fabric-data-attachment-api-v1.mixins.json into net.minecraft.world.chunk.Chunk
[22:23:23] [main/DEBUG] (FabricLoader/Mixin) fabric-data-attachment-api-v1.mixins.json:AttachmentTargetsMixin from mod fabric-data-attachment-api-v1: Class version 65 required is higher than the class version supported by the current version of Mixin (JAVA_17 supports class version 61)
[22:23:23] [main/DEBUG] (FabricLoader/Mixin) Mixing LevelChunk_fillUpdatesMixin from carpet.mixins.json into net.minecraft.world.chunk.WorldChunk
[22:23:23] [main/DEBUG] (FabricLoader/Mixin) carpet.mixins.json:LevelChunk_fillUpdatesMixin from mod carpet: Class version 65 required is higher than the class version supported by the current version of Mixin (JAVA_17 supports class version 61)
[22:23:23] [main/DEBUG] (FabricLoader/Mixin) Mixing LevelChunk_movableBEMixin from carpet.mixins.json into net.minecraft.world.chunk.WorldChunk
[22:23:23] [main/DEBUG] (FabricLoader/Mixin) carpet.mixins.json:LevelChunk_movableBEMixin from mod carpet: Class version 65 required is higher than the class version supported by the current version of Mixin (JAVA_17 supports class version 61)
[22:23:23] [main/DEBUG] (FabricLoader/Mixin) Mixing WorldChunkMixin from fabric-lifecycle-events-v1.client.mixins.json into net.minecraft.world.chunk.WorldChunk
[22:23:23] [main/DEBUG] (FabricLoader/Mixin) fabric-lifecycle-events-v1.client.mixins.json:WorldChunkMixin from mod fabric-lifecycle-events-v1: Class version 65 required is higher than the class version supported by the current version of Mixin (JAVA_17 supports class version 61)
[22:23:23] [main/DEBUG] (FabricLoader/Mixin) Mixing WorldChunkMixin from fabric-data-attachment-api-v1.mixins.json into net.minecraft.world.chunk.WorldChunk
[22:23:23] [main/DEBUG] (FabricLoader/Mixin) fabric-data-attachment-api-v1.mixins.json:WorldChunkMixin from mod fabric-data-attachment-api-v1: Class version 65 required is higher than the class version supported by the current version of Mixin (JAVA_17 supports class version 61)
[22:23:23] [main/DEBUG] (FabricLoader/Mixin) fabric-lifecycle-events-v1.client.mixins.json:WorldChunkMixin from mod fabric-lifecycle-events-v1->@Inject::onLoadBlockEntity(Lnet/minecraft/block/entity/BlockEntity;Lorg/spongepowered/asm/mixin/injection/callback/CallbackInfo;Lnet/minecraft/util/math/BlockPos;Lnet/minecraft/block/entity/BlockEntity;)V doesn't use it's CallbackInfo
[22:23:23] [main/DEBUG] (FabricLoader/Mixin) fabric-lifecycle-events-v1.client.mixins.json:WorldChunkMixin from mod fabric-lifecycle-events-v1->@Inject::onLoadBlockEntity(Lnet/minecraft/block/entity/BlockEntity;Lorg/spongepowered/asm/mixin/injection/callback/CallbackInfo;Lnet/minecraft/util/math/BlockPos;Lnet/minecraft/block/entity/BlockEntity;)V has 0 override(s) in child classes
[22:23:23] [main/DEBUG] (FabricLoader/Mixin) fabric-lifecycle-events-v1.client.mixins.json:WorldChunkMixin from mod fabric-lifecycle-events-v1->@Inject::onLoadBlockEntity(Lnet/minecraft/block/entity/BlockEntity;Lorg/spongepowered/asm/mixin/injection/callback/CallbackInfo;Lnet/minecraft/util/math/BlockPos;Lnet/minecraft/block/entity/BlockEntity;)V won't be passed a CallbackInfo as a result
[22:23:23] [main/DEBUG] (FabricLoader/Mixin) fabric-lifecycle-events-v1.client.mixins.json:WorldChunkMixin from mod fabric-lifecycle-events-v1->@Inject::onRemoveBlockEntity(Lnet/minecraft/block/entity/BlockEntity;Lorg/spongepowered/asm/mixin/injection/callback/CallbackInfo;Lnet/minecraft/util/math/BlockPos;Lnet/minecraft/block/entity/BlockEntity;)V doesn't use it's CallbackInfo
[22:23:23] [main/DEBUG] (FabricLoader/Mixin) fabric-lifecycle-events-v1.client.mixins.json:WorldChunkMixin from mod fabric-lifecycle-events-v1->@Inject::onRemoveBlockEntity(Lnet/minecraft/block/entity/BlockEntity;Lorg/spongepowered/asm/mixin/injection/callback/CallbackInfo;Lnet/minecraft/util/math/BlockPos;Lnet/minecraft/block/entity/BlockEntity;)V has 0 override(s) in child classes
[22:23:23] [main/DEBUG] (FabricLoader/Mixin) fabric-lifecycle-events-v1.client.mixins.json:WorldChunkMixin from mod fabric-lifecycle-events-v1->@Inject::onRemoveBlockEntity(Lnet/minecraft/block/entity/BlockEntity;Lorg/spongepowered/asm/mixin/injection/callback/CallbackInfo;Lnet/minecraft/util/math/BlockPos;Lnet/minecraft/block/entity/BlockEntity;)V won't be passed a CallbackInfo as a result
[22:23:23] [main/DEBUG] (FabricLoader/Mixin) fabric-lifecycle-events-v1.client.mixins.json:WorldChunkMixin from mod fabric-lifecycle-events-v1->@Inject::onRemoveBlockEntity(Lnet/minecraft/util/math/BlockPos;Lorg/spongepowered/asm/mixin/injection/callback/CallbackInfo;Lnet/minecraft/block/entity/BlockEntity;)V doesn't use it's CallbackInfo
[22:23:23] [main/DEBUG] (FabricLoader/Mixin) fabric-lifecycle-events-v1.client.mixins.json:WorldChunkMixin from mod fabric-lifecycle-events-v1->@Inject::onRemoveBlockEntity(Lnet/minecraft/util/math/BlockPos;Lorg/spongepowered/asm/mixin/injection/callback/CallbackInfo;Lnet/minecraft/block/entity/BlockEntity;)V has 0 override(s) in child classes
[22:23:23] [main/DEBUG] (FabricLoader/Mixin) fabric-lifecycle-events-v1.client.mixins.json:WorldChunkMixin from mod fabric-lifecycle-events-v1->@Inject::onRemoveBlockEntity(Lnet/minecraft/util/math/BlockPos;Lorg/spongepowered/asm/mixin/injection/callback/CallbackInfo;Lnet/minecraft/block/entity/BlockEntity;)V won't be passed a CallbackInfo as a result
[22:23:23] [main/DEBUG] (FabricLoader/Mixin) fabric-data-attachment-api-v1.mixins.json:WorldChunkMixin from mod fabric-data-attachment-api-v1->@Inject::transferProtoChunkAttachement(Lnet/minecraft/server/world/ServerWorld;Lnet/minecraft/world/chunk/ProtoChunk;Lnet/minecraft/world/chunk/WorldChunk$EntityLoader;Lorg/spongepowered/asm/mixin/injection/callback/CallbackInfo;)V doesn't use it's CallbackInfo
[22:23:23] [main/DEBUG] (FabricLoader/Mixin) fabric-data-attachment-api-v1.mixins.json:WorldChunkMixin from mod fabric-data-attachment-api-v1->@Inject::transferProtoChunkAttachement(Lnet/minecraft/server/world/ServerWorld;Lnet/minecraft/world/chunk/ProtoChunk;Lnet/minecraft/world/chunk/WorldChunk$EntityLoader;Lorg/spongepowered/asm/mixin/injection/callback/CallbackInfo;)V has 0 override(s) in child classes
[22:23:23] [main/DEBUG] (FabricLoader/Mixin) fabric-data-attachment-api-v1.mixins.json:WorldChunkMixin from mod fabric-data-attachment-api-v1->@Inject::transferProtoChunkAttachement(Lnet/minecraft/server/world/ServerWorld;Lnet/minecraft/world/chunk/ProtoChunk;Lnet/minecraft/world/chunk/WorldChunk$EntityLoader;Lorg/spongepowered/asm/mixin/injection/callback/CallbackInfo;)V won't be passed a CallbackInfo as a result
[22:23:23] [main/DEBUG] (FabricLoader/Mixin) Mixing AbstractMinecart_scarpetEventsMixin from carpet.mixins.json into net.minecraft.entity.vehicle.AbstractMinecartEntity
[22:23:23] [main/DEBUG] (FabricLoader/Mixin) carpet.mixins.json:AbstractMinecart_scarpetEventsMixin from mod carpet: Class version 65 required is higher than the class version supported by the current version of Mixin (JAVA_17 supports class version 61)
[22:23:23] [main/DEBUG] (FabricLoader/Mixin) carpet.mixins.json:AbstractMinecart_scarpetEventsMixin from mod carpet->@Inject::onTickCall(Lorg/spongepowered/asm/mixin/injection/callback/CallbackInfo;)V doesn't use it's CallbackInfo
[22:23:23] [main/DEBUG] (FabricLoader/Mixin) carpet.mixins.json:AbstractMinecart_scarpetEventsMixin from mod carpet->@Inject::onTickCall(Lorg/spongepowered/asm/mixin/injection/callback/CallbackInfo;)V has 0 override(s) in child classes
[22:23:23] [main/DEBUG] (FabricLoader/Mixin) carpet.mixins.json:AbstractMinecart_scarpetEventsMixin from mod carpet->@Inject::onTickCall(Lorg/spongepowered/asm/mixin/injection/callback/CallbackInfo;)V won't be passed a CallbackInfo as a result
[22:23:23] [main/DEBUG] (FabricLoader/Mixin) Mixing HangingEntity_scarpetEventsMixin from carpet.mixins.json into net.minecraft.entity.decoration.AbstractDecorationEntity
[22:23:23] [main/DEBUG] (FabricLoader/Mixin) carpet.mixins.json:HangingEntity_scarpetEventsMixin from mod carpet: Class version 65 required is higher than the class version supported by the current version of Mixin (JAVA_17 supports class version 61)
[22:23:23] [main/DEBUG] (FabricLoader/Mixin) carpet.mixins.json:HangingEntity_scarpetEventsMixin from mod carpet->@Inject::onTickCall(Lorg/spongepowered/asm/mixin/injection/callback/CallbackInfo;)V doesn't use it's CallbackInfo
[22:23:23] [main/DEBUG] (FabricLoader/Mixin) carpet.mixins.json:HangingEntity_scarpetEventsMixin from mod carpet->@Inject::onTickCall(Lorg/spongepowered/asm/mixin/injection/callback/CallbackInfo;)V has 0 override(s) in child classes
[22:23:23] [main/DEBUG] (FabricLoader/Mixin) carpet.mixins.json:HangingEntity_scarpetEventsMixin from mod carpet->@Inject::onTickCall(Lorg/spongepowered/asm/mixin/injection/callback/CallbackInfo;)V won't be passed a CallbackInfo as a result
[22:23:23] [main/DEBUG] (FabricLoader/Mixin) Mixing PathNavigation_pathfindingMixin from carpet.mixins.json into net.minecraft.entity.ai.pathing.EntityNavigation
[22:23:23] [main/DEBUG] (FabricLoader/Mixin) carpet.mixins.json:PathNavigation_pathfindingMixin from mod carpet: Class version 65 required is higher than the class version supported by the current version of Mixin (JAVA_17 supports class version 61)
[22:23:23] [main/DEBUG] (FabricLoader/Mixin) Renaming synthetic method lambda$pathToEntity$1(FLnet/minecraft/entity/ai/pathing/Path;Lnet/minecraft/util/math/BlockPos;)V to mda8b304$carpet$lambda$pathToEntity$1$0 in carpet.mixins.json:PathNavigation_pathfindingMixin from mod carpet
[22:23:23] [main/DEBUG] (FabricLoader/Mixin) Renaming synthetic method lambda$pathToBlock$0(FLnet/minecraft/entity/ai/pathing/Path;Lnet/minecraft/util/math/BlockPos;)V to mda8b304$carpet$lambda$pathToBlock$0$1 in carpet.mixins.json:PathNavigation_pathfindingMixin from mod carpet
[22:23:23] [main/DEBUG] (FabricLoader/Mixin) Mixing MobCategory_spawnMixin from carpet.mixins.json into net.minecraft.entity.SpawnGroup
[22:23:23] [main/DEBUG] (FabricLoader/Mixin) carpet.mixins.json:MobCategory_spawnMixin from mod carpet: Class version 65 required is higher than the class version supported by the current version of Mixin (JAVA_17 supports class version 61)
[22:23:23] [main/DEBUG] (FabricLoader/Mixin) carpet.mixins.json:MobCategory_spawnMixin from mod carpet->@Inject::getModifiedCapacity(Lorg/spongepowered/asm/mixin/injection/callback/CallbackInfoReturnable;)V does use it's CallbackInfoReturnable
[22:23:23] [main/DEBUG] (FabricLoader/Mixin) Mixing EntityTypeBuilderMixin from fabric-object-builder-v1.mixins.json into net.minecraft.entity.EntityType$Builder
[22:23:23] [main/DEBUG] (FabricLoader/Mixin) fabric-object-builder-v1.mixins.json:EntityTypeBuilderMixin from mod fabric-object-builder-api-v1: Class version 65 required is higher than the class version supported by the current version of Mixin (JAVA_17 supports class version 61)
[22:23:23] [main/DEBUG] (FabricLoader/Mixin) fabric-object-builder-v1.mixins.json:EntityTypeBuilderMixin from mod fabric-object-builder-api-v1->@Inject::applyChildBuilders(Ljava/lang/String;Lorg/spongepowered/asm/mixin/injection/callback/CallbackInfoReturnable;)V does use it's CallbackInfoReturnable
[22:23:23] [main/DEBUG] (FabricLoader/Mixin) Mixing TaggedChoiceMixin from fabric-dimensions-v1.mixins.json into com.mojang.datafixers.types.templates.TaggedChoice
[22:23:23] [main/DEBUG] (FabricLoader/Mixin) fabric-dimensions-v1.mixins.json:TaggedChoiceMixin from mod fabric-dimensions-v1: Class version 65 required is higher than the class version supported by the current version of Mixin (JAVA_17 supports class version 61)
[22:23:23] [main/DEBUG] (FabricLoader/Mixin) fabric-dimensions-v1.mixins.json:TaggedChoiceMixin from mod fabric-dimensions-v1->@Inject::onApply(Lcom/mojang/datafixers/util/Pair;Lorg/spongepowered/asm/mixin/injection/callback/CallbackInfoReturnable;)V does use it's CallbackInfoReturnable
[22:23:23] [main/DEBUG] (FabricLoader/Mixin) Mixing TaggedChoiceTypeMixin from fabric-dimensions-v1.mixins.json into com.mojang.datafixers.types.templates.TaggedChoice$TaggedChoiceType
[22:23:23] [main/DEBUG] (FabricLoader/Mixin) fabric-dimensions-v1.mixins.json:TaggedChoiceTypeMixin from mod fabric-dimensions-v1: Class version 65 required is higher than the class version supported by the current version of Mixin (JAVA_17 supports class version 61)
[22:23:23] [main/DEBUG] (FabricLoader/Mixin) fabric-dimensions-v1.mixins.json:TaggedChoiceTypeMixin from mod fabric-dimensions-v1->@Inject::onGetCodec(Ljava/lang/Object;Lorg/spongepowered/asm/mixin/injection/callback/CallbackInfoReturnable;)V does use it's CallbackInfoReturnable
[22:23:23] [main/DEBUG] (FabricLoader/Mixin) Mixing Schema2832Mixin from fabric-dimensions-v1.mixins.json into net.minecraft.datafixer.schema.Schema2832
[22:23:23] [main/DEBUG] (FabricLoader/Mixin) fabric-dimensions-v1.mixins.json:Schema2832Mixin from mod fabric-dimensions-v1: Class version 65 required is higher than the class version supported by the current version of Mixin (JAVA_17 supports class version 61)
[22:23:24] [main/DEBUG] (FabricLoader/Mixin) Mixing ExperienceOrb_xpNoCooldownMixin from carpet.mixins.json into net.minecraft.entity.ExperienceOrbEntity
[22:23:24] [main/DEBUG] (FabricLoader/Mixin) carpet.mixins.json:ExperienceOrb_xpNoCooldownMixin from mod carpet: Class version 65 required is higher than the class version supported by the current version of Mixin (JAVA_17 supports class version 61)
[22:23:24] [main/DEBUG] (FabricLoader/Mixin) carpet.mixins.json:ExperienceOrb_xpNoCooldownMixin from mod carpet->@Inject::addXP(Lnet/minecraft/entity/player/PlayerEntity;Lorg/spongepowered/asm/mixin/injection/callback/CallbackInfo;)V doesn't use it's CallbackInfo
[22:23:24] [main/DEBUG] (FabricLoader/Mixin) carpet.mixins.json:ExperienceOrb_xpNoCooldownMixin from mod carpet->@Inject::addXP(Lnet/minecraft/entity/player/PlayerEntity;Lorg/spongepowered/asm/mixin/injection/callback/CallbackInfo;)V has 0 override(s) in child classes
[22:23:24] [main/DEBUG] (FabricLoader/Mixin) carpet.mixins.json:ExperienceOrb_xpNoCooldownMixin from mod carpet->@Inject::addXP(Lnet/minecraft/entity/player/PlayerEntity;Lorg/spongepowered/asm/mixin/injection/callback/CallbackInfo;)V won't be passed a CallbackInfo as a result
[22:23:24] [main/DEBUG] (FabricLoader/Mixin) Mixing ArmorStand_scarpetMarkerMixin from carpet.mixins.json into net.minecraft.entity.decoration.ArmorStandEntity
[22:23:24] [main/DEBUG] (FabricLoader/Mixin) carpet.mixins.json:ArmorStand_scarpetMarkerMixin from mod carpet: Class version 65 required is higher than the class version supported by the current version of Mixin (JAVA_17 supports class version 61)
[22:23:24] [main/DEBUG] (FabricLoader/Mixin) Renaming synthetic method lambda$checkScarpetMarkerUnloaded$0(Ljava/lang/String;Ljava/lang/String;)Z to mda8b304$carpet$lambda$checkScarpetMarkerUnloaded$0$0 in carpet.mixins.json:ArmorStand_scarpetMarkerMixin from mod carpet
[22:23:24] [main/DEBUG] (FabricLoader/Mixin) carpet.mixins.json:ArmorStand_scarpetMarkerMixin from mod carpet->@Inject::checkScarpetMarkerUnloaded(Lorg/spongepowered/asm/mixin/injection/callback/CallbackInfo;)V doesn't use it's CallbackInfo
[22:23:24] [main/DEBUG] (FabricLoader/Mixin) carpet.mixins.json:ArmorStand_scarpetMarkerMixin from mod carpet->@Inject::checkScarpetMarkerUnloaded(Lorg/spongepowered/asm/mixin/injection/callback/CallbackInfo;)V has 0 override(s) in child classes
[22:23:24] [main/DEBUG] (FabricLoader/Mixin) carpet.mixins.json:ArmorStand_scarpetMarkerMixin from mod carpet->@Inject::checkScarpetMarkerUnloaded(Lorg/spongepowered/asm/mixin/injection/callback/CallbackInfo;)V won't be passed a CallbackInfo as a result
[22:23:24] [main/DEBUG] (FabricLoader/Mixin) Mixing Display_scarpetEventMixin from carpet.mixins.json into net.minecraft.entity.decoration.DisplayEntity
[22:23:24] [main/DEBUG] (FabricLoader/Mixin) carpet.mixins.json:Display_scarpetEventMixin from mod carpet: Class version 65 required is higher than the class version supported by the current version of Mixin (JAVA_17 supports class version 61)
[22:23:24] [main/DEBUG] (FabricLoader/Mixin) carpet.mixins.json:Display_scarpetEventMixin from mod carpet->@Inject::onTickCall(Lorg/spongepowered/asm/mixin/injection/callback/CallbackInfo;)V doesn't use it's CallbackInfo
[22:23:24] [main/DEBUG] (FabricLoader/Mixin) carpet.mixins.json:Display_scarpetEventMixin from mod carpet->@Inject::onTickCall(Lorg/spongepowered/asm/mixin/injection/callback/CallbackInfo;)V has 0 override(s) in child classes
[22:23:24] [main/DEBUG] (FabricLoader/Mixin) carpet.mixins.json:Display_scarpetEventMixin from mod carpet->@Inject::onTickCall(Lorg/spongepowered/asm/mixin/injection/callback/CallbackInfo;)V won't be passed a CallbackInfo as a result
[22:23:24] [main/DEBUG] (FabricLoader/Mixin) Mixing HorseBaseEntity_scarpetMixin from carpet.mixins.json into net.minecraft.entity.passive.AbstractHorseEntity
[22:23:24] [main/DEBUG] (FabricLoader/Mixin) carpet.mixins.json:HorseBaseEntity_scarpetMixin from mod carpet: Class version 65 required is higher than the class version supported by the current version of Mixin (JAVA_17 supports class version 61)
[22:23:24] [main/DEBUG] (FabricLoader/Mixin) Mixing ThrowableProjectileMixin from carpet.mixins.json into net.minecraft.entity.projectile.thrown.ThrownEntity
[22:23:24] [main/DEBUG] (FabricLoader/Mixin) carpet.mixins.json:ThrowableProjectileMixin from mod carpet: Class version 65 required is higher than the class version supported by the current version of Mixin (JAVA_17 supports class version 61)
[22:23:24] [main/DEBUG] (FabricLoader/Mixin) carpet.mixins.json:ThrowableProjectileMixin from mod carpet->@Inject::addLogger(Lnet/minecraft/entity/EntityType;Lnet/minecraft/world/World;Lorg/spongepowered/asm/mixin/injection/callback/CallbackInfo;)V doesn't use it's CallbackInfo
[22:23:24] [main/DEBUG] (FabricLoader/Mixin) carpet.mixins.json:ThrowableProjectileMixin from mod carpet->@Inject::addLogger(Lnet/minecraft/entity/EntityType;Lnet/minecraft/world/World;Lorg/spongepowered/asm/mixin/injection/callback/CallbackInfo;)V has 0 override(s) in child classes
[22:23:24] [main/DEBUG] (FabricLoader/Mixin) carpet.mixins.json:ThrowableProjectileMixin from mod carpet->@Inject::addLogger(Lnet/minecraft/entity/EntityType;Lnet/minecraft/world/World;Lorg/spongepowered/asm/mixin/injection/callback/CallbackInfo;)V won't be passed a CallbackInfo as a result
[22:23:24] [main/DEBUG] (FabricLoader/Mixin) carpet.mixins.json:ThrowableProjectileMixin from mod carpet->@Inject::tickCheck(Lorg/spongepowered/asm/mixin/injection/callback/CallbackInfo;)V doesn't use it's CallbackInfo
[22:23:24] [main/DEBUG] (FabricLoader/Mixin) carpet.mixins.json:ThrowableProjectileMixin from mod carpet->@Inject::tickCheck(Lorg/spongepowered/asm/mixin/injection/callback/CallbackInfo;)V has 0 override(s) in child classes
[22:23:24] [main/DEBUG] (FabricLoader/Mixin) carpet.mixins.json:ThrowableProjectileMixin from mod carpet->@Inject::tickCheck(Lorg/spongepowered/asm/mixin/injection/callback/CallbackInfo;)V won't be passed a CallbackInfo as a result
[22:23:24] [main/DEBUG] (FabricLoader/Mixin) Mixing Guardian_renewableSpongesMixin from carpet.mixins.json into net.minecraft.entity.mob.GuardianEntity
[22:23:24] [main/DEBUG] (FabricLoader/Mixin) carpet.mixins.json:Guardian_renewableSpongesMixin from mod carpet: Class version 65 required is higher than the class version supported by the current version of Mixin (JAVA_17 supports class version 61)
[22:23:24] [main/DEBUG] (FabricLoader/Mixin) Mixing EndCrystal_scarpetEventsMixin from carpet.mixins.json into net.minecraft.entity.decoration.EndCrystalEntity
[22:23:24] [main/DEBUG] (FabricLoader/Mixin) carpet.mixins.json:EndCrystal_scarpetEventsMixin from mod carpet: Class version 65 required is higher than the class version supported by the current version of Mixin (JAVA_17 supports class version 61)
[22:23:24] [main/DEBUG] (FabricLoader/Mixin) carpet.mixins.json:EndCrystal_scarpetEventsMixin from mod carpet->@Inject::onTickCall(Lorg/spongepowered/asm/mixin/injection/callback/CallbackInfo;)V doesn't use it's CallbackInfo
[22:23:24] [main/DEBUG] (FabricLoader/Mixin) carpet.mixins.json:EndCrystal_scarpetEventsMixin from mod carpet->@Inject::onTickCall(Lorg/spongepowered/asm/mixin/injection/callback/CallbackInfo;)V has 0 override(s) in child classes
[22:23:24] [main/DEBUG] (FabricLoader/Mixin) carpet.mixins.json:EndCrystal_scarpetEventsMixin from mod carpet->@Inject::onTickCall(Lorg/spongepowered/asm/mixin/injection/callback/CallbackInfo;)V won't be passed a CallbackInfo as a result
[22:23:24] [Datafixer Bootstrap/INFO] (com.mojang.datafixers.DataFixerBuilder) 222 Datafixer optimizations took 221 milliseconds
[22:23:24] [main/DEBUG] (FabricLoader/Mixin) Mixing UseOnContext_cactusMixin from carpet.mixins.json into net.minecraft.item.ItemUsageContext
[22:23:24] [main/DEBUG] (FabricLoader/Mixin) carpet.mixins.json:UseOnContext_cactusMixin from mod carpet: Class version 65 required is higher than the class version supported by the current version of Mixin (JAVA_17 supports class version 61)
[22:23:24] [main/DEBUG] (FabricLoader/Mixin) Mixing Husk_templesMixin from carpet.mixins.json into net.minecraft.entity.mob.HuskEntity
[22:23:24] [main/DEBUG] (FabricLoader/Mixin) carpet.mixins.json:Husk_templesMixin from mod carpet: Class version 65 required is higher than the class version supported by the current version of Mixin (JAVA_17 supports class version 61)
[22:23:24] [main/DEBUG] (FabricLoader/Mixin) Mixing MooshroomEntityMixin from fabric-entity-events-v1.mixins.json into net.minecraft.entity.passive.MooshroomEntity
[22:23:24] [main/DEBUG] (FabricLoader/Mixin) fabric-entity-events-v1.mixins.json:MooshroomEntityMixin from mod fabric-entity-events-v1: Class version 65 required is higher than the class version supported by the current version of Mixin (JAVA_17 supports class version 61)
[22:23:24] [main/DEBUG] (FabricLoader/Mixin) Mixing PigEntityMixin from fabric-entity-events-v1.mixins.json into net.minecraft.entity.passive.PigEntity
[22:23:24] [main/DEBUG] (FabricLoader/Mixin) fabric-entity-events-v1.mixins.json:PigEntityMixin from mod fabric-entity-events-v1: Class version 65 required is higher than the class version supported by the current version of Mixin (JAVA_17 supports class version 61)
[22:23:24] [main/DEBUG] (FabricLoader/Mixin) Mixing VillagerEntityMixin from fabric-entity-events-v1.mixins.json into net.minecraft.entity.passive.VillagerEntity
[22:23:24] [main/DEBUG] (FabricLoader/Mixin) fabric-entity-events-v1.mixins.json:VillagerEntityMixin from mod fabric-entity-events-v1: Class version 65 required is higher than the class version supported by the current version of Mixin (JAVA_17 supports class version 61)
[22:23:24] [main/DEBUG] (FabricLoader/Mixin) Mixing Villager_aiMixin from carpet.mixins.json into net.minecraft.entity.passive.VillagerEntity
[22:23:24] [main/DEBUG] (FabricLoader/Mixin) carpet.mixins.json:Villager_aiMixin from mod carpet: Class version 65 required is higher than the class version supported by the current version of Mixin (JAVA_17 supports class version 61)
[22:23:24] [main/DEBUG] (FabricLoader/Mixin) Renaming synthetic method lambda$onInteract$0(Lnet/minecraft/registry/entry/RegistryEntry;)Z to mda8b304$carpet$lambda$onInteract$0$0 in carpet.mixins.json:Villager_aiMixin from mod carpet
[22:23:24] [main/DEBUG] (FabricLoader/Mixin) Mixing VillagerEntityAccessor from fabric-content-registries-v0.mixins.json into net.minecraft.entity.passive.VillagerEntity
[22:23:24] [main/DEBUG] (FabricLoader/Mixin) fabric-content-registries-v0.mixins.json:VillagerEntityAccessor from mod fabric-content-registries-v0: Class version 65 required is higher than the class version supported by the current version of Mixin (JAVA_17 supports class version 61)
[22:23:24] [main/DEBUG] (FabricLoader/Mixin) Renaming @Accessor method fabric_setItemFoodValues(Ljava/util/Map;)V to fabric_setItemFoodValues$fabric-content-registries-v0_$md$a8b304$1 in fabric-content-registries-v0.mixins.json:VillagerEntityAccessor from mod fabric-content-registries-v0
[22:23:24] [main/DEBUG] (FabricLoader/Mixin) Renaming @Accessor method fabric_setGatherableItems(Ljava/util/Set;)V to fabric_setGatherableItems$fabric-content-registries-v0_$md$a8b304$2 in fabric-content-registries-v0.mixins.json:VillagerEntityAccessor from mod fabric-content-registries-v0
[22:23:24] [main/DEBUG] (FabricLoader/Mixin) Renaming @Accessor method fabric_getGatherableItems()Ljava/util/Set; to fabric_getGatherableItems$fabric-content-registries-v0_$md$a8b304$3 in fabric-content-registries-v0.mixins.json:VillagerEntityAccessor from mod fabric-content-registries-v0
[22:23:24] [main/DEBUG] (FabricLoader/Mixin) carpet.mixins.json:Villager_aiMixin from mod carpet->@Inject::ontick(Lorg/spongepowered/asm/mixin/injection/callback/CallbackInfo;)V doesn't use it's CallbackInfo
[22:23:24] [main/DEBUG] (FabricLoader/Mixin) carpet.mixins.json:Villager_aiMixin from mod carpet->@Inject::ontick(Lorg/spongepowered/asm/mixin/injection/callback/CallbackInfo;)V has 0 override(s) in child classes
[22:23:24] [main/DEBUG] (FabricLoader/Mixin) carpet.mixins.json:Villager_aiMixin from mod carpet->@Inject::ontick(Lorg/spongepowered/asm/mixin/injection/callback/CallbackInfo;)V won't be passed a CallbackInfo as a result
[22:23:24] [main/DEBUG] (FabricLoader/Mixin) carpet.mixins.json:Villager_aiMixin from mod carpet->@Inject::onInteract(Lnet/minecraft/entity/player/PlayerEntity;Lnet/minecraft/util/Hand;Lorg/spongepowered/asm/mixin/injection/callback/CallbackInfoReturnable;)V does use it's CallbackInfoReturnable
[22:23:24] [main/DEBUG] (FabricLoader/Mixin) carpet.mixins.json:Villager_aiMixin from mod carpet->@Inject::particleIt(Lnet/minecraft/server/world/ServerWorld;JILorg/spongepowered/asm/mixin/injection/callback/CallbackInfo;)V doesn't use it's CallbackInfo
[22:23:24] [main/DEBUG] (FabricLoader/Mixin) carpet.mixins.json:Villager_aiMixin from mod carpet->@Inject::particleIt(Lnet/minecraft/server/world/ServerWorld;JILorg/spongepowered/asm/mixin/injection/callback/CallbackInfo;)V has 0 override(s) in child classes
[22:23:24] [main/DEBUG] (FabricLoader/Mixin) carpet.mixins.json:Villager_aiMixin from mod carpet->@Inject::particleIt(Lnet/minecraft/server/world/ServerWorld;JILorg/spongepowered/asm/mixin/injection/callback/CallbackInfo;)V won't be passed a CallbackInfo as a result
[22:23:24] [main/DEBUG] (FabricLoader/Mixin) Mixing Ingredient_scarpetMixin from carpet.mixins.json into net.minecraft.recipe.Ingredient
[22:23:24] [main/DEBUG] (FabricLoader/Mixin) carpet.mixins.json:Ingredient_scarpetMixin from mod carpet: Class version 65 required is higher than the class version supported by the current version of Mixin (JAVA_17 supports class version 61)
[22:23:24] [main/DEBUG] (FabricLoader/Mixin) Mixing ingredient.IngredientMixin from fabric-recipe-api-v1.mixins.json into net.minecraft.recipe.Ingredient
[22:23:24] [main/DEBUG] (FabricLoader/Mixin) fabric-recipe-api-v1.mixins.json:ingredient.IngredientMixin from mod fabric-recipe-api-v1: Class version 65 required is higher than the class version supported by the current version of Mixin (JAVA_17 supports class version 61)
[22:23:24] [main/DEBUG] (FabricLoader/Mixin) Renaming synthetic method lambda$injectCodec$3(Lnet/minecraft/recipe/Ingredient;)Lcom/mojang/datafixers/util/Either; to mda8b304$fabric-recipe-api-v1$lambda$injectCodec$3$0 in fabric-recipe-api-v1.mixins.json:ingredient.IngredientMixin from mod fabric-recipe-api-v1
[22:23:24] [main/DEBUG] (FabricLoader/Mixin) Renaming synthetic method lambda$injectCodec$2(Lcom/mojang/datafixers/util/Either;)Lnet/minecraft/recipe/Ingredient; to mda8b304$fabric-recipe-api-v1$lambda$injectCodec$2$1 in fabric-recipe-api-v1.mixins.json:ingredient.IngredientMixin from mod fabric-recipe-api-v1
[22:23:24] [main/DEBUG] (FabricLoader/Mixin) Renaming synthetic method lambda$injectCodec$1(Lnet/minecraft/recipe/Ingredient;)Lnet/minecraft/recipe/Ingredient; to mda8b304$fabric-recipe-api-v1$lambda$injectCodec$1$2 in fabric-recipe-api-v1.mixins.json:ingredient.IngredientMixin from mod fabric-recipe-api-v1
[22:23:24] [main/DEBUG] (FabricLoader/Mixin) Renaming synthetic method lambda$injectCodec$0(ZLnet/fabricmc/fabric/api/recipe/v1/ingredient/CustomIngredientSerializer;)Lcom/mojang/serialization/MapCodec; to mda8b304$fabric-recipe-api-v1$lambda$injectCodec$0$3 in fabric-recipe-api-v1.mixins.json:ingredient.IngredientMixin from mod fabric-recipe-api-v1
[22:23:24] [main/DEBUG] (FabricLoader/Mixin) fabric-recipe-api-v1.mixins.json:ingredient.IngredientMixin from mod fabric-recipe-api-v1->@Inject::injectCodec(ZLorg/spongepowered/asm/mixin/injection/callback/CallbackInfoReturnable;)V does use it's CallbackInfoReturnable
[22:23:24] [main/DEBUG] (FabricLoader/Mixin) Mixing EntitySelectorOptionsAccessor from fabric-command-api-v2.mixins.json into net.minecraft.command.EntitySelectorOptions
[22:23:24] [main/DEBUG] (FabricLoader/Mixin) fabric-command-api-v2.mixins.json:EntitySelectorOptionsAccessor from mod fabric-command-api-v2: Class version 65 required is higher than the class version supported by the current version of Mixin (JAVA_17 supports class version 61)
[22:23:24] [main/DEBUG] (FabricLoader/Mixin) Renaming @Invoker method callPutOption(Ljava/lang/String;Lnet/minecraft/command/EntitySelectorOptions$SelectorHandler;Ljava/util/function/Predicate;Lnet/minecraft/text/Text;)V to callPutOption$fabric-command-api-v2_$md$a8b304$0 in fabric-command-api-v2.mixins.json:EntitySelectorOptionsAccessor from mod fabric-command-api-v2
[22:23:24] [main/DEBUG] (FabricLoader/Mixin) Mixing Scoreboard_scarpetMixin from carpet.mixins.json into net.minecraft.scoreboard.Scoreboard
[22:23:24] [main/DEBUG] (FabricLoader/Mixin) carpet.mixins.json:Scoreboard_scarpetMixin from mod carpet: Class version 65 required is higher than the class version supported by the current version of Mixin (JAVA_17 supports class version 61)
[22:23:24] [main/DEBUG] (FabricLoader/Mixin) Mixing EntitySelectorReaderMixin from fabric-command-api-v2.mixins.json into net.minecraft.command.EntitySelectorReader
[22:23:24] [main/DEBUG] (FabricLoader/Mixin) fabric-command-api-v2.mixins.json:EntitySelectorReaderMixin from mod fabric-command-api-v2: Class version 65 required is higher than the class version supported by the current version of Mixin (JAVA_17 supports class version 61)
[22:23:24] [main/DEBUG] (FabricLoader/Mixin) Mixing BlockEntityTypeBuilderMixin from fabric-object-builder-v1.mixins.json into net.minecraft.block.entity.BlockEntityType$Builder
[22:23:24] [main/DEBUG] (FabricLoader/Mixin) fabric-object-builder-v1.mixins.json:BlockEntityTypeBuilderMixin from mod fabric-object-builder-api-v1: Class version 65 required is higher than the class version supported by the current version of Mixin (JAVA_17 supports class version 61)
[22:23:24] [main/DEBUG] (FabricLoader/Mixin) Mixing AbstractContainerMenuSubclasses_scarpetMixin from carpet.mixins.json into net.minecraft.screen.LecternScreenHandler
[22:23:24] [main/DEBUG] (FabricLoader/Mixin) carpet.mixins.json:AbstractContainerMenuSubclasses_scarpetMixin from mod carpet: Class version 65 required is higher than the class version supported by the current version of Mixin (JAVA_17 supports class version 61)
[22:23:24] [main/DEBUG] (FabricLoader/Mixin) carpet.mixins.json:AbstractContainerMenuSubclasses_scarpetMixin from mod carpet->@Inject::buttonClickCallback(Lnet/minecraft/entity/player/PlayerEntity;ILorg/spongepowered/asm/mixin/injection/callback/CallbackInfoReturnable;)V does use it's CallbackInfoReturnable
[22:23:24] [main/DEBUG] (FabricLoader/Mixin) Generating mapped inner class net/minecraft/block/entity/ChiseledBookshelfBlockEntity$Anonymous$d0f1f13cffbe4fcb9166bcbd8a6e4ab3 (originally net/fabricmc/fabric/mixin/transfer/ChiseledBookshelfBlockEntityMixin$1)
[22:23:24] [main/DEBUG] (FabricLoader/Mixin) Mixing LevelLightEngine_scarpetChunkCreationMixin from carpet.mixins.json into net.minecraft.world.chunk.light.LightingProvider
[22:23:24] [main/DEBUG] (FabricLoader/Mixin) carpet.mixins.json:LevelLightEngine_scarpetChunkCreationMixin from mod carpet: Class version 65 required is higher than the class version supported by the current version of Mixin (JAVA_17 supports class version 61)
[22:23:24] [main/DEBUG] (FabricLoader/Mixin) Mixing ThreadedLevelLightEngine_scarpetMixin from carpet.mixins.json into net.minecraft.server.world.ServerLightingProvider
[22:23:24] [main/DEBUG] (FabricLoader/Mixin) carpet.mixins.json:ThreadedLevelLightEngine_scarpetMixin from mod carpet: Class version 65 required is higher than the class version supported by the current version of Mixin (JAVA_17 supports class version 61)
[22:23:24] [main/DEBUG] (FabricLoader/Mixin) Mixing ThreadedLevelLightEngine_scarpetChunkCreationMixin from carpet.mixins.json into net.minecraft.server.world.ServerLightingProvider
[22:23:24] [main/DEBUG] (FabricLoader/Mixin) carpet.mixins.json:ThreadedLevelLightEngine_scarpetChunkCreationMixin from mod carpet: Class version 65 required is higher than the class version supported by the current version of Mixin (JAVA_17 supports class version 61)
[22:23:24] [main/DEBUG] (FabricLoader/Mixin) Renaming synthetic method lambda$relight$9(Lnet/minecraft/util/math/ChunkPos;Ljava/lang/Runnable;)V to mda8b304$carpet$lambda$relight$9$0 in carpet.mixins.json:ThreadedLevelLightEngine_scarpetChunkCreationMixin from mod carpet
[22:23:24] [main/DEBUG] (FabricLoader/Mixin) Renaming synthetic method lambda$relight$8()I to mda8b304$carpet$lambda$relight$8$1 in carpet.mixins.json:ThreadedLevelLightEngine_scarpetChunkCreationMixin from mod carpet
[22:23:24] [main/DEBUG] (FabricLoader/Mixin) Renaming synthetic method lambda$relight$7(Lnet/minecraft/util/math/ChunkPos;)Ljava/lang/String; to mda8b304$carpet$lambda$relight$7$2 in carpet.mixins.json:ThreadedLevelLightEngine_scarpetChunkCreationMixin from mod carpet
[22:23:24] [main/DEBUG] (FabricLoader/Mixin) Renaming synthetic method lambda$relight$6(Lnet/minecraft/world/chunk/Chunk;Lnet/minecraft/util/math/ChunkPos;)V to mda8b304$carpet$lambda$relight$6$3 in carpet.mixins.json:ThreadedLevelLightEngine_scarpetChunkCreationMixin from mod carpet
[22:23:24] [main/DEBUG] (FabricLoader/Mixin) Renaming synthetic method lambda$relight$5(Lnet/minecraft/util/math/ChunkPos;)Ljava/lang/String; to mda8b304$carpet$lambda$relight$5$4 in carpet.mixins.json:ThreadedLevelLightEngine_scarpetChunkCreationMixin from mod carpet
[22:23:24] [main/DEBUG] (FabricLoader/Mixin) Renaming synthetic method lambda$relight$4(Lnet/minecraft/util/math/ChunkPos;Lnet/minecraft/world/chunk/Chunk;)V to mda8b304$carpet$lambda$relight$4$5 in carpet.mixins.json:ThreadedLevelLightEngine_scarpetChunkCreationMixin from mod carpet
[22:23:24] [main/DEBUG] (FabricLoader/Mixin) Renaming synthetic method lambda$relight$3()I to mda8b304$carpet$lambda$relight$3$6 in carpet.mixins.json:ThreadedLevelLightEngine_scarpetChunkCreationMixin from mod carpet
[22:23:24] [main/DEBUG] (FabricLoader/Mixin) Renaming synthetic method lambda$removeLightData$2(Lnet/minecraft/util/math/ChunkPos;)Ljava/lang/String; to mda8b304$carpet$lambda$removeLightData$2$7 in carpet.mixins.json:ThreadedLevelLightEngine_scarpetChunkCreationMixin from mod carpet
[22:23:24] [main/DEBUG] (FabricLoader/Mixin) Renaming synthetic method lambda$removeLightData$1(Lnet/minecraft/util/math/ChunkPos;)V to mda8b304$carpet$lambda$removeLightData$1$8 in carpet.mixins.json:ThreadedLevelLightEngine_scarpetChunkCreationMixin from mod carpet
[22:23:24] [main/DEBUG] (FabricLoader/Mixin) Renaming synthetic method lambda$removeLightData$0()I to mda8b304$carpet$lambda$removeLightData$0$9 in carpet.mixins.json:ThreadedLevelLightEngine_scarpetChunkCreationMixin from mod carpet
[22:23:24] [main/DEBUG] (FabricLoader/Mixin) Mixing Inventory_scarpetEventMixin from carpet.mixins.json into net.minecraft.entity.player.PlayerInventory
[22:23:24] [main/DEBUG] (FabricLoader/Mixin) carpet.mixins.json:Inventory_scarpetEventMixin from mod carpet: Class version 65 required is higher than the class version supported by the current version of Mixin (JAVA_17 supports class version 61)
[22:23:24] [main/DEBUG] (FabricLoader/Mixin) Mixing SimpleInventoryMixin from fabric-transfer-api-v1.mixins.json into net.minecraft.inventory.SimpleInventory
[22:23:24] [main/DEBUG] (FabricLoader/Mixin) fabric-transfer-api-v1.mixins.json:SimpleInventoryMixin from mod fabric-transfer-api-v1: Class version 65 required is higher than the class version supported by the current version of Mixin (JAVA_17 supports class version 61)
[22:23:24] [main/DEBUG] (FabricLoader/Mixin) Mixing MerchantResultSlot_scarpetEventMixin from carpet.mixins.json into net.minecraft.screen.slot.TradeOutputSlot
[22:23:24] [main/DEBUG] (FabricLoader/Mixin) carpet.mixins.json:MerchantResultSlot_scarpetEventMixin from mod carpet: Class version 65 required is higher than the class version supported by the current version of Mixin (JAVA_17 supports class version 61)
[22:23:24] [main/DEBUG] (FabricLoader/Mixin) carpet.mixins.json:MerchantResultSlot_scarpetEventMixin from mod carpet->@Inject::onTrade(Lnet/minecraft/entity/player/PlayerEntity;Lnet/minecraft/item/ItemStack;Lorg/spongepowered/asm/mixin/injection/callback/CallbackInfo;)V doesn't use it's CallbackInfo
[22:23:24] [main/DEBUG] (FabricLoader/Mixin) carpet.mixins.json:MerchantResultSlot_scarpetEventMixin from mod carpet->@Inject::onTrade(Lnet/minecraft/entity/player/PlayerEntity;Lnet/minecraft/item/ItemStack;Lorg/spongepowered/asm/mixin/injection/callback/CallbackInfo;)V has 0 override(s) in child classes
[22:23:24] [main/DEBUG] (FabricLoader/Mixin) carpet.mixins.json:MerchantResultSlot_scarpetEventMixin from mod carpet->@Inject::onTrade(Lnet/minecraft/entity/player/PlayerEntity;Lnet/minecraft/item/ItemStack;Lorg/spongepowered/asm/mixin/injection/callback/CallbackInfo;)V won't be passed a CallbackInfo as a result
[22:23:24] [main/DEBUG] (FabricLoader/Mixin) Mixing RecipeMixin from fabric-item-api-v1.mixins.json into net.minecraft.recipe.Recipe
[22:23:24] [main/DEBUG] (FabricLoader/Mixin) fabric-item-api-v1.mixins.json:RecipeMixin from mod fabric-item-api-v1: Class version 65 required is higher than the class version supported by the current version of Mixin (JAVA_17 supports class version 61)
[22:23:24] [main/DEBUG] (FabricLoader/Mixin) fabric-item-api-v1.mixins.json:RecipeMixin from mod fabric-item-api-v1->@Inject::captureStack(Lnet/minecraft/inventory/Inventory;Lorg/spongepowered/asm/mixin/injection/callback/CallbackInfoReturnable;Lnet/minecraft/util/collection/DefaultedList;I)V doesn't use it's CallbackInfoReturnable
[22:23:24] [main/DEBUG] (FabricLoader/Mixin) fabric-item-api-v1.mixins.json:RecipeMixin from mod fabric-item-api-v1->@Inject::captureStack(Lnet/minecraft/inventory/Inventory;Lorg/spongepowered/asm/mixin/injection/callback/CallbackInfoReturnable;Lnet/minecraft/util/collection/DefaultedList;I)V has 0 override(s) in child classes
[22:23:24] [main/DEBUG] (FabricLoader/Mixin) fabric-item-api-v1.mixins.json:RecipeMixin from mod fabric-item-api-v1->@Inject::captureStack(Lnet/minecraft/inventory/Inventory;Lorg/spongepowered/asm/mixin/injection/callback/CallbackInfoReturnable;Lnet/minecraft/util/collection/DefaultedList;I)V won't be passed a CallbackInfoReturnable as a result
[22:23:24] [main/DEBUG] (FabricLoader/Mixin) Mixing ingredient.ShapelessRecipeMixin from fabric-recipe-api-v1.mixins.json into net.minecraft.recipe.ShapelessRecipe
[22:23:24] [main/DEBUG] (FabricLoader/Mixin) fabric-recipe-api-v1.mixins.json:ingredient.ShapelessRecipeMixin from mod fabric-recipe-api-v1: Class version 65 required is higher than the class version supported by the current version of Mixin (JAVA_17 supports class version 61)
[22:23:24] [main/DEBUG] (FabricLoader/Mixin) fabric-recipe-api-v1.mixins.json:ingredient.ShapelessRecipeMixin from mod fabric-recipe-api-v1->@Inject::cacheRequiresTesting(Ljava/lang/String;Lnet/minecraft/recipe/book/CraftingRecipeCategory;Lnet/minecraft/item/ItemStack;Lnet/minecraft/util/collection/DefaultedList;Lorg/spongepowered/asm/mixin/injection/callback/CallbackInfo;)V doesn't use it's CallbackInfo
[22:23:24] [main/DEBUG] (FabricLoader/Mixin) fabric-recipe-api-v1.mixins.json:ingredient.ShapelessRecipeMixin from mod fabric-recipe-api-v1->@Inject::cacheRequiresTesting(Ljava/lang/String;Lnet/minecraft/recipe/book/CraftingRecipeCategory;Lnet/minecraft/item/ItemStack;Lnet/minecraft/util/collection/DefaultedList;Lorg/spongepowered/asm/mixin/injection/callback/CallbackInfo;)V has 0 override(s) in child classes
[22:23:24] [main/DEBUG] (FabricLoader/Mixin) fabric-recipe-api-v1.mixins.json:ingredient.ShapelessRecipeMixin from mod fabric-recipe-api-v1->@Inject::cacheRequiresTesting(Ljava/lang/String;Lnet/minecraft/recipe/book/CraftingRecipeCategory;Lnet/minecraft/item/ItemStack;Lnet/minecraft/util/collection/DefaultedList;Lorg/spongepowered/asm/mixin/injection/callback/CallbackInfo;)V won't be passed a CallbackInfo as a result
[22:23:24] [main/DEBUG] (FabricLoader/Mixin) fabric-recipe-api-v1.mixins.json:ingredient.ShapelessRecipeMixin from mod fabric-recipe-api-v1->@Inject::customIngredientMatch(Lnet/minecraft/inventory/RecipeInputInventory;Lnet/minecraft/world/World;Lorg/spongepowered/asm/mixin/injection/callback/CallbackInfoReturnable;)V does use it's CallbackInfoReturnable
[22:23:24] [main/DEBUG] (FabricLoader/Mixin) Mixing EnchantRandomlyLootFunctionMixin from fabric-item-api-v1.mixins.json into net.minecraft.loot.function.EnchantRandomlyLootFunction
[22:23:24] [main/DEBUG] (FabricLoader/Mixin) fabric-item-api-v1.mixins.json:EnchantRandomlyLootFunctionMixin from mod fabric-item-api-v1: Class version 65 required is higher than the class version supported by the current version of Mixin (JAVA_17 supports class version 61)
[22:23:24] [main/DEBUG] (FabricLoader/Mixin) Mixing LootTableAccessor from fabric-loot-api-v2.mixins.json into net.minecraft.loot.LootTable
[22:23:24] [main/DEBUG] (FabricLoader/Mixin) fabric-loot-api-v2.mixins.json:LootTableAccessor from mod fabric-loot-api-v2: Class version 65 required is higher than the class version supported by the current version of Mixin (JAVA_17 supports class version 61)
[22:23:24] [main/DEBUG] (FabricLoader/Mixin) Mixing LootPoolAccessor from fabric-loot-api-v2.mixins.json into net.minecraft.loot.LootPool
[22:23:24] [main/DEBUG] (FabricLoader/Mixin) fabric-loot-api-v2.mixins.json:LootPoolAccessor from mod fabric-loot-api-v2: Class version 65 required is higher than the class version supported by the current version of Mixin (JAVA_17 supports class version 61)
[22:23:24] [main/DEBUG] (FabricLoader/Mixin) Mixing HugeFungusFeatureMixin from carpet.mixins.json into net.minecraft.world.gen.feature.HugeFungusFeature
[22:23:24] [main/DEBUG] (FabricLoader/Mixin) carpet.mixins.json:HugeFungusFeatureMixin from mod carpet: Class version 65 required is higher than the class version supported by the current version of Mixin (JAVA_17 supports class version 61)
[22:23:24] [main/DEBUG] (FabricLoader/Mixin) ArgsClassGenerator assigning org.spongepowered.asm.synthetic.args.Args$1 for descriptor (Lnet/minecraft/world/StructureWorldAccess;Lnet/minecraft/util/math/random/Random;Lnet/minecraft/world/gen/feature/HugeFungusFeatureConfig;Lnet/minecraft/util/math/BlockPos;IZ)V
[22:23:25] [main/DEBUG] (FabricLoader/Mixin) Mixing StructurePiece_scarpetPlopMixin from carpet.mixins.json into net.minecraft.structure.StructurePiece
[22:23:25] [main/DEBUG] (FabricLoader/Mixin) carpet.mixins.json:StructurePiece_scarpetPlopMixin from mod carpet: Class version 65 required is higher than the class version supported by the current version of Mixin (JAVA_17 supports class version 61)
[22:23:25] [main/DEBUG] (FabricLoader/Mixin) Mixing StructureTemplateManagerMixin from fabric-gametest-api-v1.mixins.json into net.minecraft.structure.StructureTemplateManager
[22:23:25] [main/DEBUG] (FabricLoader/Mixin) fabric-gametest-api-v1.mixins.json:StructureTemplateManagerMixin from mod fabric-gametest-api-v1: Class version 65 required is higher than the class version supported by the current version of Mixin (JAVA_17 supports class version 61)
[22:23:25] [main/DEBUG] (FabricLoader/Mixin) fabric-gametest-api-v1.mixins.json:StructureTemplateManagerMixin from mod fabric-gametest-api-v1->@Inject::addFabricTemplateProvider(Lnet/minecraft/resource/ResourceManager;Lnet/minecraft/world/level/storage/LevelStorage$Session;Lcom/mojang/datafixers/DataFixer;Lnet/minecraft/registry/RegistryEntryLookup;Lorg/spongepowered/asm/mixin/injection/callback/CallbackInfo;Lcom/google/common/collect/ImmutableList$Builder;)V doesn't use it's CallbackInfo
[22:23:25] [main/DEBUG] (FabricLoader/Mixin) fabric-gametest-api-v1.mixins.json:StructureTemplateManagerMixin from mod fabric-gametest-api-v1->@Inject::addFabricTemplateProvider(Lnet/minecraft/resource/ResourceManager;Lnet/minecraft/world/level/storage/LevelStorage$Session;Lcom/mojang/datafixers/DataFixer;Lnet/minecraft/registry/RegistryEntryLookup;Lorg/spongepowered/asm/mixin/injection/callback/CallbackInfo;Lcom/google/common/collect/ImmutableList$Builder;)V has 0 override(s) in child classes
[22:23:25] [main/DEBUG] (FabricLoader/Mixin) fabric-gametest-api-v1.mixins.json:StructureTemplateManagerMixin from mod fabric-gametest-api-v1->@Inject::addFabricTemplateProvider(Lnet/minecraft/resource/ResourceManager;Lnet/minecraft/world/level/storage/LevelStorage$Session;Lcom/mojang/datafixers/DataFixer;Lnet/minecraft/registry/RegistryEntryLookup;Lorg/spongepowered/asm/mixin/injection/callback/CallbackInfo;Lcom/google/common/collect/ImmutableList$Builder;)V won't be passed a CallbackInfo as a result
[22:23:25] [main/DEBUG] (FabricLoader/Mixin) Mixing BiomeSourceMixin from fabric-biome-api-v1.mixins.json into net.minecraft.world.biome.source.BiomeSource
[22:23:25] [main/DEBUG] (FabricLoader/Mixin) fabric-biome-api-v1.mixins.json:BiomeSourceMixin from mod fabric-biome-api-v1: Class version 65 required is higher than the class version supported by the current version of Mixin (JAVA_17 supports class version 61)
[22:23:25] [main/DEBUG] (FabricLoader/Mixin) Mixing MultiNoiseBiomeSourceMixin from fabric-biome-api-v1.mixins.json into net.minecraft.world.biome.source.MultiNoiseBiomeSource
[22:23:25] [main/DEBUG] (FabricLoader/Mixin) fabric-biome-api-v1.mixins.json:MultiNoiseBiomeSourceMixin from mod fabric-biome-api-v1: Class version 65 required is higher than the class version supported by the current version of Mixin (JAVA_17 supports class version 61)
[22:23:25] [main/DEBUG] (FabricLoader/Mixin) Mixing NetherBiomePresetMixin from fabric-biome-api-v1.mixins.json into net.minecraft.world.biome.source.MultiNoiseBiomeSourceParameterList$Preset$1
[22:23:25] [main/DEBUG] (FabricLoader/Mixin) fabric-biome-api-v1.mixins.json:NetherBiomePresetMixin from mod fabric-biome-api-v1: Class version 65 required is higher than the class version supported by the current version of Mixin (JAVA_17 supports class version 61)
[22:23:25] [main/DEBUG] (FabricLoader/Mixin) fabric-biome-api-v1.mixins.json:NetherBiomePresetMixin from mod fabric-biome-api-v1->@Inject::apply(Ljava/util/function/Function;Lorg/spongepowered/asm/mixin/injection/callback/CallbackInfoReturnable;)V does use it's CallbackInfoReturnable
[22:23:25] [main/DEBUG] (FabricLoader/Mixin) Mixing TheEndBiomeSourceMixin from fabric-biome-api-v1.mixins.json into net.minecraft.world.biome.source.TheEndBiomeSource
[22:23:25] [main/DEBUG] (FabricLoader/Mixin) fabric-biome-api-v1.mixins.json:TheEndBiomeSourceMixin from mod fabric-biome-api-v1: Class version 65 required is higher than the class version supported by the current version of Mixin (JAVA_17 supports class version 61)
[22:23:25] [main/DEBUG] (FabricLoader/Mixin) Renaming synthetic method lambda$init$1(Lnet/minecraft/registry/RegistryEntryLookup;)Lnet/fabricmc/fabric/impl/biome/TheEndBiomeData$Overrides; to mda8b304$fabric-biome-api-v1$lambda$init$1$0 in fabric-biome-api-v1.mixins.json:TheEndBiomeSourceMixin from mod fabric-biome-api-v1
[22:23:25] [main/DEBUG] (FabricLoader/Mixin) Renaming synthetic method lambda$modifyCodec$0(Lcom/mojang/serialization/codecs/RecordCodecBuilder$Instance;)Lcom/mojang/datafixers/kinds/App; to mda8b304$fabric-biome-api-v1$lambda$modifyCodec$0$1 in fabric-biome-api-v1.mixins.json:TheEndBiomeSourceMixin from mod fabric-biome-api-v1
[22:23:25] [main/DEBUG] (FabricLoader/Mixin) fabric-biome-api-v1.mixins.json:TheEndBiomeSourceMixin from mod fabric-biome-api-v1->@Inject::modifyCodec(Lorg/spongepowered/asm/mixin/injection/callback/CallbackInfo;)V doesn't use it's CallbackInfo
[22:23:25] [main/DEBUG] (FabricLoader/Mixin) fabric-biome-api-v1.mixins.json:TheEndBiomeSourceMixin from mod fabric-biome-api-v1->@Inject::rememberLookup(Lnet/minecraft/registry/RegistryEntryLookup;Lorg/spongepowered/asm/mixin/injection/callback/CallbackInfoReturnable;)V doesn't use it's CallbackInfoReturnable
[22:23:25] [main/DEBUG] (FabricLoader/Mixin) fabric-biome-api-v1.mixins.json:TheEndBiomeSourceMixin from mod fabric-biome-api-v1->@Inject::clearLookup(Lnet/minecraft/registry/RegistryEntryLookup;Lorg/spongepowered/asm/mixin/injection/callback/CallbackInfoReturnable;)V doesn't use it's CallbackInfoReturnable
[22:23:25] [main/DEBUG] (FabricLoader/Mixin) fabric-biome-api-v1.mixins.json:TheEndBiomeSourceMixin from mod fabric-biome-api-v1->@Inject::init(Lnet/minecraft/registry/entry/RegistryEntry;Lnet/minecraft/registry/entry/RegistryEntry;Lnet/minecraft/registry/entry/RegistryEntry;Lnet/minecraft/registry/entry/RegistryEntry;Lnet/minecraft/registry/entry/RegistryEntry;Lorg/spongepowered/asm/mixin/injection/callback/CallbackInfo;)V doesn't use it's CallbackInfo
[22:23:25] [main/DEBUG] (FabricLoader/Mixin) fabric-biome-api-v1.mixins.json:TheEndBiomeSourceMixin from mod fabric-biome-api-v1->@Inject::init(Lnet/minecraft/registry/entry/RegistryEntry;Lnet/minecraft/registry/entry/RegistryEntry;Lnet/minecraft/registry/entry/RegistryEntry;Lnet/minecraft/registry/entry/RegistryEntry;Lnet/minecraft/registry/entry/RegistryEntry;Lorg/spongepowered/asm/mixin/injection/callback/CallbackInfo;)V has 0 override(s) in child classes
[22:23:25] [main/DEBUG] (FabricLoader/Mixin) fabric-biome-api-v1.mixins.json:TheEndBiomeSourceMixin from mod fabric-biome-api-v1->@Inject::init(Lnet/minecraft/registry/entry/RegistryEntry;Lnet/minecraft/registry/entry/RegistryEntry;Lnet/minecraft/registry/entry/RegistryEntry;Lnet/minecraft/registry/entry/RegistryEntry;Lnet/minecraft/registry/entry/RegistryEntry;Lorg/spongepowered/asm/mixin/injection/callback/CallbackInfo;)V won't be passed a CallbackInfo as a result
[22:23:25] [main/DEBUG] (FabricLoader/Mixin) fabric-biome-api-v1.mixins.json:TheEndBiomeSourceMixin from mod fabric-biome-api-v1->@Inject::getWeightedEndBiome(IIILnet/minecraft/world/biome/source/util/MultiNoiseUtil$MultiNoiseSampler;Lorg/spongepowered/asm/mixin/injection/callback/CallbackInfoReturnable;)V does use it's CallbackInfoReturnable
[22:23:25] [main/DEBUG] (FabricLoader/Mixin) fabric-biome-api-v1.mixins.json:TheEndBiomeSourceMixin from mod fabric-biome-api-v1->@Inject::getWeightedEndBiome(IIILnet/minecraft/world/biome/source/util/MultiNoiseUtil$MultiNoiseSampler;Lorg/spongepowered/asm/mixin/injection/callback/CallbackInfoReturnable;)V does use it's CallbackInfoReturnable
[22:23:25] [main/DEBUG] (FabricLoader/Mixin) fabric-biome-api-v1.mixins.json:TheEndBiomeSourceMixin from mod fabric-biome-api-v1->@Inject::getWeightedEndBiome(IIILnet/minecraft/world/biome/source/util/MultiNoiseUtil$MultiNoiseSampler;Lorg/spongepowered/asm/mixin/injection/callback/CallbackInfoReturnable;)V does use it's CallbackInfoReturnable
[22:23:25] [main/DEBUG] (FabricLoader/Mixin) fabric-biome-api-v1.mixins.json:TheEndBiomeSourceMixin from mod fabric-biome-api-v1->@Inject::getWeightedEndBiome(IIILnet/minecraft/world/biome/source/util/MultiNoiseUtil$MultiNoiseSampler;Lorg/spongepowered/asm/mixin/injection/callback/CallbackInfoReturnable;)V does use it's CallbackInfoReturnable
[22:23:25] [main/DEBUG] (FabricLoader/Mixin) fabric-biome-api-v1.mixins.json:TheEndBiomeSourceMixin from mod fabric-biome-api-v1->@Inject::getWeightedEndBiome(IIILnet/minecraft/world/biome/source/util/MultiNoiseUtil$MultiNoiseSampler;Lorg/spongepowered/asm/mixin/injection/callback/CallbackInfoReturnable;)V does use it's CallbackInfoReturnable
[22:23:25] [main/DEBUG] (FabricLoader/Mixin) Mixing ChunkGenerator_customMobSpawnsMixin from carpet.mixins.json into net.minecraft.world.gen.chunk.ChunkGenerator
[22:23:25] [main/DEBUG] (FabricLoader/Mixin) carpet.mixins.json:ChunkGenerator_customMobSpawnsMixin from mod carpet: Class version 65 required is higher than the class version supported by the current version of Mixin (JAVA_17 supports class version 61)
[22:23:25] [main/DEBUG] (FabricLoader/Mixin) carpet.mixins.json:ChunkGenerator_customMobSpawnsMixin from mod carpet->@Inject::checkCMSpawns(Lnet/minecraft/registry/entry/RegistryEntry;Lnet/minecraft/world/gen/StructureAccessor;Lnet/minecraft/entity/SpawnGroup;Lnet/minecraft/util/math/BlockPos;Lorg/spongepowered/asm/mixin/injection/callback/CallbackInfoReturnable;Ljava/util/Map;Ljava/util/Iterator;Ljava/util/Map$Entry;)V does use it's CallbackInfoReturnable
[22:23:25] [main/DEBUG] (FabricLoader/Mixin) Mixing DebugChunkGeneratorAccessor from fabric-registry-sync-v0.mixins.json into net.minecraft.world.gen.chunk.DebugChunkGenerator
[22:23:25] [main/DEBUG] (FabricLoader/Mixin) fabric-registry-sync-v0.mixins.json:DebugChunkGeneratorAccessor from mod fabric-registry-sync-v0: Class version 65 required is higher than the class version supported by the current version of Mixin (JAVA_17 supports class version 61)
[22:23:25] [main/DEBUG] (FabricLoader/Mixin) Renaming @Accessor method setBLOCK_STATES(Ljava/util/List;)V to setBLOCK_STATES$fabric-registry-sync-v0_$md$a8b304$0 in fabric-registry-sync-v0.mixins.json:DebugChunkGeneratorAccessor from mod fabric-registry-sync-v0
[22:23:25] [main/DEBUG] (FabricLoader/Mixin) Renaming @Accessor method setX_SIDE_LENGTH(I)V to setX_SIDE_LENGTH$fabric-registry-sync-v0_$md$a8b304$1 in fabric-registry-sync-v0.mixins.json:DebugChunkGeneratorAccessor from mod fabric-registry-sync-v0
[22:23:25] [main/DEBUG] (FabricLoader/Mixin) Renaming @Accessor method setZ_SIDE_LENGTH(I)V to setZ_SIDE_LENGTH$fabric-registry-sync-v0_$md$a8b304$2 in fabric-registry-sync-v0.mixins.json:DebugChunkGeneratorAccessor from mod fabric-registry-sync-v0
[22:23:25] [main/DEBUG] (FabricLoader/Mixin) Mixing DefaultAttributeRegistryAccessor from fabric-object-builder-v1.mixins.json into net.minecraft.entity.attribute.DefaultAttributeRegistry
[22:23:25] [main/DEBUG] (FabricLoader/Mixin) fabric-object-builder-v1.mixins.json:DefaultAttributeRegistryAccessor from mod fabric-object-builder-api-v1: Class version 65 required is higher than the class version supported by the current version of Mixin (JAVA_17 supports class version 61)
[22:23:25] [main/DEBUG] (FabricLoader/Mixin) Renaming @Accessor method getRegistry()Ljava/util/Map; to getRegistry$fabric-object-builder-api-v1_$md$a8b304$0 in fabric-object-builder-v1.mixins.json:DefaultAttributeRegistryAccessor from mod fabric-object-builder-api-v1
[22:23:25] [main/DEBUG] (FabricLoader/Mixin) Mixing DefaultAttributeRegistryMixin from fabric-object-builder-v1.mixins.json into net.minecraft.entity.attribute.DefaultAttributeRegistry
[22:23:25] [main/DEBUG] (FabricLoader/Mixin) fabric-object-builder-v1.mixins.json:DefaultAttributeRegistryMixin from mod fabric-object-builder-api-v1: Class version 65 required is higher than the class version supported by the current version of Mixin (JAVA_17 supports class version 61)
[22:23:25] [main/DEBUG] (FabricLoader/Mixin) fabric-object-builder-v1.mixins.json:DefaultAttributeRegistryMixin from mod fabric-object-builder-api-v1->@Inject::injectAttributes(Lorg/spongepowered/asm/mixin/injection/callback/CallbackInfo;)V doesn't use it's CallbackInfo
[22:23:25] [Render thread/DEBUG] (FabricLoader/Mixin) Mixing MinecraftClientMixin from fabric-screen-api-v1.mixins.json into net.minecraft.client.MinecraftClient
[22:23:25] [Render thread/DEBUG] (FabricLoader/Mixin) fabric-screen-api-v1.mixins.json:MinecraftClientMixin from mod fabric-screen-api-v1: Class version 65 required is higher than the class version supported by the current version of Mixin (JAVA_17 supports class version 61)
[22:23:25] [Render thread/DEBUG] (FabricLoader/Mixin) Renaming @Unique field LOGGERLorg/slf4j/Logger; to fda8b304$fabric-screen-api-v1$LOGGER$0 in fabric-screen-api-v1.mixins.json:MinecraftClientMixin from mod fabric-screen-api-v1
[22:23:25] [Render thread/DEBUG] (FabricLoader/Mixin) Mixing Minecraft_tickMixin from carpet.mixins.json into net.minecraft.client.MinecraftClient
[22:23:25] [Render thread/DEBUG] (FabricLoader/Mixin) carpet.mixins.json:Minecraft_tickMixin from mod carpet: Class version 65 required is higher than the class version supported by the current version of Mixin (JAVA_17 supports class version 61)
[22:23:25] [Render thread/DEBUG] (FabricLoader/Mixin) Mixing MinecraftMixin from carpet.mixins.json into net.minecraft.client.MinecraftClient
[22:23:25] [Render thread/DEBUG] (FabricLoader/Mixin) carpet.mixins.json:MinecraftMixin from mod carpet: Class version 65 required is higher than the class version supported by the current version of Mixin (JAVA_17 supports class version 61)
[22:23:25] [Render thread/DEBUG] (FabricLoader/Mixin) Mixing MinecraftClientMixin from fabric-lifecycle-events-v1.client.mixins.json into net.minecraft.client.MinecraftClient
[22:23:25] [Render thread/DEBUG] (FabricLoader/Mixin) fabric-lifecycle-events-v1.client.mixins.json:MinecraftClientMixin from mod fabric-lifecycle-events-v1: Class version 65 required is higher than the class version supported by the current version of Mixin (JAVA_17 supports class version 61)
[22:23:25] [Render thread/DEBUG] (FabricLoader/Mixin) Mixing MinecraftClientMixin from fabric-events-interaction-v0.client.mixins.json into net.minecraft.client.MinecraftClient
[22:23:25] [Render thread/DEBUG] (FabricLoader/Mixin) fabric-events-interaction-v0.client.mixins.json:MinecraftClientMixin from mod fabric-events-interaction-v0: Class version 65 required is higher than the class version supported by the current version of Mixin (JAVA_17 supports class version 61)
[22:23:25] [Render thread/DEBUG] (FabricLoader/Mixin) Mixing MinecraftClientMixin from fabric-registry-sync-v0.client.mixins.json into net.minecraft.client.MinecraftClient
[22:23:25] [Render thread/DEBUG] (FabricLoader/Mixin) fabric-registry-sync-v0.client.mixins.json:MinecraftClientMixin from mod fabric-registry-sync-v0: Class version 65 required is higher than the class version supported by the current version of Mixin (JAVA_17 supports class version 61)
[22:23:25] [Render thread/DEBUG] (FabricLoader/Mixin) Mixing accessor.MinecraftClientAccessor from fabric-networking-api-v1.client.mixins.json into net.minecraft.client.MinecraftClient
[22:23:25] [Render thread/DEBUG] (FabricLoader/Mixin) fabric-networking-api-v1.client.mixins.json:accessor.MinecraftClientAccessor from mod fabric-networking-api-v1: Class version 65 required is higher than the class version supported by the current version of Mixin (JAVA_17 supports class version 61)
[22:23:25] [Render thread/DEBUG] (FabricLoader/Mixin) Mixing MinecraftClientMixin from fabric-data-generation-api-v1.client.mixins.json into net.minecraft.client.MinecraftClient
[22:23:25] [Render thread/DEBUG] (FabricLoader/Mixin) fabric-data-generation-api-v1.client.mixins.json:MinecraftClientMixin from mod fabric-data-generation-api-v1: Class version 65 required is higher than the class version supported by the current version of Mixin (JAVA_17 supports class version 61)
[22:23:25] [Render thread/DEBUG] (FabricLoader/Mixin) fabric-screen-api-v1.mixins.json:MinecraftClientMixin from mod fabric-screen-api-v1->@Inject::checkThreadOnDev(Lnet/minecraft/client/gui/screen/Screen;Lorg/spongepowered/asm/mixin/injection/callback/CallbackInfo;)V doesn't use it's CallbackInfo
[22:23:25] [Render thread/DEBUG] (FabricLoader/Mixin) fabric-screen-api-v1.mixins.json:MinecraftClientMixin from mod fabric-screen-api-v1->@Inject::checkThreadOnDev(Lnet/minecraft/client/gui/screen/Screen;Lorg/spongepowered/asm/mixin/injection/callback/CallbackInfo;)V has 0 override(s) in child classes
[22:23:25] [Render thread/DEBUG] (FabricLoader/Mixin) fabric-screen-api-v1.mixins.json:MinecraftClientMixin from mod fabric-screen-api-v1->@Inject::checkThreadOnDev(Lnet/minecraft/client/gui/screen/Screen;Lorg/spongepowered/asm/mixin/injection/callback/CallbackInfo;)V won't be passed a CallbackInfo as a result
[22:23:25] [Render thread/DEBUG] (FabricLoader/Mixin) fabric-screen-api-v1.mixins.json:MinecraftClientMixin from mod fabric-screen-api-v1->@Inject::onScreenRemove(Lnet/minecraft/client/gui/screen/Screen;Lorg/spongepowered/asm/mixin/injection/callback/CallbackInfo;)V doesn't use it's CallbackInfo
[22:23:25] [Render thread/DEBUG] (FabricLoader/Mixin) fabric-screen-api-v1.mixins.json:MinecraftClientMixin from mod fabric-screen-api-v1->@Inject::onScreenRemove(Lnet/minecraft/client/gui/screen/Screen;Lorg/spongepowered/asm/mixin/injection/callback/CallbackInfo;)V has 0 override(s) in child classes
[22:23:25] [Render thread/DEBUG] (FabricLoader/Mixin) fabric-screen-api-v1.mixins.json:MinecraftClientMixin from mod fabric-screen-api-v1->@Inject::onScreenRemove(Lnet/minecraft/client/gui/screen/Screen;Lorg/spongepowered/asm/mixin/injection/callback/CallbackInfo;)V won't be passed a CallbackInfo as a result
[22:23:25] [Render thread/DEBUG] (FabricLoader/Mixin) fabric-screen-api-v1.mixins.json:MinecraftClientMixin from mod fabric-screen-api-v1->@Inject::onScreenRemoveBecauseStopping(Lorg/spongepowered/asm/mixin/injection/callback/CallbackInfo;)V doesn't use it's CallbackInfo
[22:23:25] [Render thread/DEBUG] (FabricLoader/Mixin) fabric-screen-api-v1.mixins.json:MinecraftClientMixin from mod fabric-screen-api-v1->@Inject::onScreenRemoveBecauseStopping(Lorg/spongepowered/asm/mixin/injection/callback/CallbackInfo;)V has 0 override(s) in child classes
[22:23:25] [Render thread/DEBUG] (FabricLoader/Mixin) fabric-screen-api-v1.mixins.json:MinecraftClientMixin from mod fabric-screen-api-v1->@Inject::onScreenRemoveBecauseStopping(Lorg/spongepowered/asm/mixin/injection/callback/CallbackInfo;)V won't be passed a CallbackInfo as a result
[22:23:25] [Render thread/DEBUG] (FabricLoader/Mixin) fabric-screen-api-v1.mixins.json:MinecraftClientMixin from mod fabric-screen-api-v1->@Inject::beforeScreenTick(Lorg/spongepowered/asm/mixin/injection/callback/CallbackInfo;)V doesn't use it's CallbackInfo
[22:23:25] [Render thread/DEBUG] (FabricLoader/Mixin) fabric-screen-api-v1.mixins.json:MinecraftClientMixin from mod fabric-screen-api-v1->@Inject::beforeScreenTick(Lorg/spongepowered/asm/mixin/injection/callback/CallbackInfo;)V has 0 override(s) in child classes
[22:23:25] [Render thread/DEBUG] (FabricLoader/Mixin) fabric-screen-api-v1.mixins.json:MinecraftClientMixin from mod fabric-screen-api-v1->@Inject::beforeScreenTick(Lorg/spongepowered/asm/mixin/injection/callback/CallbackInfo;)V won't be passed a CallbackInfo as a result
[22:23:25] [Render thread/DEBUG] (FabricLoader/Mixin) fabric-screen-api-v1.mixins.json:MinecraftClientMixin from mod fabric-screen-api-v1->@Inject::afterScreenTick(Lorg/spongepowered/asm/mixin/injection/callback/CallbackInfo;)V doesn't use it's CallbackInfo
[22:23:25] [Render thread/DEBUG] (FabricLoader/Mixin) fabric-screen-api-v1.mixins.json:MinecraftClientMixin from mod fabric-screen-api-v1->@Inject::afterScreenTick(Lorg/spongepowered/asm/mixin/injection/callback/CallbackInfo;)V has 0 override(s) in child classes
[22:23:25] [Render thread/DEBUG] (FabricLoader/Mixin) fabric-screen-api-v1.mixins.json:MinecraftClientMixin from mod fabric-screen-api-v1->@Inject::afterScreenTick(Lorg/spongepowered/asm/mixin/injection/callback/CallbackInfo;)V won't be passed a CallbackInfo as a result
[22:23:25] [Render thread/DEBUG] (FabricLoader/Mixin) fabric-screen-api-v1.mixins.json:MinecraftClientMixin from mod fabric-screen-api-v1->@Inject::beforeLoadingScreenTick(Lorg/spongepowered/asm/mixin/injection/callback/CallbackInfo;)V doesn't use it's CallbackInfo
[22:23:25] [Render thread/DEBUG] (FabricLoader/Mixin) fabric-screen-api-v1.mixins.json:MinecraftClientMixin from mod fabric-screen-api-v1->@Inject::beforeLoadingScreenTick(Lorg/spongepowered/asm/mixin/injection/callback/CallbackInfo;)V has 0 override(s) in child classes
[22:23:25] [Render thread/DEBUG] (FabricLoader/Mixin) fabric-screen-api-v1.mixins.json:MinecraftClientMixin from mod fabric-screen-api-v1->@Inject::beforeLoadingScreenTick(Lorg/spongepowered/asm/mixin/injection/callback/CallbackInfo;)V won't be passed a CallbackInfo as a result
[22:23:25] [Render thread/DEBUG] (FabricLoader/Mixin) fabric-screen-api-v1.mixins.json:MinecraftClientMixin from mod fabric-screen-api-v1->@Inject::afterLoadingScreenTick(Lorg/spongepowered/asm/mixin/injection/callback/CallbackInfo;)V doesn't use it's CallbackInfo
[22:23:25] [Render thread/DEBUG] (FabricLoader/Mixin) fabric-screen-api-v1.mixins.json:MinecraftClientMixin from mod fabric-screen-api-v1->@Inject::afterLoadingScreenTick(Lorg/spongepowered/asm/mixin/injection/callback/CallbackInfo;)V has 0 override(s) in child classes
[22:23:25] [Render thread/DEBUG] (FabricLoader/Mixin) fabric-screen-api-v1.mixins.json:MinecraftClientMixin from mod fabric-screen-api-v1->@Inject::afterLoadingScreenTick(Lorg/spongepowered/asm/mixin/injection/callback/CallbackInfo;)V won't be passed a CallbackInfo as a result
[22:23:25] [Render thread/DEBUG] (FabricLoader/Mixin) carpet.mixins.json:Minecraft_tickMixin from mod carpet->@Inject::onGetTickTargetMillis(FLorg/spongepowered/asm/mixin/injection/callback/CallbackInfoReturnable;)V does use it's CallbackInfoReturnable
[22:23:25] [Render thread/DEBUG] (FabricLoader/Mixin) carpet.mixins.json:MinecraftMixin from mod carpet->@Inject::onCloseGame(Lnet/minecraft/client/gui/screen/Screen;Lorg/spongepowered/asm/mixin/injection/callback/CallbackInfo;)V doesn't use it's CallbackInfo
[22:23:25] [Render thread/DEBUG] (FabricLoader/Mixin) carpet.mixins.json:MinecraftMixin from mod carpet->@Inject::onCloseGame(Lnet/minecraft/client/gui/screen/Screen;Lorg/spongepowered/asm/mixin/injection/callback/CallbackInfo;)V has 0 override(s) in child classes
[22:23:25] [Render thread/DEBUG] (FabricLoader/Mixin) carpet.mixins.json:MinecraftMixin from mod carpet->@Inject::onCloseGame(Lnet/minecraft/client/gui/screen/Screen;Lorg/spongepowered/asm/mixin/injection/callback/CallbackInfo;)V won't be passed a CallbackInfo as a result
[22:23:25] [Render thread/DEBUG] (FabricLoader/Mixin) carpet.mixins.json:MinecraftMixin from mod carpet->@Inject::onClientTick(Lorg/spongepowered/asm/mixin/injection/callback/CallbackInfo;)V doesn't use it's CallbackInfo
[22:23:25] [Render thread/DEBUG] (FabricLoader/Mixin) carpet.mixins.json:MinecraftMixin from mod carpet->@Inject::onClientTick(Lorg/spongepowered/asm/mixin/injection/callback/CallbackInfo;)V has 0 override(s) in child classes
[22:23:25] [Render thread/DEBUG] (FabricLoader/Mixin) carpet.mixins.json:MinecraftMixin from mod carpet->@Inject::onClientTick(Lorg/spongepowered/asm/mixin/injection/callback/CallbackInfo;)V won't be passed a CallbackInfo as a result
[22:23:25] [Render thread/DEBUG] (FabricLoader/Mixin) fabric-lifecycle-events-v1.client.mixins.json:MinecraftClientMixin from mod fabric-lifecycle-events-v1->@Inject::onStartTick(Lorg/spongepowered/asm/mixin/injection/callback/CallbackInfo;)V doesn't use it's CallbackInfo
[22:23:25] [Render thread/DEBUG] (FabricLoader/Mixin) fabric-lifecycle-events-v1.client.mixins.json:MinecraftClientMixin from mod fabric-lifecycle-events-v1->@Inject::onStartTick(Lorg/spongepowered/asm/mixin/injection/callback/CallbackInfo;)V has 0 override(s) in child classes
[22:23:25] [Render thread/DEBUG] (FabricLoader/Mixin) fabric-lifecycle-events-v1.client.mixins.json:MinecraftClientMixin from mod fabric-lifecycle-events-v1->@Inject::onStartTick(Lorg/spongepowered/asm/mixin/injection/callback/CallbackInfo;)V won't be passed a CallbackInfo as a result
[22:23:25] [Render thread/DEBUG] (FabricLoader/Mixin) fabric-lifecycle-events-v1.client.mixins.json:MinecraftClientMixin from mod fabric-lifecycle-events-v1->@Inject::onEndTick(Lorg/spongepowered/asm/mixin/injection/callback/CallbackInfo;)V doesn't use it's CallbackInfo
[22:23:25] [Render thread/DEBUG] (FabricLoader/Mixin) fabric-lifecycle-events-v1.client.mixins.json:MinecraftClientMixin from mod fabric-lifecycle-events-v1->@Inject::onEndTick(Lorg/spongepowered/asm/mixin/injection/callback/CallbackInfo;)V has 0 override(s) in child classes
[22:23:25] [Render thread/DEBUG] (FabricLoader/Mixin) fabric-lifecycle-events-v1.client.mixins.json:MinecraftClientMixin from mod fabric-lifecycle-events-v1->@Inject::onEndTick(Lorg/spongepowered/asm/mixin/injection/callback/CallbackInfo;)V won't be passed a CallbackInfo as a result
[22:23:25] [Render thread/DEBUG] (FabricLoader/Mixin) fabric-lifecycle-events-v1.client.mixins.json:MinecraftClientMixin from mod fabric-lifecycle-events-v1->@Inject::onStopping(Lorg/spongepowered/asm/mixin/injection/callback/CallbackInfo;)V doesn't use it's CallbackInfo
[22:23:25] [Render thread/DEBUG] (FabricLoader/Mixin) fabric-lifecycle-events-v1.client.mixins.json:MinecraftClientMixin from mod fabric-lifecycle-events-v1->@Inject::onStopping(Lorg/spongepowered/asm/mixin/injection/callback/CallbackInfo;)V has 0 override(s) in child classes
[22:23:25] [Render thread/DEBUG] (FabricLoader/Mixin) fabric-lifecycle-events-v1.client.mixins.json:MinecraftClientMixin from mod fabric-lifecycle-events-v1->@Inject::onStopping(Lorg/spongepowered/asm/mixin/injection/callback/CallbackInfo;)V won't be passed a CallbackInfo as a result
[22:23:25] [Render thread/DEBUG] (FabricLoader/Mixin) fabric-lifecycle-events-v1.client.mixins.json:MinecraftClientMixin from mod fabric-lifecycle-events-v1->@Inject::onStart(Lorg/spongepowered/asm/mixin/injection/callback/CallbackInfo;)V doesn't use it's CallbackInfo
[22:23:25] [Render thread/DEBUG] (FabricLoader/Mixin) fabric-lifecycle-events-v1.client.mixins.json:MinecraftClientMixin from mod fabric-lifecycle-events-v1->@Inject::onStart(Lorg/spongepowered/asm/mixin/injection/callback/CallbackInfo;)V has 0 override(s) in child classes
[22:23:25] [Render thread/DEBUG] (FabricLoader/Mixin) fabric-lifecycle-events-v1.client.mixins.json:MinecraftClientMixin from mod fabric-lifecycle-events-v1->@Inject::onStart(Lorg/spongepowered/asm/mixin/injection/callback/CallbackInfo;)V won't be passed a CallbackInfo as a result
[22:23:25] [Render thread/DEBUG] (FabricLoader/Mixin) fabric-events-interaction-v0.client.mixins.json:MinecraftClientMixin from mod fabric-events-interaction-v0->@Inject::fabric_doItemPickWrapper(Lorg/spongepowered/asm/mixin/injection/callback/CallbackInfo;)V does use it's CallbackInfo
[22:23:25] [Render thread/DEBUG] (FabricLoader/Mixin) fabric-events-interaction-v0.client.mixins.json:MinecraftClientMixin from mod fabric-events-interaction-v0->@Inject::cancelItemPick(Lorg/spongepowered/asm/mixin/injection/callback/CallbackInfo;)V does use it's CallbackInfo
[22:23:25] [Render thread/DEBUG] (FabricLoader/Mixin) fabric-events-interaction-v0.client.mixins.json:MinecraftClientMixin from mod fabric-events-interaction-v0->@Inject::injectUseEntityCallback(Lorg/spongepowered/asm/mixin/injection/callback/CallbackInfo;[Lnet/minecraft/util/Hand;IILnet/minecraft/util/Hand;Lnet/minecraft/item/ItemStack;Lnet/minecraft/util/hit/EntityHitResult;Lnet/minecraft/entity/Entity;)V does use it's CallbackInfo
[22:23:25] [Render thread/DEBUG] (FabricLoader/Mixin) fabric-events-interaction-v0.client.mixins.json:MinecraftClientMixin from mod fabric-events-interaction-v0->@Inject::injectHandleInputEventsForPreAttackCallback(Lorg/spongepowered/asm/mixin/injection/callback/CallbackInfo;)V doesn't use it's CallbackInfo
[22:23:25] [Render thread/DEBUG] (FabricLoader/Mixin) fabric-events-interaction-v0.client.mixins.json:MinecraftClientMixin from mod fabric-events-interaction-v0->@Inject::injectHandleInputEventsForPreAttackCallback(Lorg/spongepowered/asm/mixin/injection/callback/CallbackInfo;)V has 0 override(s) in child classes
[22:23:25] [Render thread/DEBUG] (FabricLoader/Mixin) fabric-events-interaction-v0.client.mixins.json:MinecraftClientMixin from mod fabric-events-interaction-v0->@Inject::injectHandleInputEventsForPreAttackCallback(Lorg/spongepowered/asm/mixin/injection/callback/CallbackInfo;)V won't be passed a CallbackInfo as a result
[22:23:25] [Render thread/DEBUG] (FabricLoader/Mixin) fabric-events-interaction-v0.client.mixins.json:MinecraftClientMixin from mod fabric-events-interaction-v0->@Inject::injectDoAttackForCancelling(Lorg/spongepowered/asm/mixin/injection/callback/CallbackInfoReturnable;)V does use it's CallbackInfoReturnable
[22:23:25] [Render thread/DEBUG] (FabricLoader/Mixin) fabric-events-interaction-v0.client.mixins.json:MinecraftClientMixin from mod fabric-events-interaction-v0->@Inject::injectHandleBlockBreakingForCancelling(ZLorg/spongepowered/asm/mixin/injection/callback/CallbackInfo;)V does use it's CallbackInfo
[22:23:25] [Render thread/DEBUG] (FabricLoader/Mixin) fabric-registry-sync-v0.client.mixins.json:MinecraftClientMixin from mod fabric-registry-sync-v0->@Inject::disconnectAfter(Lnet/minecraft/client/gui/screen/Screen;ZLorg/spongepowered/asm/mixin/injection/callback/CallbackInfo;)V doesn't use it's CallbackInfo
[22:23:25] [Render thread/DEBUG] (FabricLoader/Mixin) fabric-registry-sync-v0.client.mixins.json:MinecraftClientMixin from mod fabric-registry-sync-v0->@Inject::disconnectAfter(Lnet/minecraft/client/gui/screen/Screen;ZLorg/spongepowered/asm/mixin/injection/callback/CallbackInfo;)V has 0 override(s) in child classes
[22:23:25] [Render thread/DEBUG] (FabricLoader/Mixin) fabric-registry-sync-v0.client.mixins.json:MinecraftClientMixin from mod fabric-registry-sync-v0->@Inject::disconnectAfter(Lnet/minecraft/client/gui/screen/Screen;ZLorg/spongepowered/asm/mixin/injection/callback/CallbackInfo;)V won't be passed a CallbackInfo as a result
[22:23:25] [Render thread/DEBUG] (FabricLoader/Mixin) fabric-registry-sync-v0.client.mixins.json:MinecraftClientMixin from mod fabric-registry-sync-v0->@Inject::onStart(Lorg/spongepowered/asm/mixin/injection/callback/CallbackInfo;)V doesn't use it's CallbackInfo
[22:23:25] [Render thread/DEBUG] (FabricLoader/Mixin) fabric-registry-sync-v0.client.mixins.json:MinecraftClientMixin from mod fabric-registry-sync-v0->@Inject::onStart(Lorg/spongepowered/asm/mixin/injection/callback/CallbackInfo;)V has 0 override(s) in child classes
[22:23:25] [Render thread/DEBUG] (FabricLoader/Mixin) fabric-registry-sync-v0.client.mixins.json:MinecraftClientMixin from mod fabric-registry-sync-v0->@Inject::onStart(Lorg/spongepowered/asm/mixin/injection/callback/CallbackInfo;)V won't be passed a CallbackInfo as a result
[22:23:25] [Render thread/DEBUG] (FabricLoader/Mixin) fabric-data-generation-api-v1.client.mixins.json:MinecraftClientMixin from mod fabric-data-generation-api-v1->@Inject::main(Lorg/spongepowered/asm/mixin/injection/callback/CallbackInfo;)V doesn't use it's CallbackInfo
[22:23:25] [Render thread/DEBUG] (FabricLoader/Mixin) fabric-data-generation-api-v1.client.mixins.json:MinecraftClientMixin from mod fabric-data-generation-api-v1->@Inject::main(Lorg/spongepowered/asm/mixin/injection/callback/CallbackInfo;)V has 0 override(s) in child classes
[22:23:25] [Render thread/DEBUG] (FabricLoader/Mixin) fabric-data-generation-api-v1.client.mixins.json:MinecraftClientMixin from mod fabric-data-generation-api-v1->@Inject::main(Lorg/spongepowered/asm/mixin/injection/callback/CallbackInfo;)V won't be passed a CallbackInfo as a result
[22:23:25] [Render thread/DEBUG] (FabricLoader/Mixin) Mixing ScreenAccessor from fabric-screen-api-v1.mixins.json into net.minecraft.client.gui.screen.Screen
[22:23:25] [Render thread/DEBUG] (FabricLoader/Mixin) fabric-screen-api-v1.mixins.json:ScreenAccessor from mod fabric-screen-api-v1: Class version 65 required is higher than the class version supported by the current version of Mixin (JAVA_17 supports class version 61)
[22:23:25] [Render thread/DEBUG] (FabricLoader/Mixin) Mixing ScreenMixin from fabric-screen-api-v1.mixins.json into net.minecraft.client.gui.screen.Screen
[22:23:25] [Render thread/DEBUG] (FabricLoader/Mixin) fabric-screen-api-v1.mixins.json:ScreenMixin from mod fabric-screen-api-v1: Class version 65 required is higher than the class version supported by the current version of Mixin (JAVA_17 supports class version 61)
[22:23:25] [Render thread/DEBUG] (FabricLoader/Mixin) Mixing TooltipMixin from BetterPlayerLocatorBar.mixins.json into net.minecraft.client.gui.screen.Screen
[22:23:25] [Render thread/DEBUG] (FabricLoader/Mixin) fabric-screen-api-v1.mixins.json:ScreenMixin from mod fabric-screen-api-v1->@Inject::beforeInitScreen(Lnet/minecraft/client/MinecraftClient;IILorg/spongepowered/asm/mixin/injection/callback/CallbackInfo;)V doesn't use it's CallbackInfo
[22:23:25] [Render thread/DEBUG] (FabricLoader/Mixin) fabric-screen-api-v1.mixins.json:ScreenMixin from mod fabric-screen-api-v1->@Inject::beforeInitScreen(Lnet/minecraft/client/MinecraftClient;IILorg/spongepowered/asm/mixin/injection/callback/CallbackInfo;)V has 0 override(s) in child classes
[22:23:25] [Render thread/DEBUG] (FabricLoader/Mixin) fabric-screen-api-v1.mixins.json:ScreenMixin from mod fabric-screen-api-v1->@Inject::beforeInitScreen(Lnet/minecraft/client/MinecraftClient;IILorg/spongepowered/asm/mixin/injection/callback/CallbackInfo;)V won't be passed a CallbackInfo as a result
[22:23:25] [Render thread/DEBUG] (FabricLoader/Mixin) fabric-screen-api-v1.mixins.json:ScreenMixin from mod fabric-screen-api-v1->@Inject::afterInitScreen(Lnet/minecraft/client/MinecraftClient;IILorg/spongepowered/asm/mixin/injection/callback/CallbackInfo;)V doesn't use it's CallbackInfo
[22:23:25] [Render thread/DEBUG] (FabricLoader/Mixin) fabric-screen-api-v1.mixins.json:ScreenMixin from mod fabric-screen-api-v1->@Inject::afterInitScreen(Lnet/minecraft/client/MinecraftClient;IILorg/spongepowered/asm/mixin/injection/callback/CallbackInfo;)V has 0 override(s) in child classes
[22:23:25] [Render thread/DEBUG] (FabricLoader/Mixin) fabric-screen-api-v1.mixins.json:ScreenMixin from mod fabric-screen-api-v1->@Inject::afterInitScreen(Lnet/minecraft/client/MinecraftClient;IILorg/spongepowered/asm/mixin/injection/callback/CallbackInfo;)V won't be passed a CallbackInfo as a result
[22:23:25] [Render thread/DEBUG] (FabricLoader/Mixin) fabric-screen-api-v1.mixins.json:ScreenMixin from mod fabric-screen-api-v1->@Inject::beforeResizeScreen(Lnet/minecraft/client/MinecraftClient;IILorg/spongepowered/asm/mixin/injection/callback/CallbackInfo;)V doesn't use it's CallbackInfo
[22:23:25] [Render thread/DEBUG] (FabricLoader/Mixin) fabric-screen-api-v1.mixins.json:ScreenMixin from mod fabric-screen-api-v1->@Inject::beforeResizeScreen(Lnet/minecraft/client/MinecraftClient;IILorg/spongepowered/asm/mixin/injection/callback/CallbackInfo;)V has 0 override(s) in child classes
[22:23:25] [Render thread/DEBUG] (FabricLoader/Mixin) fabric-screen-api-v1.mixins.json:ScreenMixin from mod fabric-screen-api-v1->@Inject::beforeResizeScreen(Lnet/minecraft/client/MinecraftClient;IILorg/spongepowered/asm/mixin/injection/callback/CallbackInfo;)V won't be passed a CallbackInfo as a result
[22:23:25] [Render thread/DEBUG] (FabricLoader/Mixin) fabric-screen-api-v1.mixins.json:ScreenMixin from mod fabric-screen-api-v1->@Inject::afterResizeScreen(Lnet/minecraft/client/MinecraftClient;IILorg/spongepowered/asm/mixin/injection/callback/CallbackInfo;)V doesn't use it's CallbackInfo
[22:23:25] [Render thread/DEBUG] (FabricLoader/Mixin) fabric-screen-api-v1.mixins.json:ScreenMixin from mod fabric-screen-api-v1->@Inject::afterResizeScreen(Lnet/minecraft/client/MinecraftClient;IILorg/spongepowered/asm/mixin/injection/callback/CallbackInfo;)V has 0 override(s) in child classes
[22:23:25] [Render thread/DEBUG] (FabricLoader/Mixin) fabric-screen-api-v1.mixins.json:ScreenMixin from mod fabric-screen-api-v1->@Inject::afterResizeScreen(Lnet/minecraft/client/MinecraftClient;IILorg/spongepowered/asm/mixin/injection/callback/CallbackInfo;)V won't be passed a CallbackInfo as a result
[22:23:25] [Render thread/DEBUG] (FabricLoader/Mixin) Mixing MixinTitleScreen from mixins.modmenu.json into net.minecraft.client.gui.screen.TitleScreen
[22:23:25] [Render thread/DEBUG] (FabricLoader/Mixin) mixins.modmenu.json:MixinTitleScreen from mod modmenu: Class version 65 required is higher than the class version supported by the current version of Mixin (JAVA_16 supports class version 60)
[22:23:25] [Render thread/DEBUG] (FabricLoader/Mixin) Mixing ClientWorldMixin from fabric-rendering-v1.mixins.json into net.minecraft.client.world.ClientWorld
[22:23:25] [Render thread/DEBUG] (FabricLoader/Mixin) fabric-rendering-v1.mixins.json:ClientWorldMixin from mod fabric-rendering-v1: Class version 65 required is higher than the class version supported by the current version of Mixin (JAVA_17 supports class version 61)
[22:23:25] [Render thread/DEBUG] (FabricLoader/Mixin) Renaming synthetic method lambda$new$1(Lnet/minecraft/world/biome/ColorResolver;)Lnet/minecraft/client/world/BiomeColorCache; to mda8b304$fabric-rendering-v1$lambda$new$1$0 in fabric-rendering-v1.mixins.json:ClientWorldMixin from mod fabric-rendering-v1
[22:23:25] [Render thread/DEBUG] (FabricLoader/Mixin) Renaming synthetic method lambda$new$0(Lnet/minecraft/world/biome/ColorResolver;Lnet/minecraft/util/math/BlockPos;)I to mda8b304$fabric-rendering-v1$lambda$new$0$1 in fabric-rendering-v1.mixins.json:ClientWorldMixin from mod fabric-rendering-v1
[22:23:25] [Render thread/DEBUG] (FabricLoader/Mixin) Mixing ClientWorldMixin from fabric-lifecycle-events-v1.client.mixins.json into net.minecraft.client.world.ClientWorld
[22:23:25] [Render thread/DEBUG] (FabricLoader/Mixin) fabric-lifecycle-events-v1.client.mixins.json:ClientWorldMixin from mod fabric-lifecycle-events-v1: Class version 65 required is higher than the class version supported by the current version of Mixin (JAVA_17 supports class version 61)
[22:23:25] [Render thread/DEBUG] (FabricLoader/Mixin) fabric-rendering-v1.mixins.json:ClientWorldMixin from mod fabric-rendering-v1->@Inject::onResetChunkColor(Lnet/minecraft/util/math/ChunkPos;Lorg/spongepowered/asm/mixin/injection/callback/CallbackInfo;)V doesn't use it's CallbackInfo
[22:23:25] [Render thread/DEBUG] (FabricLoader/Mixin) fabric-rendering-v1.mixins.json:ClientWorldMixin from mod fabric-rendering-v1->@Inject::onResetChunkColor(Lnet/minecraft/util/math/ChunkPos;Lorg/spongepowered/asm/mixin/injection/callback/CallbackInfo;)V has 0 override(s) in child classes
[22:23:25] [Render thread/DEBUG] (FabricLoader/Mixin) fabric-rendering-v1.mixins.json:ClientWorldMixin from mod fabric-rendering-v1->@Inject::onResetChunkColor(Lnet/minecraft/util/math/ChunkPos;Lorg/spongepowered/asm/mixin/injection/callback/CallbackInfo;)V won't be passed a CallbackInfo as a result
[22:23:25] [Render thread/DEBUG] (FabricLoader/Mixin) fabric-rendering-v1.mixins.json:ClientWorldMixin from mod fabric-rendering-v1->@Inject::onReloadColor(Lorg/spongepowered/asm/mixin/injection/callback/CallbackInfo;)V doesn't use it's CallbackInfo
[22:23:25] [Render thread/DEBUG] (FabricLoader/Mixin) fabric-rendering-v1.mixins.json:ClientWorldMixin from mod fabric-rendering-v1->@Inject::onReloadColor(Lorg/spongepowered/asm/mixin/injection/callback/CallbackInfo;)V has 0 override(s) in child classes
[22:23:25] [Render thread/DEBUG] (FabricLoader/Mixin) fabric-rendering-v1.mixins.json:ClientWorldMixin from mod fabric-rendering-v1->@Inject::onReloadColor(Lorg/spongepowered/asm/mixin/injection/callback/CallbackInfo;)V won't be passed a CallbackInfo as a result
[22:23:25] [Render thread/DEBUG] (FabricLoader/Mixin) fabric-lifecycle-events-v1.client.mixins.json:ClientWorldMixin from mod fabric-lifecycle-events-v1->@Inject::tickWorldAfterBlockEntities(Lorg/spongepowered/asm/mixin/injection/callback/CallbackInfo;)V doesn't use it's CallbackInfo
[22:23:25] [Render thread/DEBUG] (FabricLoader/Mixin) fabric-lifecycle-events-v1.client.mixins.json:ClientWorldMixin from mod fabric-lifecycle-events-v1->@Inject::tickWorldAfterBlockEntities(Lorg/spongepowered/asm/mixin/injection/callback/CallbackInfo;)V has 0 override(s) in child classes
[22:23:25] [Render thread/DEBUG] (FabricLoader/Mixin) fabric-lifecycle-events-v1.client.mixins.json:ClientWorldMixin from mod fabric-lifecycle-events-v1->@Inject::tickWorldAfterBlockEntities(Lorg/spongepowered/asm/mixin/injection/callback/CallbackInfo;)V won't be passed a CallbackInfo as a result
[22:23:25] [Render thread/DEBUG] (FabricLoader/Mixin) fabric-lifecycle-events-v1.client.mixins.json:ClientWorldMixin from mod fabric-lifecycle-events-v1->@Inject::startWorldTick(Lorg/spongepowered/asm/mixin/injection/callback/CallbackInfo;)V doesn't use it's CallbackInfo
[22:23:25] [Render thread/DEBUG] (FabricLoader/Mixin) fabric-lifecycle-events-v1.client.mixins.json:ClientWorldMixin from mod fabric-lifecycle-events-v1->@Inject::startWorldTick(Lorg/spongepowered/asm/mixin/injection/callback/CallbackInfo;)V has 0 override(s) in child classes
[22:23:25] [Render thread/DEBUG] (FabricLoader/Mixin) fabric-lifecycle-events-v1.client.mixins.json:ClientWorldMixin from mod fabric-lifecycle-events-v1->@Inject::startWorldTick(Lorg/spongepowered/asm/mixin/injection/callback/CallbackInfo;)V won't be passed a CallbackInfo as a result
[22:23:25] [Render thread/DEBUG] (FabricLoader/Mixin) Mixing elytra.ClientPlayerEntityMixin from fabric-entity-events-v1.client.mixins.json into net.minecraft.client.network.ClientPlayerEntity
[22:23:25] [Render thread/DEBUG] (FabricLoader/Mixin) fabric-entity-events-v1.client.mixins.json:elytra.ClientPlayerEntityMixin from mod fabric-entity-events-v1: Class version 65 required is higher than the class version supported by the current version of Mixin (JAVA_17 supports class version 61)
[22:23:25] [Render thread/DEBUG] (FabricLoader/Mixin) Mixing ClientPlayerEntityMixin from BetterPlayerLocatorBar.mixins.json into net.minecraft.client.network.ClientPlayerEntity
[22:23:25] [Render thread/DEBUG] (FabricLoader/Mixin) fabric-entity-events-v1.client.mixins.json:elytra.ClientPlayerEntityMixin from mod fabric-entity-events-v1->@Inject::injectElytraStart(Lorg/spongepowered/asm/mixin/injection/callback/CallbackInfo;)V doesn't use it's CallbackInfo
[22:23:25] [Render thread/DEBUG] (FabricLoader/Mixin) fabric-entity-events-v1.client.mixins.json:elytra.ClientPlayerEntityMixin from mod fabric-entity-events-v1->@Inject::injectElytraStart(Lorg/spongepowered/asm/mixin/injection/callback/CallbackInfo;)V has 0 override(s) in child classes
[22:23:25] [Render thread/DEBUG] (FabricLoader/Mixin) fabric-entity-events-v1.client.mixins.json:elytra.ClientPlayerEntityMixin from mod fabric-entity-events-v1->@Inject::injectElytraStart(Lorg/spongepowered/asm/mixin/injection/callback/CallbackInfo;)V won't be passed a CallbackInfo as a result
[22:23:25] [Render thread/DEBUG] (FabricLoader/Mixin) BetterPlayerLocatorBar.mixins.json:ClientPlayerEntityMixin from mod bplb->@Inject::onRequestRespawn(Lorg/spongepowered/asm/mixin/injection/callback/CallbackInfo;)V doesn't use it's CallbackInfo
[22:23:25] [Render thread/DEBUG] (FabricLoader/Mixin) BetterPlayerLocatorBar.mixins.json:ClientPlayerEntityMixin from mod bplb->@Inject::onRequestRespawn(Lorg/spongepowered/asm/mixin/injection/callback/CallbackInfo;)V has 0 override(s) in child classes
[22:23:25] [Render thread/DEBUG] (FabricLoader/Mixin) BetterPlayerLocatorBar.mixins.json:ClientPlayerEntityMixin from mod bplb->@Inject::onRequestRespawn(Lorg/spongepowered/asm/mixin/injection/callback/CallbackInfo;)V won't be passed a CallbackInfo as a result
[22:23:25] [Render thread/DEBUG] (FabricLoader/Mixin) Mixing MixinGameMenu from mixins.modmenu.json into net.minecraft.client.gui.screen.GameMenuScreen
[22:23:25] [Render thread/DEBUG] (FabricLoader/Mixin) mixins.modmenu.json:MixinGameMenu from mod modmenu: Class version 65 required is higher than the class version supported by the current version of Mixin (JAVA_16 supports class version 60)
[22:23:25] [Render thread/DEBUG] (FabricLoader/Mixin) Renaming synthetic method lambda$onInitWidgets$0(Lnet/minecraft/client/gui/widget/ButtonWidget;)V to mda8b304$modmenu$lambda$onInitWidgets$0$0 in mixins.modmenu.json:MixinGameMenu from mod modmenu
[22:23:25] [Render thread/DEBUG] (FabricLoader/Mixin) mixins.modmenu.json:MixinGameMenu from mod modmenu->@Inject::onInitWidgets(Lorg/spongepowered/asm/mixin/injection/callback/CallbackInfo;Lnet/minecraft/client/gui/widget/GridWidget;Lnet/minecraft/client/gui/widget/GridWidget$Adder;Lnet/minecraft/text/Text;)V doesn't use it's CallbackInfo
[22:23:25] [Render thread/DEBUG] (FabricLoader/Mixin) mixins.modmenu.json:MixinGameMenu from mod modmenu->@Inject::onInitWidgets(Lorg/spongepowered/asm/mixin/injection/callback/CallbackInfo;Lnet/minecraft/client/gui/widget/GridWidget;Lnet/minecraft/client/gui/widget/GridWidget$Adder;Lnet/minecraft/text/Text;)V has 0 override(s) in child classes
[22:23:25] [Render thread/DEBUG] (FabricLoader/Mixin) mixins.modmenu.json:MixinGameMenu from mod modmenu->@Inject::onInitWidgets(Lorg/spongepowered/asm/mixin/injection/callback/CallbackInfo;Lnet/minecraft/client/gui/widget/GridWidget;Lnet/minecraft/client/gui/widget/GridWidget$Adder;Lnet/minecraft/text/Text;)V won't be passed a CallbackInfo as a result
[22:23:25] [Render thread/DEBUG] (FabricLoader/Mixin) Mixing SinglePreparationResourceReloaderMixin from fabric-resource-conditions-api-v1.mixins.json into net.minecraft.resource.SinglePreparationResourceReloader
[22:23:25] [Render thread/DEBUG] (FabricLoader/Mixin) fabric-resource-conditions-api-v1.mixins.json:SinglePreparationResourceReloaderMixin from mod fabric-resource-conditions-api-v1: Class version 65 required is higher than the class version supported by the current version of Mixin (JAVA_17 supports class version 61)
[22:23:25] [Render thread/DEBUG] (FabricLoader/Mixin) fabric-resource-conditions-api-v1.mixins.json:SinglePreparationResourceReloaderMixin from mod fabric-resource-conditions-api-v1->@Inject::applyResourceConditions(Lnet/minecraft/resource/ResourceManager;Lnet/minecraft/util/profiler/Profiler;Ljava/lang/Object;Lorg/spongepowered/asm/mixin/injection/callback/CallbackInfo;)V doesn't use it's CallbackInfo
[22:23:25] [Render thread/DEBUG] (FabricLoader/Mixin) fabric-resource-conditions-api-v1.mixins.json:SinglePreparationResourceReloaderMixin from mod fabric-resource-conditions-api-v1->@Inject::applyResourceConditions(Lnet/minecraft/resource/ResourceManager;Lnet/minecraft/util/profiler/Profiler;Ljava/lang/Object;Lorg/spongepowered/asm/mixin/injection/callback/CallbackInfo;)V has 0 override(s) in child classes
[22:23:25] [Render thread/DEBUG] (FabricLoader/Mixin) fabric-resource-conditions-api-v1.mixins.json:SinglePreparationResourceReloaderMixin from mod fabric-resource-conditions-api-v1->@Inject::applyResourceConditions(Lnet/minecraft/resource/ResourceManager;Lnet/minecraft/util/profiler/Profiler;Ljava/lang/Object;Lorg/spongepowered/asm/mixin/injection/callback/CallbackInfo;)V won't be passed a CallbackInfo as a result
[22:23:25] [Render thread/DEBUG] (FabricLoader/Mixin) Mixing VanillaResourcePackProviderMixin from fabric-resource-loader-v0.client.mixins.json into net.minecraft.resource.VanillaResourcePackProvider
[22:23:25] [Render thread/DEBUG] (FabricLoader/Mixin) fabric-resource-loader-v0.client.mixins.json:VanillaResourcePackProviderMixin from mod fabric-resource-loader-v0: Class version 65 required is higher than the class version supported by the current version of Mixin (JAVA_17 supports class version 61)
[22:23:25] [Render thread/DEBUG] (FabricLoader/Mixin) fabric-resource-loader-v0.client.mixins.json:VanillaResourcePackProviderMixin from mod fabric-resource-loader-v0->@Inject::addBuiltinResourcePacks(Ljava/util/function/Consumer;Lorg/spongepowered/asm/mixin/injection/callback/CallbackInfo;)V doesn't use it's CallbackInfo
[22:23:25] [Render thread/DEBUG] (FabricLoader/Mixin) fabric-resource-loader-v0.client.mixins.json:VanillaResourcePackProviderMixin from mod fabric-resource-loader-v0->@Inject::addBuiltinResourcePacks(Ljava/util/function/Consumer;Lorg/spongepowered/asm/mixin/injection/callback/CallbackInfo;)V has 0 override(s) in child classes
[22:23:25] [Render thread/DEBUG] (FabricLoader/Mixin) fabric-resource-loader-v0.client.mixins.json:VanillaResourcePackProviderMixin from mod fabric-resource-loader-v0->@Inject::addBuiltinResourcePacks(Ljava/util/function/Consumer;Lorg/spongepowered/asm/mixin/injection/callback/CallbackInfo;)V won't be passed a CallbackInfo as a result
[22:23:25] [Render thread/DEBUG] (FabricLoader/Mixin) Mixing ResourcePackManagerMixin from fabric-resource-loader-v0.mixins.json into net.minecraft.resource.ResourcePackManager
[22:23:25] [Render thread/DEBUG] (FabricLoader/Mixin) fabric-resource-loader-v0.mixins.json:ResourcePackManagerMixin from mod fabric-resource-loader-v0: Class version 65 required is higher than the class version supported by the current version of Mixin (JAVA_17 supports class version 61)
[22:23:25] [Render thread/DEBUG] (FabricLoader/Mixin) Renaming synthetic method lambda$handleAutoDisable$0(Ljava/util/Set;Lnet/minecraft/resource/ResourcePackProfile;)Z to mda8b304$fabric-resource-loader-v0$lambda$handleAutoDisable$0$0 in fabric-resource-loader-v0.mixins.json:ResourcePackManagerMixin from mod fabric-resource-loader-v0
[22:23:25] [Render thread/DEBUG] (FabricLoader/Mixin) fabric-resource-loader-v0.mixins.json:ResourcePackManagerMixin from mod fabric-resource-loader-v0->@Inject::construct([Lnet/minecraft/resource/ResourcePackProvider;Lorg/spongepowered/asm/mixin/injection/callback/CallbackInfo;)V doesn't use it's CallbackInfo
[22:23:25] [Render thread/DEBUG] (FabricLoader/Mixin) fabric-resource-loader-v0.mixins.json:ResourcePackManagerMixin from mod fabric-resource-loader-v0->@Inject::construct([Lnet/minecraft/resource/ResourcePackProvider;Lorg/spongepowered/asm/mixin/injection/callback/CallbackInfo;)V has 0 override(s) in child classes
[22:23:25] [Render thread/DEBUG] (FabricLoader/Mixin) fabric-resource-loader-v0.mixins.json:ResourcePackManagerMixin from mod fabric-resource-loader-v0->@Inject::construct([Lnet/minecraft/resource/ResourcePackProvider;Lorg/spongepowered/asm/mixin/injection/callback/CallbackInfo;)V won't be passed a CallbackInfo as a result
[22:23:25] [Render thread/DEBUG] (FabricLoader/Mixin) fabric-resource-loader-v0.mixins.json:ResourcePackManagerMixin from mod fabric-resource-loader-v0->@Inject::handleAutoEnableDisable(Ljava/util/Collection;Lorg/spongepowered/asm/mixin/injection/callback/CallbackInfoReturnable;)V doesn't use it's CallbackInfoReturnable
[22:23:25] [Render thread/DEBUG] (FabricLoader/Mixin) fabric-resource-loader-v0.mixins.json:ResourcePackManagerMixin from mod fabric-resource-loader-v0->@Inject::handleAutoEnableDisable(Ljava/util/Collection;Lorg/spongepowered/asm/mixin/injection/callback/CallbackInfoReturnable;)V has 0 override(s) in child classes
[22:23:25] [Render thread/DEBUG] (FabricLoader/Mixin) fabric-resource-loader-v0.mixins.json:ResourcePackManagerMixin from mod fabric-resource-loader-v0->@Inject::handleAutoEnableDisable(Ljava/util/Collection;Lorg/spongepowered/asm/mixin/injection/callback/CallbackInfoReturnable;)V won't be passed a CallbackInfoReturnable as a result
[22:23:25] [Render thread/DEBUG] (FabricLoader/Mixin) fabric-resource-loader-v0.mixins.json:ResourcePackManagerMixin from mod fabric-resource-loader-v0->@Inject::handleAutoEnable(Ljava/lang/String;Lorg/spongepowered/asm/mixin/injection/callback/CallbackInfoReturnable;)V doesn't use it's CallbackInfoReturnable
[22:23:25] [Render thread/DEBUG] (FabricLoader/Mixin) fabric-resource-loader-v0.mixins.json:ResourcePackManagerMixin from mod fabric-resource-loader-v0->@Inject::handleAutoEnable(Ljava/lang/String;Lorg/spongepowered/asm/mixin/injection/callback/CallbackInfoReturnable;)V has 0 override(s) in child classes
[22:23:25] [Render thread/DEBUG] (FabricLoader/Mixin) fabric-resource-loader-v0.mixins.json:ResourcePackManagerMixin from mod fabric-resource-loader-v0->@Inject::handleAutoEnable(Ljava/lang/String;Lorg/spongepowered/asm/mixin/injection/callback/CallbackInfoReturnable;)V won't be passed a CallbackInfoReturnable as a result
[22:23:25] [Render thread/DEBUG] (FabricLoader/Mixin) fabric-resource-loader-v0.mixins.json:ResourcePackManagerMixin from mod fabric-resource-loader-v0->@Inject::handleAutoDisable(Ljava/lang/String;Lorg/spongepowered/asm/mixin/injection/callback/CallbackInfoReturnable;)V doesn't use it's CallbackInfoReturnable
[22:23:25] [Render thread/DEBUG] (FabricLoader/Mixin) fabric-resource-loader-v0.mixins.json:ResourcePackManagerMixin from mod fabric-resource-loader-v0->@Inject::handleAutoDisable(Ljava/lang/String;Lorg/spongepowered/asm/mixin/injection/callback/CallbackInfoReturnable;)V has 0 override(s) in child classes
[22:23:25] [Render thread/DEBUG] (FabricLoader/Mixin) fabric-resource-loader-v0.mixins.json:ResourcePackManagerMixin from mod fabric-resource-loader-v0->@Inject::handleAutoDisable(Ljava/lang/String;Lorg/spongepowered/asm/mixin/injection/callback/CallbackInfoReturnable;)V won't be passed a CallbackInfoReturnable as a result
[22:23:25] [Render thread/INFO] (com.mojang.authlib.yggdrasil.YggdrasilAuthenticationService) Environment: Environment[sessionHost=https://sessionserver.mojang.com, servicesHost=https://api.minecraftservices.com, name=PROD]
[22:23:25] [Yggdrasil Key Fetcher/DEBUG] (com.mojang.authlib.minecraft.client.MinecraftClient) Connecting to https://api.minecraftservices.com/publickeys
[22:23:25] [Download-1/DEBUG] (com.mojang.authlib.minecraft.client.MinecraftClient) Connecting to https://sessionserver.mojang.com/session/minecraft/profile/3c098a0304cc31fd856fbe4ccab4daf7?unsigned=false
[22:23:25] [Render thread/INFO] (net.minecraft.client.MinecraftClient) Setting user: Player500
[22:23:25] [Render thread/DEBUG] (FabricLoader/Mixin) Mixing KeyBindingAccessor from fabric-events-interaction-v0.client.mixins.json into net.minecraft.client.option.KeyBinding
[22:23:25] [Render thread/DEBUG] (FabricLoader/Mixin) fabric-events-interaction-v0.client.mixins.json:KeyBindingAccessor from mod fabric-events-interaction-v0: Class version 65 required is higher than the class version supported by the current version of Mixin (JAVA_17 supports class version 61)
[22:23:25] [Render thread/DEBUG] (FabricLoader/Mixin) Mixing KeyBindingAccessor from fabric-key-binding-api-v1.mixins.json into net.minecraft.client.option.KeyBinding
[22:23:25] [Render thread/DEBUG] (FabricLoader/Mixin) fabric-key-binding-api-v1.mixins.json:KeyBindingAccessor from mod fabric-key-binding-api-v1: Class version 65 required is higher than the class version supported by the current version of Mixin (JAVA_17 supports class version 61)
[22:23:25] [Render thread/DEBUG] (FabricLoader/Mixin) Renaming @Accessor method fabric_getCategoryMap()Ljava/util/Map; to fabric_getCategoryMap$fabric-key-binding-api-v1_$md$a8b304$0 in fabric-key-binding-api-v1.mixins.json:KeyBindingAccessor from mod fabric-key-binding-api-v1
[22:23:25] [Render thread/DEBUG] (FabricLoader/Entrypoint) Iterating over entrypoint 'main'
[22:23:25] [Render thread/DEBUG] (FabricLoader/Mixin) Mixing MinecraftServer_pingPlayerSampleLimit from carpet.mixins.json into net.minecraft.server.MinecraftServer
[22:23:25] [Render thread/DEBUG] (FabricLoader/Mixin) carpet.mixins.json:MinecraftServer_pingPlayerSampleLimit from mod carpet: Class version 65 required is higher than the class version supported by the current version of Mixin (JAVA_17 supports class version 61)
[22:23:25] [Render thread/DEBUG] (FabricLoader/Mixin) Mixing MinecraftServer_coreMixin from carpet.mixins.json into net.minecraft.server.MinecraftServer
[22:23:25] [Render thread/DEBUG] (FabricLoader/Mixin) carpet.mixins.json:MinecraftServer_coreMixin from mod carpet: Class version 65 required is higher than the class version supported by the current version of Mixin (JAVA_17 supports class version 61)
[22:23:25] [Render thread/DEBUG] (FabricLoader/Mixin) Mixing MinecraftServer_scarpetMixin from carpet.mixins.json into net.minecraft.server.MinecraftServer
[22:23:25] [Render thread/DEBUG] (FabricLoader/Mixin) carpet.mixins.json:MinecraftServer_scarpetMixin from mod carpet: Class version 65 required is higher than the class version supported by the current version of Mixin (JAVA_17 supports class version 61)
[22:23:25] [Render thread/DEBUG] (FabricLoader/Mixin) Mixing MinecraftServerMixin from fabric-lifecycle-events-v1.mixins.json into net.minecraft.server.MinecraftServer
[22:23:25] [Render thread/DEBUG] (FabricLoader/Mixin) fabric-lifecycle-events-v1.mixins.json:MinecraftServerMixin from mod fabric-lifecycle-events-v1: Class version 65 required is higher than the class version supported by the current version of Mixin (JAVA_17 supports class version 61)
[22:23:25] [Render thread/DEBUG] (FabricLoader/Mixin) Renaming synthetic method lambda$endResourceReload$0(Ljava/lang/Void;Ljava/lang/Throwable;)Ljava/lang/Void; to mda8b304$fabric-lifecycle-events-v1$lambda$endResourceReload$0$0 in fabric-lifecycle-events-v1.mixins.json:MinecraftServerMixin from mod fabric-lifecycle-events-v1
[22:23:25] [Render thread/DEBUG] (FabricLoader/Mixin) Mixing MinecraftServerMixin from fabric-gametest-api-v1.mixins.json into net.minecraft.server.MinecraftServer
[22:23:25] [Render thread/DEBUG] (FabricLoader/Mixin) fabric-gametest-api-v1.mixins.json:MinecraftServerMixin from mod fabric-gametest-api-v1: Class version 65 required is higher than the class version supported by the current version of Mixin (JAVA_17 supports class version 61)
[22:23:25] [Render thread/DEBUG] (FabricLoader/Mixin) Mixing MinecraftServerMixin from fabric-registry-sync-v0.mixins.json into net.minecraft.server.MinecraftServer
[22:23:25] [Render thread/DEBUG] (FabricLoader/Mixin) fabric-registry-sync-v0.mixins.json:MinecraftServerMixin from mod fabric-registry-sync-v0: Class version 65 required is higher than the class version supported by the current version of Mixin (JAVA_17 supports class version 61)
[22:23:25] [Render thread/DEBUG] (FabricLoader/Mixin) Mixing MinecraftServerMixin from fabric-resource-loader-v0.mixins.json into net.minecraft.server.MinecraftServer
[22:23:25] [Render thread/DEBUG] (FabricLoader/Mixin) fabric-resource-loader-v0.mixins.json:MinecraftServerMixin from mod fabric-resource-loader-v0: Class version 65 required is higher than the class version supported by the current version of Mixin (JAVA_17 supports class version 61)
[22:23:25] [Render thread/DEBUG] (FabricLoader/Mixin) Renaming synthetic method lambda$init$0(Lnet/minecraft/resource/ResourcePack;)Ljava/util/stream/Stream; to mda8b304$fabric-resource-loader-v0$lambda$init$0$1 in fabric-resource-loader-v0.mixins.json:MinecraftServerMixin from mod fabric-resource-loader-v0
[22:23:25] [Render thread/DEBUG] (FabricLoader/Mixin) Mixing MinecraftServerMixin from fabric-message-api-v1.mixins.json into net.minecraft.server.MinecraftServer
[22:23:25] [Render thread/DEBUG] (FabricLoader/Mixin) fabric-message-api-v1.mixins.json:MinecraftServerMixin from mod fabric-message-api-v1: Class version 65 required is higher than the class version supported by the current version of Mixin (JAVA_17 supports class version 61)
[22:23:25] [Render thread/DEBUG] (FabricLoader/Mixin) Renaming synthetic method lambda$onGetChatDecorator$0(Lnet/minecraft/server/network/ServerPlayerEntity;Lnet/minecraft/text/Text;)Lnet/minecraft/text/Text; to mda8b304$fabric-message-api-v1$lambda$onGetChatDecorator$0$2 in fabric-message-api-v1.mixins.json:MinecraftServerMixin from mod fabric-message-api-v1
[22:23:25] [Render thread/DEBUG] (FabricLoader/Mixin) Mixing modification.MinecraftServerMixin from fabric-biome-api-v1.mixins.json into net.minecraft.server.MinecraftServer
[22:23:25] [Render thread/DEBUG] (FabricLoader/Mixin) fabric-biome-api-v1.mixins.json:modification.MinecraftServerMixin from mod fabric-biome-api-v1: Class version 65 required is higher than the class version supported by the current version of Mixin (JAVA_17 supports class version 61)
[22:23:25] [Render thread/DEBUG] (FabricLoader/Mixin) Mixing MinecraftServer_tickspeedMixin from carpet.mixins.json into net.minecraft.server.MinecraftServer
[22:23:25] [Render thread/DEBUG] (FabricLoader/Mixin) carpet.mixins.json:MinecraftServer_tickspeedMixin from mod carpet: Class version 65 required is higher than the class version supported by the current version of Mixin (JAVA_17 supports class version 61)
[22:23:25] [Render thread/DEBUG] (FabricLoader/Mixin) Discarding sythetic bridge method synthetic in send because existing method in carpet.mixins.json:MinecraftServer_tickspeedMixin from mod carpet is compatible
[22:23:25] [Render thread/DEBUG] (FabricLoader/Mixin) carpet.mixins.json:MinecraftServer_coreMixin from mod carpet->@Inject::onTick(Ljava/util/function/BooleanSupplier;Lorg/spongepowered/asm/mixin/injection/callback/CallbackInfo;)V doesn't use it's CallbackInfo
[22:23:25] [Render thread/DEBUG] (FabricLoader/Mixin) carpet.mixins.json:MinecraftServer_coreMixin from mod carpet->@Inject::onTick(Ljava/util/function/BooleanSupplier;Lorg/spongepowered/asm/mixin/injection/callback/CallbackInfo;)V has 0 override(s) in child classes
[22:23:25] [Render thread/DEBUG] (FabricLoader/Mixin) carpet.mixins.json:MinecraftServer_coreMixin from mod carpet->@Inject::onTick(Ljava/util/function/BooleanSupplier;Lorg/spongepowered/asm/mixin/injection/callback/CallbackInfo;)V won't be passed a CallbackInfo as a result
[22:23:25] [Render thread/DEBUG] (FabricLoader/Mixin) carpet.mixins.json:MinecraftServer_coreMixin from mod carpet->@Inject::serverLoaded(Lorg/spongepowered/asm/mixin/injection/callback/CallbackInfo;)V doesn't use it's CallbackInfo
[22:23:25] [Render thread/DEBUG] (FabricLoader/Mixin) carpet.mixins.json:MinecraftServer_coreMixin from mod carpet->@Inject::serverLoaded(Lorg/spongepowered/asm/mixin/injection/callback/CallbackInfo;)V has 0 override(s) in child classes
[22:23:25] [Render thread/DEBUG] (FabricLoader/Mixin) carpet.mixins.json:MinecraftServer_coreMixin from mod carpet->@Inject::serverLoaded(Lorg/spongepowered/asm/mixin/injection/callback/CallbackInfo;)V won't be passed a CallbackInfo as a result
[22:23:25] [Render thread/DEBUG] (FabricLoader/Mixin) carpet.mixins.json:MinecraftServer_coreMixin from mod carpet->@Inject::serverLoadedWorlds(Lorg/spongepowered/asm/mixin/injection/callback/CallbackInfo;)V doesn't use it's CallbackInfo
[22:23:25] [Render thread/DEBUG] (FabricLoader/Mixin) carpet.mixins.json:MinecraftServer_coreMixin from mod carpet->@Inject::serverLoadedWorlds(Lorg/spongepowered/asm/mixin/injection/callback/CallbackInfo;)V has 0 override(s) in child classes
[22:23:25] [Render thread/DEBUG] (FabricLoader/Mixin) carpet.mixins.json:MinecraftServer_coreMixin from mod carpet->@Inject::serverLoadedWorlds(Lorg/spongepowered/asm/mixin/injection/callback/CallbackInfo;)V won't be passed a CallbackInfo as a result
[22:23:25] [Render thread/DEBUG] (FabricLoader/Mixin) carpet.mixins.json:MinecraftServer_coreMixin from mod carpet->@Inject::serverClosed(Lorg/spongepowered/asm/mixin/injection/callback/CallbackInfo;)V doesn't use it's CallbackInfo
[22:23:25] [Render thread/DEBUG] (FabricLoader/Mixin) carpet.mixins.json:MinecraftServer_coreMixin from mod carpet->@Inject::serverClosed(Lorg/spongepowered/asm/mixin/injection/callback/CallbackInfo;)V has 0 override(s) in child classes
[22:23:25] [Render thread/DEBUG] (FabricLoader/Mixin) carpet.mixins.json:MinecraftServer_coreMixin from mod carpet->@Inject::serverClosed(Lorg/spongepowered/asm/mixin/injection/callback/CallbackInfo;)V won't be passed a CallbackInfo as a result
[22:23:25] [Render thread/DEBUG] (FabricLoader/Mixin) carpet.mixins.json:MinecraftServer_coreMixin from mod carpet->@Inject::serverDoneClosed(Lorg/spongepowered/asm/mixin/injection/callback/CallbackInfo;)V doesn't use it's CallbackInfo
[22:23:25] [Render thread/DEBUG] (FabricLoader/Mixin) carpet.mixins.json:MinecraftServer_coreMixin from mod carpet->@Inject::serverDoneClosed(Lorg/spongepowered/asm/mixin/injection/callback/CallbackInfo;)V has 0 override(s) in child classes
[22:23:25] [Render thread/DEBUG] (FabricLoader/Mixin) carpet.mixins.json:MinecraftServer_coreMixin from mod carpet->@Inject::serverDoneClosed(Lorg/spongepowered/asm/mixin/injection/callback/CallbackInfo;)V won't be passed a CallbackInfo as a result
[22:23:25] [Render thread/DEBUG] (FabricLoader/Mixin) carpet.mixins.json:MinecraftServer_scarpetMixin from mod carpet->@Inject::tickTasks(Ljava/util/function/BooleanSupplier;Lorg/spongepowered/asm/mixin/injection/callback/CallbackInfo;)V doesn't use it's CallbackInfo
[22:23:25] [Render thread/DEBUG] (FabricLoader/Mixin) carpet.mixins.json:MinecraftServer_scarpetMixin from mod carpet->@Inject::tickTasks(Ljava/util/function/BooleanSupplier;Lorg/spongepowered/asm/mixin/injection/callback/CallbackInfo;)V has 0 override(s) in child classes
[22:23:25] [Render thread/DEBUG] (FabricLoader/Mixin) carpet.mixins.json:MinecraftServer_scarpetMixin from mod carpet->@Inject::tickTasks(Ljava/util/function/BooleanSupplier;Lorg/spongepowered/asm/mixin/injection/callback/CallbackInfo;)V won't be passed a CallbackInfo as a result
[22:23:25] [Render thread/DEBUG] (FabricLoader/Mixin) fabric-lifecycle-events-v1.mixins.json:MinecraftServerMixin from mod fabric-lifecycle-events-v1->@Inject::beforeSetupServer(Lorg/spongepowered/asm/mixin/injection/callback/CallbackInfo;)V doesn't use it's CallbackInfo
[22:23:25] [Render thread/DEBUG] (FabricLoader/Mixin) fabric-lifecycle-events-v1.mixins.json:MinecraftServerMixin from mod fabric-lifecycle-events-v1->@Inject::beforeSetupServer(Lorg/spongepowered/asm/mixin/injection/callback/CallbackInfo;)V has 0 override(s) in child classes
[22:23:25] [Render thread/DEBUG] (FabricLoader/Mixin) fabric-lifecycle-events-v1.mixins.json:MinecraftServerMixin from mod fabric-lifecycle-events-v1->@Inject::beforeSetupServer(Lorg/spongepowered/asm/mixin/injection/callback/CallbackInfo;)V won't be passed a CallbackInfo as a result
[22:23:25] [Render thread/DEBUG] (FabricLoader/Mixin) fabric-lifecycle-events-v1.mixins.json:MinecraftServerMixin from mod fabric-lifecycle-events-v1->@Inject::afterSetupServer(Lorg/spongepowered/asm/mixin/injection/callback/CallbackInfo;)V doesn't use it's CallbackInfo
[22:23:25] [Render thread/DEBUG] (FabricLoader/Mixin) fabric-lifecycle-events-v1.mixins.json:MinecraftServerMixin from mod fabric-lifecycle-events-v1->@Inject::afterSetupServer(Lorg/spongepowered/asm/mixin/injection/callback/CallbackInfo;)V has 0 override(s) in child classes
[22:23:25] [Render thread/DEBUG] (FabricLoader/Mixin) fabric-lifecycle-events-v1.mixins.json:MinecraftServerMixin from mod fabric-lifecycle-events-v1->@Inject::afterSetupServer(Lorg/spongepowered/asm/mixin/injection/callback/CallbackInfo;)V won't be passed a CallbackInfo as a result
[22:23:25] [Render thread/DEBUG] (FabricLoader/Mixin) fabric-lifecycle-events-v1.mixins.json:MinecraftServerMixin from mod fabric-lifecycle-events-v1->@Inject::beforeShutdownServer(Lorg/spongepowered/asm/mixin/injection/callback/CallbackInfo;)V doesn't use it's CallbackInfo
[22:23:25] [Render thread/DEBUG] (FabricLoader/Mixin) fabric-lifecycle-events-v1.mixins.json:MinecraftServerMixin from mod fabric-lifecycle-events-v1->@Inject::beforeShutdownServer(Lorg/spongepowered/asm/mixin/injection/callback/CallbackInfo;)V has 0 override(s) in child classes
[22:23:25] [Render thread/DEBUG] (FabricLoader/Mixin) fabric-lifecycle-events-v1.mixins.json:MinecraftServerMixin from mod fabric-lifecycle-events-v1->@Inject::beforeShutdownServer(Lorg/spongepowered/asm/mixin/injection/callback/CallbackInfo;)V won't be passed a CallbackInfo as a result
[22:23:25] [Render thread/DEBUG] (FabricLoader/Mixin) fabric-lifecycle-events-v1.mixins.json:MinecraftServerMixin from mod fabric-lifecycle-events-v1->@Inject::afterShutdownServer(Lorg/spongepowered/asm/mixin/injection/callback/CallbackInfo;)V doesn't use it's CallbackInfo
[22:23:25] [Render thread/DEBUG] (FabricLoader/Mixin) fabric-lifecycle-events-v1.mixins.json:MinecraftServerMixin from mod fabric-lifecycle-events-v1->@Inject::afterShutdownServer(Lorg/spongepowered/asm/mixin/injection/callback/CallbackInfo;)V has 0 override(s) in child classes
[22:23:25] [Render thread/DEBUG] (FabricLoader/Mixin) fabric-lifecycle-events-v1.mixins.json:MinecraftServerMixin from mod fabric-lifecycle-events-v1->@Inject::afterShutdownServer(Lorg/spongepowered/asm/mixin/injection/callback/CallbackInfo;)V won't be passed a CallbackInfo as a result
[22:23:25] [Render thread/DEBUG] (FabricLoader/Mixin) fabric-lifecycle-events-v1.mixins.json:MinecraftServerMixin from mod fabric-lifecycle-events-v1->@Inject::onStartTick(Ljava/util/function/BooleanSupplier;Lorg/spongepowered/asm/mixin/injection/callback/CallbackInfo;)V doesn't use it's CallbackInfo
[22:23:25] [Render thread/DEBUG] (FabricLoader/Mixin) fabric-lifecycle-events-v1.mixins.json:MinecraftServerMixin from mod fabric-lifecycle-events-v1->@Inject::onStartTick(Ljava/util/function/BooleanSupplier;Lorg/spongepowered/asm/mixin/injection/callback/CallbackInfo;)V has 0 override(s) in child classes
[22:23:25] [Render thread/DEBUG] (FabricLoader/Mixin) fabric-lifecycle-events-v1.mixins.json:MinecraftServerMixin from mod fabric-lifecycle-events-v1->@Inject::onStartTick(Ljava/util/function/BooleanSupplier;Lorg/spongepowered/asm/mixin/injection/callback/CallbackInfo;)V won't be passed a CallbackInfo as a result
[22:23:25] [Render thread/DEBUG] (FabricLoader/Mixin) fabric-lifecycle-events-v1.mixins.json:MinecraftServerMixin from mod fabric-lifecycle-events-v1->@Inject::onEndTick(Ljava/util/function/BooleanSupplier;Lorg/spongepowered/asm/mixin/injection/callback/CallbackInfo;)V doesn't use it's CallbackInfo
[22:23:25] [Render thread/DEBUG] (FabricLoader/Mixin) fabric-lifecycle-events-v1.mixins.json:MinecraftServerMixin from mod fabric-lifecycle-events-v1->@Inject::onEndTick(Ljava/util/function/BooleanSupplier;Lorg/spongepowered/asm/mixin/injection/callback/CallbackInfo;)V has 0 override(s) in child classes
[22:23:25] [Render thread/DEBUG] (FabricLoader/Mixin) fabric-lifecycle-events-v1.mixins.json:MinecraftServerMixin from mod fabric-lifecycle-events-v1->@Inject::onEndTick(Ljava/util/function/BooleanSupplier;Lorg/spongepowered/asm/mixin/injection/callback/CallbackInfo;)V won't be passed a CallbackInfo as a result
[22:23:25] [Render thread/DEBUG] (FabricLoader/Mixin) fabric-lifecycle-events-v1.mixins.json:MinecraftServerMixin from mod fabric-lifecycle-events-v1->@Inject::onUnloadWorldAtShutdown(Lorg/spongepowered/asm/mixin/injection/callback/CallbackInfo;Ljava/util/Iterator;Lnet/minecraft/server/world/ServerWorld;)V doesn't use it's CallbackInfo
[22:23:25] [Render thread/DEBUG] (FabricLoader/Mixin) fabric-lifecycle-events-v1.mixins.json:MinecraftServerMixin from mod fabric-lifecycle-events-v1->@Inject::onUnloadWorldAtShutdown(Lorg/spongepowered/asm/mixin/injection/callback/CallbackInfo;Ljava/util/Iterator;Lnet/minecraft/server/world/ServerWorld;)V has 0 override(s) in child classes
[22:23:25] [Render thread/DEBUG] (FabricLoader/Mixin) fabric-lifecycle-events-v1.mixins.json:MinecraftServerMixin from mod fabric-lifecycle-events-v1->@Inject::onUnloadWorldAtShutdown(Lorg/spongepowered/asm/mixin/injection/callback/CallbackInfo;Ljava/util/Iterator;Lnet/minecraft/server/world/ServerWorld;)V won't be passed a CallbackInfo as a result
[22:23:25] [Render thread/DEBUG] (FabricLoader/Mixin) fabric-lifecycle-events-v1.mixins.json:MinecraftServerMixin from mod fabric-lifecycle-events-v1->@Inject::startResourceReload(Ljava/util/Collection;Lorg/spongepowered/asm/mixin/injection/callback/CallbackInfoReturnable;)V doesn't use it's CallbackInfoReturnable
[22:23:25] [Render thread/DEBUG] (FabricLoader/Mixin) fabric-lifecycle-events-v1.mixins.json:MinecraftServerMixin from mod fabric-lifecycle-events-v1->@Inject::startResourceReload(Ljava/util/Collection;Lorg/spongepowered/asm/mixin/injection/callback/CallbackInfoReturnable;)V has 0 override(s) in child classes
[22:23:25] [Render thread/DEBUG] (FabricLoader/Mixin) fabric-lifecycle-events-v1.mixins.json:MinecraftServerMixin from mod fabric-lifecycle-events-v1->@Inject::startResourceReload(Ljava/util/Collection;Lorg/spongepowered/asm/mixin/injection/callback/CallbackInfoReturnable;)V won't be passed a CallbackInfoReturnable as a result
[22:23:25] [Render thread/DEBUG] (FabricLoader/Mixin) fabric-lifecycle-events-v1.mixins.json:MinecraftServerMixin from mod fabric-lifecycle-events-v1->@Inject::endResourceReload(Ljava/util/Collection;Lorg/spongepowered/asm/mixin/injection/callback/CallbackInfoReturnable;)V does use it's CallbackInfoReturnable
[22:23:25] [Render thread/DEBUG] (FabricLoader/Mixin) fabric-lifecycle-events-v1.mixins.json:MinecraftServerMixin from mod fabric-lifecycle-events-v1->@Inject::startSave(ZZZLorg/spongepowered/asm/mixin/injection/callback/CallbackInfoReturnable;)V doesn't use it's CallbackInfoReturnable
[22:23:25] [Render thread/DEBUG] (FabricLoader/Mixin) fabric-lifecycle-events-v1.mixins.json:MinecraftServerMixin from mod fabric-lifecycle-events-v1->@Inject::startSave(ZZZLorg/spongepowered/asm/mixin/injection/callback/CallbackInfoReturnable;)V has 0 override(s) in child classes
[22:23:25] [Render thread/DEBUG] (FabricLoader/Mixin) fabric-lifecycle-events-v1.mixins.json:MinecraftServerMixin from mod fabric-lifecycle-events-v1->@Inject::startSave(ZZZLorg/spongepowered/asm/mixin/injection/callback/CallbackInfoReturnable;)V won't be passed a CallbackInfoReturnable as a result
[22:23:25] [Render thread/DEBUG] (FabricLoader/Mixin) fabric-lifecycle-events-v1.mixins.json:MinecraftServerMixin from mod fabric-lifecycle-events-v1->@Inject::endSave(ZZZLorg/spongepowered/asm/mixin/injection/callback/CallbackInfoReturnable;)V doesn't use it's CallbackInfoReturnable
[22:23:25] [Render thread/DEBUG] (FabricLoader/Mixin) fabric-lifecycle-events-v1.mixins.json:MinecraftServerMixin from mod fabric-lifecycle-events-v1->@Inject::endSave(ZZZLorg/spongepowered/asm/mixin/injection/callback/CallbackInfoReturnable;)V has 0 override(s) in child classes
[22:23:25] [Render thread/DEBUG] (FabricLoader/Mixin) fabric-lifecycle-events-v1.mixins.json:MinecraftServerMixin from mod fabric-lifecycle-events-v1->@Inject::endSave(ZZZLorg/spongepowered/asm/mixin/injection/callback/CallbackInfoReturnable;)V won't be passed a CallbackInfoReturnable as a result
[22:23:25] [Render thread/DEBUG] (FabricLoader/Mixin) fabric-gametest-api-v1.mixins.json:MinecraftServerMixin from mod fabric-gametest-api-v1->@Inject::tickWorlds(Ljava/util/function/BooleanSupplier;Lorg/spongepowered/asm/mixin/injection/callback/CallbackInfo;)V doesn't use it's CallbackInfo
[22:23:25] [Render thread/DEBUG] (FabricLoader/Mixin) fabric-gametest-api-v1.mixins.json:MinecraftServerMixin from mod fabric-gametest-api-v1->@Inject::tickWorlds(Ljava/util/function/BooleanSupplier;Lorg/spongepowered/asm/mixin/injection/callback/CallbackInfo;)V has 0 override(s) in child classes
[22:23:25] [Render thread/DEBUG] (FabricLoader/Mixin) fabric-gametest-api-v1.mixins.json:MinecraftServerMixin from mod fabric-gametest-api-v1->@Inject::tickWorlds(Ljava/util/function/BooleanSupplier;Lorg/spongepowered/asm/mixin/injection/callback/CallbackInfo;)V won't be passed a CallbackInfo as a result
[22:23:25] [Render thread/DEBUG] (FabricLoader/Mixin) fabric-registry-sync-v0.mixins.json:MinecraftServerMixin from mod fabric-registry-sync-v0->@Inject::beforeSetupServer(Lorg/spongepowered/asm/mixin/injection/callback/CallbackInfo;)V doesn't use it's CallbackInfo
[22:23:25] [Render thread/DEBUG] (FabricLoader/Mixin) fabric-registry-sync-v0.mixins.json:MinecraftServerMixin from mod fabric-registry-sync-v0->@Inject::beforeSetupServer(Lorg/spongepowered/asm/mixin/injection/callback/CallbackInfo;)V has 0 override(s) in child classes
[22:23:25] [Render thread/DEBUG] (FabricLoader/Mixin) fabric-registry-sync-v0.mixins.json:MinecraftServerMixin from mod fabric-registry-sync-v0->@Inject::beforeSetupServer(Lorg/spongepowered/asm/mixin/injection/callback/CallbackInfo;)V won't be passed a CallbackInfo as a result
[22:23:25] [Render thread/DEBUG] (FabricLoader/Mixin) fabric-resource-loader-v0.mixins.json:MinecraftServerMixin from mod fabric-resource-loader-v0->@Inject::init(Ljava/lang/Thread;Lnet/minecraft/world/level/storage/LevelStorage$Session;Lnet/minecraft/resource/ResourcePackManager;Lnet/minecraft/server/SaveLoader;Ljava/net/Proxy;Lcom/mojang/datafixers/DataFixer;Lnet/minecraft/util/ApiServices;Lnet/minecraft/server/WorldGenerationProgressListenerFactory;Lorg/spongepowered/asm/mixin/injection/callback/CallbackInfo;)V doesn't use it's CallbackInfo
[22:23:25] [Render thread/DEBUG] (FabricLoader/Mixin) fabric-resource-loader-v0.mixins.json:MinecraftServerMixin from mod fabric-resource-loader-v0->@Inject::init(Ljava/lang/Thread;Lnet/minecraft/world/level/storage/LevelStorage$Session;Lnet/minecraft/resource/ResourcePackManager;Lnet/minecraft/server/SaveLoader;Ljava/net/Proxy;Lcom/mojang/datafixers/DataFixer;Lnet/minecraft/util/ApiServices;Lnet/minecraft/server/WorldGenerationProgressListenerFactory;Lorg/spongepowered/asm/mixin/injection/callback/CallbackInfo;)V has 0 override(s) in child classes
[22:23:25] [Render thread/DEBUG] (FabricLoader/Mixin) fabric-resource-loader-v0.mixins.json:MinecraftServerMixin from mod fabric-resource-loader-v0->@Inject::init(Ljava/lang/Thread;Lnet/minecraft/world/level/storage/LevelStorage$Session;Lnet/minecraft/resource/ResourcePackManager;Lnet/minecraft/server/SaveLoader;Ljava/net/Proxy;Lcom/mojang/datafixers/DataFixer;Lnet/minecraft/util/ApiServices;Lnet/minecraft/server/WorldGenerationProgressListenerFactory;Lorg/spongepowered/asm/mixin/injection/callback/CallbackInfo;)V won't be passed a CallbackInfo as a result
[22:23:25] [Render thread/DEBUG] (FabricLoader/Mixin) fabric-message-api-v1.mixins.json:MinecraftServerMixin from mod fabric-message-api-v1->@Inject::onGetChatDecorator(Lorg/spongepowered/asm/mixin/injection/callback/CallbackInfoReturnable;)V does use it's CallbackInfoReturnable
[22:23:25] [Render thread/DEBUG] (FabricLoader/Mixin) fabric-biome-api-v1.mixins.json:modification.MinecraftServerMixin from mod fabric-biome-api-v1->@Inject::finalizeWorldGen(Lorg/spongepowered/asm/mixin/injection/callback/CallbackInfo;)V doesn't use it's CallbackInfo
[22:23:25] [Render thread/DEBUG] (FabricLoader/Mixin) fabric-biome-api-v1.mixins.json:modification.MinecraftServerMixin from mod fabric-biome-api-v1->@Inject::finalizeWorldGen(Lorg/spongepowered/asm/mixin/injection/callback/CallbackInfo;)V has 0 override(s) in child classes
[22:23:25] [Render thread/DEBUG] (FabricLoader/Mixin) fabric-biome-api-v1.mixins.json:modification.MinecraftServerMixin from mod fabric-biome-api-v1->@Inject::finalizeWorldGen(Lorg/spongepowered/asm/mixin/injection/callback/CallbackInfo;)V won't be passed a CallbackInfo as a result
[22:23:25] [Render thread/DEBUG] (FabricLoader/Mixin) carpet.mixins.json:MinecraftServer_tickspeedMixin from mod carpet->@Inject::modifiedRunLoop(Lorg/spongepowered/asm/mixin/injection/callback/CallbackInfo;)V doesn't use it's CallbackInfo
[22:23:25] [Render thread/DEBUG] (FabricLoader/Mixin) carpet.mixins.json:MinecraftServer_tickspeedMixin from mod carpet->@Inject::modifiedRunLoop(Lorg/spongepowered/asm/mixin/injection/callback/CallbackInfo;)V has 0 override(s) in child classes
[22:23:25] [Render thread/DEBUG] (FabricLoader/Mixin) carpet.mixins.json:MinecraftServer_tickspeedMixin from mod carpet->@Inject::modifiedRunLoop(Lorg/spongepowered/asm/mixin/injection/callback/CallbackInfo;)V won't be passed a CallbackInfo as a result
[22:23:25] [Render thread/DEBUG] (FabricLoader/Mixin) carpet.mixins.json:MinecraftServer_tickspeedMixin from mod carpet->@Inject::startAutosave(Ljava/util/function/BooleanSupplier;Lorg/spongepowered/asm/mixin/injection/callback/CallbackInfo;)V doesn't use it's CallbackInfo
[22:23:25] [Render thread/DEBUG] (FabricLoader/Mixin) carpet.mixins.json:MinecraftServer_tickspeedMixin from mod carpet->@Inject::startAutosave(Ljava/util/function/BooleanSupplier;Lorg/spongepowered/asm/mixin/injection/callback/CallbackInfo;)V has 0 override(s) in child classes
[22:23:25] [Render thread/DEBUG] (FabricLoader/Mixin) carpet.mixins.json:MinecraftServer_tickspeedMixin from mod carpet->@Inject::startAutosave(Ljava/util/function/BooleanSupplier;Lorg/spongepowered/asm/mixin/injection/callback/CallbackInfo;)V won't be passed a CallbackInfo as a result
[22:23:25] [Render thread/DEBUG] (FabricLoader/Mixin) carpet.mixins.json:MinecraftServer_tickspeedMixin from mod carpet->@Inject::finishAutosave(Ljava/util/function/BooleanSupplier;Lorg/spongepowered/asm/mixin/injection/callback/CallbackInfo;)V doesn't use it's CallbackInfo
[22:23:25] [Render thread/DEBUG] (FabricLoader/Mixin) carpet.mixins.json:MinecraftServer_tickspeedMixin from mod carpet->@Inject::finishAutosave(Ljava/util/function/BooleanSupplier;Lorg/spongepowered/asm/mixin/injection/callback/CallbackInfo;)V has 0 override(s) in child classes
[22:23:25] [Render thread/DEBUG] (FabricLoader/Mixin) carpet.mixins.json:MinecraftServer_tickspeedMixin from mod carpet->@Inject::finishAutosave(Ljava/util/function/BooleanSupplier;Lorg/spongepowered/asm/mixin/injection/callback/CallbackInfo;)V won't be passed a CallbackInfo as a result
[22:23:25] [Render thread/DEBUG] (FabricLoader/Mixin) carpet.mixins.json:MinecraftServer_tickspeedMixin from mod carpet->@Inject::startNetwork(Ljava/util/function/BooleanSupplier;Lorg/spongepowered/asm/mixin/injection/callback/CallbackInfo;)V doesn't use it's CallbackInfo
[22:23:25] [Render thread/DEBUG] (FabricLoader/Mixin) carpet.mixins.json:MinecraftServer_tickspeedMixin from mod carpet->@Inject::startNetwork(Ljava/util/function/BooleanSupplier;Lorg/spongepowered/asm/mixin/injection/callback/CallbackInfo;)V has 0 override(s) in child classes
[22:23:25] [Render thread/DEBUG] (FabricLoader/Mixin) carpet.mixins.json:MinecraftServer_tickspeedMixin from mod carpet->@Inject::startNetwork(Ljava/util/function/BooleanSupplier;Lorg/spongepowered/asm/mixin/injection/callback/CallbackInfo;)V won't be passed a CallbackInfo as a result
[22:23:25] [Render thread/DEBUG] (FabricLoader/Mixin) carpet.mixins.json:MinecraftServer_tickspeedMixin from mod carpet->@Inject::finishNetwork(Ljava/util/function/BooleanSupplier;Lorg/spongepowered/asm/mixin/injection/callback/CallbackInfo;)V doesn't use it's CallbackInfo
[22:23:25] [Render thread/DEBUG] (FabricLoader/Mixin) carpet.mixins.json:MinecraftServer_tickspeedMixin from mod carpet->@Inject::finishNetwork(Ljava/util/function/BooleanSupplier;Lorg/spongepowered/asm/mixin/injection/callback/CallbackInfo;)V has 0 override(s) in child classes
[22:23:25] [Render thread/DEBUG] (FabricLoader/Mixin) carpet.mixins.json:MinecraftServer_tickspeedMixin from mod carpet->@Inject::finishNetwork(Ljava/util/function/BooleanSupplier;Lorg/spongepowered/asm/mixin/injection/callback/CallbackInfo;)V won't be passed a CallbackInfo as a result
[22:23:25] [Render thread/DEBUG] (FabricLoader/Mixin) carpet.mixins.json:MinecraftServer_tickspeedMixin from mod carpet->@Inject::startAsync(Lorg/spongepowered/asm/mixin/injection/callback/CallbackInfo;)V doesn't use it's CallbackInfo
[22:23:25] [Render thread/DEBUG] (FabricLoader/Mixin) carpet.mixins.json:MinecraftServer_tickspeedMixin from mod carpet->@Inject::startAsync(Lorg/spongepowered/asm/mixin/injection/callback/CallbackInfo;)V has 0 override(s) in child classes
[22:23:25] [Render thread/DEBUG] (FabricLoader/Mixin) carpet.mixins.json:MinecraftServer_tickspeedMixin from mod carpet->@Inject::startAsync(Lorg/spongepowered/asm/mixin/injection/callback/CallbackInfo;)V won't be passed a CallbackInfo as a result
[22:23:25] [Render thread/DEBUG] (FabricLoader/Mixin) carpet.mixins.json:MinecraftServer_tickspeedMixin from mod carpet->@Inject::stopAsync(Lorg/spongepowered/asm/mixin/injection/callback/CallbackInfo;)V doesn't use it's CallbackInfo
[22:23:25] [Render thread/DEBUG] (FabricLoader/Mixin) carpet.mixins.json:MinecraftServer_tickspeedMixin from mod carpet->@Inject::stopAsync(Lorg/spongepowered/asm/mixin/injection/callback/CallbackInfo;)V has 0 override(s) in child classes
[22:23:25] [Render thread/DEBUG] (FabricLoader/Mixin) carpet.mixins.json:MinecraftServer_tickspeedMixin from mod carpet->@Inject::stopAsync(Lorg/spongepowered/asm/mixin/injection/callback/CallbackInfo;)V won't be passed a CallbackInfo as a result
[22:23:25] [Render thread/DEBUG] (FabricLoader/Mixin) Mixing CommandDispatcher_scarpetCommandsMixin from carpet.mixins.json into com.mojang.brigadier.CommandDispatcher
[22:23:25] [Render thread/DEBUG] (FabricLoader/Mixin) carpet.mixins.json:CommandDispatcher_scarpetCommandsMixin from mod carpet: Class version 65 required is higher than the class version supported by the current version of Mixin (JAVA_17 supports class version 61)
[22:23:25] [Render thread/DEBUG] (FabricLoader/Mixin) Mixing CustomPacketPayload_networkStuffMixin from carpet.mixins.json into net.minecraft.network.packet.CustomPayload
[22:23:25] [Render thread/DEBUG] (FabricLoader/Mixin) carpet.mixins.json:CustomPacketPayload_networkStuffMixin from mod carpet: Class version 65 required is higher than the class version supported by the current version of Mixin (JAVA_17 supports class version 61)
[22:23:25] [Render thread/DEBUG] (FabricLoader/Mixin) carpet.mixins.json:CustomPacketPayload_networkStuffMixin from mod carpet->@Inject::onCodec(Lnet/minecraft/network/packet/CustomPayload$CodecFactory;Ljava/util/List;Lorg/spongepowered/asm/mixin/injection/callback/CallbackInfoReturnable;)V does use it's CallbackInfoReturnable
[22:23:25] [Render thread/DEBUG] (FabricLoader/Mixin) Mixing ServerConfigurationNetworkHandlerMixin from fabric-networking-api-v1.mixins.json into net.minecraft.server.network.ServerConfigurationNetworkHandler
[22:23:25] [Render thread/DEBUG] (FabricLoader/Mixin) fabric-networking-api-v1.mixins.json:ServerConfigurationNetworkHandlerMixin from mod fabric-networking-api-v1: Class version 65 required is higher than the class version supported by the current version of Mixin (JAVA_17 supports class version 61)
[22:23:25] [Render thread/DEBUG] (FabricLoader/Mixin) Mixing ServerConfigurationNetworkHandlerMixin from fabric-resource-loader-v0.mixins.json into net.minecraft.server.network.ServerConfigurationNetworkHandler
[22:23:25] [Render thread/DEBUG] (FabricLoader/Mixin) fabric-resource-loader-v0.mixins.json:ServerConfigurationNetworkHandlerMixin from mod fabric-resource-loader-v0: Class version 65 required is higher than the class version supported by the current version of Mixin (JAVA_17 supports class version 61)
[22:23:25] [Render thread/DEBUG] (FabricLoader/Mixin) fabric-networking-api-v1.mixins.json:ServerConfigurationNetworkHandlerMixin from mod fabric-networking-api-v1->@Inject::initAddon(Lorg/spongepowered/asm/mixin/injection/callback/CallbackInfo;)V doesn't use it's CallbackInfo
[22:23:25] [Render thread/DEBUG] (FabricLoader/Mixin) fabric-networking-api-v1.mixins.json:ServerConfigurationNetworkHandlerMixin from mod fabric-networking-api-v1->@Inject::initAddon(Lorg/spongepowered/asm/mixin/injection/callback/CallbackInfo;)V has 0 override(s) in child classes
[22:23:25] [Render thread/DEBUG] (FabricLoader/Mixin) fabric-networking-api-v1.mixins.json:ServerConfigurationNetworkHandlerMixin from mod fabric-networking-api-v1->@Inject::initAddon(Lorg/spongepowered/asm/mixin/injection/callback/CallbackInfo;)V won't be passed a CallbackInfo as a result
[22:23:25] [Render thread/DEBUG] (FabricLoader/Mixin) fabric-networking-api-v1.mixins.json:ServerConfigurationNetworkHandlerMixin from mod fabric-networking-api-v1->@Inject::onClientReady(Lorg/spongepowered/asm/mixin/injection/callback/CallbackInfo;)V does use it's CallbackInfo
[22:23:25] [Render thread/DEBUG] (FabricLoader/Mixin) Mixing ServerCommonNetworkHandlerMixin from fabric-networking-api-v1.mixins.json into net.minecraft.server.network.ServerCommonNetworkHandler
[22:23:25] [Render thread/DEBUG] (FabricLoader/Mixin) fabric-networking-api-v1.mixins.json:ServerCommonNetworkHandlerMixin from mod fabric-networking-api-v1: Class version 65 required is higher than the class version supported by the current version of Mixin (JAVA_17 supports class version 61)
[22:23:25] [Render thread/DEBUG] (FabricLoader/Mixin) Mixing accessor.ServerCommonNetworkHandlerAccessor from fabric-networking-api-v1.mixins.json into net.minecraft.server.network.ServerCommonNetworkHandler
[22:23:25] [Render thread/DEBUG] (FabricLoader/Mixin) fabric-networking-api-v1.mixins.json:accessor.ServerCommonNetworkHandlerAccessor from mod fabric-networking-api-v1: Class version 65 required is higher than the class version supported by the current version of Mixin (JAVA_17 supports class version 61)
[22:23:25] [Render thread/DEBUG] (FabricLoader/Mixin) fabric-networking-api-v1.mixins.json:ServerCommonNetworkHandlerMixin from mod fabric-networking-api-v1->@Inject::handleCustomPayloadReceivedAsync(Lnet/minecraft/network/packet/c2s/common/CustomPayloadC2SPacket;Lorg/spongepowered/asm/mixin/injection/callback/CallbackInfo;)V does use it's CallbackInfo
[22:23:25] [Render thread/DEBUG] (FabricLoader/Mixin) fabric-networking-api-v1.mixins.json:ServerCommonNetworkHandlerMixin from mod fabric-networking-api-v1->@Inject::onPlayPong(Lnet/minecraft/network/packet/c2s/common/CommonPongC2SPacket;Lorg/spongepowered/asm/mixin/injection/callback/CallbackInfo;)V doesn't use it's CallbackInfo
[22:23:25] [Render thread/DEBUG] (FabricLoader/Mixin) fabric-networking-api-v1.mixins.json:ServerCommonNetworkHandlerMixin from mod fabric-networking-api-v1->@Inject::onPlayPong(Lnet/minecraft/network/packet/c2s/common/CommonPongC2SPacket;Lorg/spongepowered/asm/mixin/injection/callback/CallbackInfo;)V has 0 override(s) in child classes
[22:23:25] [Render thread/DEBUG] (FabricLoader/Mixin) fabric-networking-api-v1.mixins.json:ServerCommonNetworkHandlerMixin from mod fabric-networking-api-v1->@Inject::onPlayPong(Lnet/minecraft/network/packet/c2s/common/CommonPongC2SPacket;Lorg/spongepowered/asm/mixin/injection/callback/CallbackInfo;)V won't be passed a CallbackInfo as a result
[22:23:25] [Render thread/INFO] (Better Player Locator Bar) [BPLB] Mod initialization initialized
[22:23:25] [Render thread/INFO] (Better Player Locator Bar) [BPLB] Server config doesn't match preset, switched to 'custom'
[22:23:25] [Render thread/INFO] (Better Player Locator Bar) [BPLB] Initializing server!
[22:23:25] [Render thread/DEBUG] (FabricLoader/Mixin) Mixing ServerPlayNetworkHandlerMixin from fabric-networking-api-v1.mixins.json into net.minecraft.server.network.ServerPlayNetworkHandler
[22:23:25] [Render thread/DEBUG] (FabricLoader/Mixin) fabric-networking-api-v1.mixins.json:ServerPlayNetworkHandlerMixin from mod fabric-networking-api-v1: Class version 65 required is higher than the class version supported by the current version of Mixin (JAVA_17 supports class version 61)
[22:23:25] [Render thread/DEBUG] (FabricLoader/Mixin) Mixing ServerGamePacketListenerImplMixin from carpet.mixins.json into net.minecraft.server.network.ServerPlayNetworkHandler
[22:23:25] [Render thread/DEBUG] (FabricLoader/Mixin) carpet.mixins.json:ServerGamePacketListenerImplMixin from mod carpet: Class version 65 required is higher than the class version supported by the current version of Mixin (JAVA_17 supports class version 61)
[22:23:25] [Render thread/DEBUG] (FabricLoader/Mixin) Mixing ServerGamePacketListenerImpl_interactionUpdatesMixin from carpet.mixins.json into net.minecraft.server.network.ServerPlayNetworkHandler
[22:23:25] [Render thread/DEBUG] (FabricLoader/Mixin) carpet.mixins.json:ServerGamePacketListenerImpl_interactionUpdatesMixin from mod carpet: Class version 65 required is higher than the class version supported by the current version of Mixin (JAVA_17 supports class version 61)
[22:23:25] [Render thread/DEBUG] (FabricLoader/Mixin) Mixing ServerGamePacketListenerImpl_coreMixin from carpet.mixins.json into net.minecraft.server.network.ServerPlayNetworkHandler
[22:23:25] [Render thread/DEBUG] (FabricLoader/Mixin) carpet.mixins.json:ServerGamePacketListenerImpl_coreMixin from mod carpet: Class version 65 required is higher than the class version supported by the current version of Mixin (JAVA_17 supports class version 61)
[22:23:25] [Render thread/DEBUG] (FabricLoader/Mixin) Mixing ServerGamePacketListenerImpl_scarpetEventsMixin from carpet.mixins.json into net.minecraft.server.network.ServerPlayNetworkHandler
[22:23:25] [Render thread/DEBUG] (FabricLoader/Mixin) carpet.mixins.json:ServerGamePacketListenerImpl_scarpetEventsMixin from mod carpet: Class version 65 required is higher than the class version supported by the current version of Mixin (JAVA_17 supports class version 61)
[22:23:25] [Render thread/DEBUG] (FabricLoader/Mixin) Mixing ServerGamePacketListenerImpl_antiCheatDisabledMixin from carpet.mixins.json into net.minecraft.server.network.ServerPlayNetworkHandler
[22:23:25] [Render thread/DEBUG] (FabricLoader/Mixin) carpet.mixins.json:ServerGamePacketListenerImpl_antiCheatDisabledMixin from mod carpet: Class version 65 required is higher than the class version supported by the current version of Mixin (JAVA_17 supports class version 61)
[22:23:25] [Render thread/DEBUG] (FabricLoader/Mixin) Mixing ServerGamePacketListenerimpl_connectionMixin from carpet.mixins.json into net.minecraft.server.network.ServerPlayNetworkHandler
[22:23:25] [Render thread/DEBUG] (FabricLoader/Mixin) carpet.mixins.json:ServerGamePacketListenerimpl_connectionMixin from mod carpet: Class version 65 required is higher than the class version supported by the current version of Mixin (JAVA_17 supports class version 61)
[22:23:25] [Render thread/DEBUG] (FabricLoader/Mixin) fabric-networking-api-v1.mixins.json:ServerPlayNetworkHandlerMixin from mod fabric-networking-api-v1->@Inject::initAddon(Lorg/spongepowered/asm/mixin/injection/callback/CallbackInfo;)V doesn't use it's CallbackInfo
[22:23:25] [Render thread/DEBUG] (FabricLoader/Mixin) fabric-networking-api-v1.mixins.json:ServerPlayNetworkHandlerMixin from mod fabric-networking-api-v1->@Inject::initAddon(Lorg/spongepowered/asm/mixin/injection/callback/CallbackInfo;)V has 0 override(s) in child classes
[22:23:25] [Render thread/DEBUG] (FabricLoader/Mixin) fabric-networking-api-v1.mixins.json:ServerPlayNetworkHandlerMixin from mod fabric-networking-api-v1->@Inject::initAddon(Lorg/spongepowered/asm/mixin/injection/callback/CallbackInfo;)V won't be passed a CallbackInfo as a result
[22:23:25] [Render thread/DEBUG] (FabricLoader/Mixin) fabric-networking-api-v1.mixins.json:ServerPlayNetworkHandlerMixin from mod fabric-networking-api-v1->@Inject::handleCustomPayloadReceivedAsync(Lnet/minecraft/network/packet/c2s/common/CustomPayloadC2SPacket;Lorg/spongepowered/asm/mixin/injection/callback/CallbackInfo;)V does use it's CallbackInfo
[22:23:25] [Render thread/DEBUG] (FabricLoader/Mixin) carpet.mixins.json:ServerGamePacketListenerImpl_interactionUpdatesMixin from mod carpet->@Inject::beforeBlockInteracted(Lnet/minecraft/network/packet/c2s/play/PlayerInteractBlockC2SPacket;Lorg/spongepowered/asm/mixin/injection/callback/CallbackInfo;)V doesn't use it's CallbackInfo
[22:23:25] [Render thread/DEBUG] (FabricLoader/Mixin) carpet.mixins.json:ServerGamePacketListenerImpl_interactionUpdatesMixin from mod carpet->@Inject::beforeBlockInteracted(Lnet/minecraft/network/packet/c2s/play/PlayerInteractBlockC2SPacket;Lorg/spongepowered/asm/mixin/injection/callback/CallbackInfo;)V has 0 override(s) in child classes
[22:23:25] [Render thread/DEBUG] (FabricLoader/Mixin) carpet.mixins.json:ServerGamePacketListenerImpl_interactionUpdatesMixin from mod carpet->@Inject::beforeBlockInteracted(Lnet/minecraft/network/packet/c2s/play/PlayerInteractBlockC2SPacket;Lorg/spongepowered/asm/mixin/injection/callback/CallbackInfo;)V won't be passed a CallbackInfo as a result
[22:23:25] [Render thread/DEBUG] (FabricLoader/Mixin) carpet.mixins.json:ServerGamePacketListenerImpl_interactionUpdatesMixin from mod carpet->@Inject::afterBlockInteracted(Lnet/minecraft/network/packet/c2s/play/PlayerInteractBlockC2SPacket;Lorg/spongepowered/asm/mixin/injection/callback/CallbackInfo;)V doesn't use it's CallbackInfo
[22:23:25] [Render thread/DEBUG] (FabricLoader/Mixin) carpet.mixins.json:ServerGamePacketListenerImpl_interactionUpdatesMixin from mod carpet->@Inject::afterBlockInteracted(Lnet/minecraft/network/packet/c2s/play/PlayerInteractBlockC2SPacket;Lorg/spongepowered/asm/mixin/injection/callback/CallbackInfo;)V has 0 override(s) in child classes
[22:23:25] [Render thread/DEBUG] (FabricLoader/Mixin) carpet.mixins.json:ServerGamePacketListenerImpl_interactionUpdatesMixin from mod carpet->@Inject::afterBlockInteracted(Lnet/minecraft/network/packet/c2s/play/PlayerInteractBlockC2SPacket;Lorg/spongepowered/asm/mixin/injection/callback/CallbackInfo;)V won't be passed a CallbackInfo as a result
[22:23:25] [Render thread/DEBUG] (FabricLoader/Mixin) carpet.mixins.json:ServerGamePacketListenerImpl_interactionUpdatesMixin from mod carpet->@Inject::beforeItemInteracted(Lnet/minecraft/network/packet/c2s/play/PlayerInteractItemC2SPacket;Lorg/spongepowered/asm/mixin/injection/callback/CallbackInfo;)V doesn't use it's CallbackInfo
[22:23:25] [Render thread/DEBUG] (FabricLoader/Mixin) carpet.mixins.json:ServerGamePacketListenerImpl_interactionUpdatesMixin from mod carpet->@Inject::beforeItemInteracted(Lnet/minecraft/network/packet/c2s/play/PlayerInteractItemC2SPacket;Lorg/spongepowered/asm/mixin/injection/callback/CallbackInfo;)V has 0 override(s) in child classes
[22:23:25] [Render thread/DEBUG] (FabricLoader/Mixin) carpet.mixins.json:ServerGamePacketListenerImpl_interactionUpdatesMixin from mod carpet->@Inject::beforeItemInteracted(Lnet/minecraft/network/packet/c2s/play/PlayerInteractItemC2SPacket;Lorg/spongepowered/asm/mixin/injection/callback/CallbackInfo;)V won't be passed a CallbackInfo as a result
[22:23:25] [Render thread/DEBUG] (FabricLoader/Mixin) carpet.mixins.json:ServerGamePacketListenerImpl_interactionUpdatesMixin from mod carpet->@Inject::afterItemInteracted(Lnet/minecraft/network/packet/c2s/play/PlayerInteractItemC2SPacket;Lorg/spongepowered/asm/mixin/injection/callback/CallbackInfo;)V doesn't use it's CallbackInfo
[22:23:25] [Render thread/DEBUG] (FabricLoader/Mixin) carpet.mixins.json:ServerGamePacketListenerImpl_interactionUpdatesMixin from mod carpet->@Inject::afterItemInteracted(Lnet/minecraft/network/packet/c2s/play/PlayerInteractItemC2SPacket;Lorg/spongepowered/asm/mixin/injection/callback/CallbackInfo;)V has 0 override(s) in child classes
[22:23:25] [Render thread/DEBUG] (FabricLoader/Mixin) carpet.mixins.json:ServerGamePacketListenerImpl_interactionUpdatesMixin from mod carpet->@Inject::afterItemInteracted(Lnet/minecraft/network/packet/c2s/play/PlayerInteractItemC2SPacket;Lorg/spongepowered/asm/mixin/injection/callback/CallbackInfo;)V won't be passed a CallbackInfo as a result
[22:23:25] [Render thread/DEBUG] (FabricLoader/Mixin) carpet.mixins.json:ServerGamePacketListenerImpl_interactionUpdatesMixin from mod carpet->@Inject::beforeBlockBroken(Lnet/minecraft/network/packet/c2s/play/PlayerActionC2SPacket;Lorg/spongepowered/asm/mixin/injection/callback/CallbackInfo;)V doesn't use it's CallbackInfo
[22:23:25] [Render thread/DEBUG] (FabricLoader/Mixin) carpet.mixins.json:ServerGamePacketListenerImpl_interactionUpdatesMixin from mod carpet->@Inject::beforeBlockBroken(Lnet/minecraft/network/packet/c2s/play/PlayerActionC2SPacket;Lorg/spongepowered/asm/mixin/injection/callback/CallbackInfo;)V has 0 override(s) in child classes
[22:23:25] [Render thread/DEBUG] (FabricLoader/Mixin) carpet.mixins.json:ServerGamePacketListenerImpl_interactionUpdatesMixin from mod carpet->@Inject::beforeBlockBroken(Lnet/minecraft/network/packet/c2s/play/PlayerActionC2SPacket;Lorg/spongepowered/asm/mixin/injection/callback/CallbackInfo;)V won't be passed a CallbackInfo as a result
[22:23:25] [Render thread/DEBUG] (FabricLoader/Mixin) carpet.mixins.json:ServerGamePacketListenerImpl_interactionUpdatesMixin from mod carpet->@Inject::afterBlockBroken(Lnet/minecraft/network/packet/c2s/play/PlayerActionC2SPacket;Lorg/spongepowered/asm/mixin/injection/callback/CallbackInfo;)V doesn't use it's CallbackInfo
[22:23:25] [Render thread/DEBUG] (FabricLoader/Mixin) carpet.mixins.json:ServerGamePacketListenerImpl_interactionUpdatesMixin from mod carpet->@Inject::afterBlockBroken(Lnet/minecraft/network/packet/c2s/play/PlayerActionC2SPacket;Lorg/spongepowered/asm/mixin/injection/callback/CallbackInfo;)V has 0 override(s) in child classes
[22:23:25] [Render thread/DEBUG] (FabricLoader/Mixin) carpet.mixins.json:ServerGamePacketListenerImpl_interactionUpdatesMixin from mod carpet->@Inject::afterBlockBroken(Lnet/minecraft/network/packet/c2s/play/PlayerActionC2SPacket;Lorg/spongepowered/asm/mixin/injection/callback/CallbackInfo;)V won't be passed a CallbackInfo as a result
[22:23:25] [Render thread/DEBUG] (FabricLoader/Mixin) carpet.mixins.json:ServerGamePacketListenerImpl_coreMixin from mod carpet->@Inject::onPlayerDisconnect(Lnet/minecraft/text/Text;Lorg/spongepowered/asm/mixin/injection/callback/CallbackInfo;)V doesn't use it's CallbackInfo
[22:23:25] [Render thread/DEBUG] (FabricLoader/Mixin) carpet.mixins.json:ServerGamePacketListenerImpl_coreMixin from mod carpet->@Inject::onPlayerDisconnect(Lnet/minecraft/text/Text;Lorg/spongepowered/asm/mixin/injection/callback/CallbackInfo;)V has 0 override(s) in child classes
[22:23:25] [Render thread/DEBUG] (FabricLoader/Mixin) carpet.mixins.json:ServerGamePacketListenerImpl_coreMixin from mod carpet->@Inject::onPlayerDisconnect(Lnet/minecraft/text/Text;Lorg/spongepowered/asm/mixin/injection/callback/CallbackInfo;)V won't be passed a CallbackInfo as a result
[22:23:25] [Render thread/DEBUG] (FabricLoader/Mixin) carpet.mixins.json:ServerGamePacketListenerImpl_scarpetEventsMixin from mod carpet->@Inject::checkMoves(Lnet/minecraft/network/packet/c2s/play/PlayerInputC2SPacket;Lorg/spongepowered/asm/mixin/injection/callback/CallbackInfo;)V doesn't use it's CallbackInfo
[22:23:25] [Render thread/DEBUG] (FabricLoader/Mixin) carpet.mixins.json:ServerGamePacketListenerImpl_scarpetEventsMixin from mod carpet->@Inject::checkMoves(Lnet/minecraft/network/packet/c2s/play/PlayerInputC2SPacket;Lorg/spongepowered/asm/mixin/injection/callback/CallbackInfo;)V has 0 override(s) in child classes
[22:23:25] [Render thread/DEBUG] (FabricLoader/Mixin) carpet.mixins.json:ServerGamePacketListenerImpl_scarpetEventsMixin from mod carpet->@Inject::checkMoves(Lnet/minecraft/network/packet/c2s/play/PlayerInputC2SPacket;Lorg/spongepowered/asm/mixin/injection/callback/CallbackInfo;)V won't be passed a CallbackInfo as a result
[22:23:25] [Render thread/DEBUG] (FabricLoader/Mixin) carpet.mixins.json:ServerGamePacketListenerImpl_scarpetEventsMixin from mod carpet->@Inject::onQItem(Lnet/minecraft/network/packet/c2s/play/PlayerActionC2SPacket;Lorg/spongepowered/asm/mixin/injection/callback/CallbackInfo;)V does use it's CallbackInfo
[22:23:25] [Render thread/DEBUG] (FabricLoader/Mixin) carpet.mixins.json:ServerGamePacketListenerImpl_scarpetEventsMixin from mod carpet->@Inject::onHandSwap(Lnet/minecraft/network/packet/c2s/play/PlayerActionC2SPacket;Lorg/spongepowered/asm/mixin/injection/callback/CallbackInfo;)V does use it's CallbackInfo
[22:23:25] [Render thread/DEBUG] (FabricLoader/Mixin) carpet.mixins.json:ServerGamePacketListenerImpl_scarpetEventsMixin from mod carpet->@Inject::onCtrlQItem(Lnet/minecraft/network/packet/c2s/play/PlayerActionC2SPacket;Lorg/spongepowered/asm/mixin/injection/callback/CallbackInfo;)V does use it's CallbackInfo
[22:23:25] [Render thread/DEBUG] (FabricLoader/Mixin) carpet.mixins.json:ServerGamePacketListenerImpl_scarpetEventsMixin from mod carpet->@Inject::onJump(Lnet/minecraft/network/packet/c2s/play/PlayerMoveC2SPacket;Lorg/spongepowered/asm/mixin/injection/callback/CallbackInfo;)V doesn't use it's CallbackInfo
[22:23:25] [Render thread/DEBUG] (FabricLoader/Mixin) carpet.mixins.json:ServerGamePacketListenerImpl_scarpetEventsMixin from mod carpet->@Inject::onJump(Lnet/minecraft/network/packet/c2s/play/PlayerMoveC2SPacket;Lorg/spongepowered/asm/mixin/injection/callback/CallbackInfo;)V has 0 override(s) in child classes
[22:23:25] [Render thread/DEBUG] (FabricLoader/Mixin) carpet.mixins.json:ServerGamePacketListenerImpl_scarpetEventsMixin from mod carpet->@Inject::onJump(Lnet/minecraft/network/packet/c2s/play/PlayerMoveC2SPacket;Lorg/spongepowered/asm/mixin/injection/callback/CallbackInfo;)V won't be passed a CallbackInfo as a result
[22:23:25] [Render thread/DEBUG] (FabricLoader/Mixin) carpet.mixins.json:ServerGamePacketListenerImpl_scarpetEventsMixin from mod carpet->@Inject::onClicked(Lnet/minecraft/network/packet/c2s/play/PlayerActionC2SPacket;Lorg/spongepowered/asm/mixin/injection/callback/CallbackInfo;)V does use it's CallbackInfo
[22:23:25] [Render thread/DEBUG] (FabricLoader/Mixin) carpet.mixins.json:ServerGamePacketListenerImpl_scarpetEventsMixin from mod carpet->@Inject::onBlockInteracted(Lnet/minecraft/network/packet/c2s/play/PlayerInteractBlockC2SPacket;Lorg/spongepowered/asm/mixin/injection/callback/CallbackInfo;)V does use it's CallbackInfo
[22:23:25] [Render thread/DEBUG] (FabricLoader/Mixin) carpet.mixins.json:ServerGamePacketListenerImpl_scarpetEventsMixin from mod carpet->@Inject::onItemClicked(Lnet/minecraft/network/packet/c2s/play/PlayerInteractItemC2SPacket;Lorg/spongepowered/asm/mixin/injection/callback/CallbackInfo;)V does use it's CallbackInfo
[22:23:25] [Render thread/DEBUG] (FabricLoader/Mixin) carpet.mixins.json:ServerGamePacketListenerImpl_scarpetEventsMixin from mod carpet->@Inject::onStartSneaking(Lnet/minecraft/network/packet/c2s/play/ClientCommandC2SPacket;Lorg/spongepowered/asm/mixin/injection/callback/CallbackInfo;)V doesn't use it's CallbackInfo
[22:23:25] [Render thread/DEBUG] (FabricLoader/Mixin) carpet.mixins.json:ServerGamePacketListenerImpl_scarpetEventsMixin from mod carpet->@Inject::onStartSneaking(Lnet/minecraft/network/packet/c2s/play/ClientCommandC2SPacket;Lorg/spongepowered/asm/mixin/injection/callback/CallbackInfo;)V has 0 override(s) in child classes
[22:23:25] [Render thread/DEBUG] (FabricLoader/Mixin) carpet.mixins.json:ServerGamePacketListenerImpl_scarpetEventsMixin from mod carpet->@Inject::onStartSneaking(Lnet/minecraft/network/packet/c2s/play/ClientCommandC2SPacket;Lorg/spongepowered/asm/mixin/injection/callback/CallbackInfo;)V won't be passed a CallbackInfo as a result
[22:23:25] [Render thread/DEBUG] (FabricLoader/Mixin) carpet.mixins.json:ServerGamePacketListenerImpl_scarpetEventsMixin from mod carpet->@Inject::onStopSneaking(Lnet/minecraft/network/packet/c2s/play/ClientCommandC2SPacket;Lorg/spongepowered/asm/mixin/injection/callback/CallbackInfo;)V doesn't use it's CallbackInfo
[22:23:25] [Render thread/DEBUG] (FabricLoader/Mixin) carpet.mixins.json:ServerGamePacketListenerImpl_scarpetEventsMixin from mod carpet->@Inject::onStopSneaking(Lnet/minecraft/network/packet/c2s/play/ClientCommandC2SPacket;Lorg/spongepowered/asm/mixin/injection/callback/CallbackInfo;)V has 0 override(s) in child classes
[22:23:25] [Render thread/DEBUG] (FabricLoader/Mixin) carpet.mixins.json:ServerGamePacketListenerImpl_scarpetEventsMixin from mod carpet->@Inject::onStopSneaking(Lnet/minecraft/network/packet/c2s/play/ClientCommandC2SPacket;Lorg/spongepowered/asm/mixin/injection/callback/CallbackInfo;)V won't be passed a CallbackInfo as a result
[22:23:25] [Render thread/DEBUG] (FabricLoader/Mixin) carpet.mixins.json:ServerGamePacketListenerImpl_scarpetEventsMixin from mod carpet->@Inject::onStartSprinting(Lnet/minecraft/network/packet/c2s/play/ClientCommandC2SPacket;Lorg/spongepowered/asm/mixin/injection/callback/CallbackInfo;)V doesn't use it's CallbackInfo
[22:23:25] [Render thread/DEBUG] (FabricLoader/Mixin) carpet.mixins.json:ServerGamePacketListenerImpl_scarpetEventsMixin from mod carpet->@Inject::onStartSprinting(Lnet/minecraft/network/packet/c2s/play/ClientCommandC2SPacket;Lorg/spongepowered/asm/mixin/injection/callback/CallbackInfo;)V has 0 override(s) in child classes
[22:23:25] [Render thread/DEBUG] (FabricLoader/Mixin) carpet.mixins.json:ServerGamePacketListenerImpl_scarpetEventsMixin from mod carpet->@Inject::onStartSprinting(Lnet/minecraft/network/packet/c2s/play/ClientCommandC2SPacket;Lorg/spongepowered/asm/mixin/injection/callback/CallbackInfo;)V won't be passed a CallbackInfo as a result
[22:23:25] [Render thread/DEBUG] (FabricLoader/Mixin) carpet.mixins.json:ServerGamePacketListenerImpl_scarpetEventsMixin from mod carpet->@Inject::onStopSprinting(Lnet/minecraft/network/packet/c2s/play/ClientCommandC2SPacket;Lorg/spongepowered/asm/mixin/injection/callback/CallbackInfo;)V doesn't use it's CallbackInfo
[22:23:25] [Render thread/DEBUG] (FabricLoader/Mixin) carpet.mixins.json:ServerGamePacketListenerImpl_scarpetEventsMixin from mod carpet->@Inject::onStopSprinting(Lnet/minecraft/network/packet/c2s/play/ClientCommandC2SPacket;Lorg/spongepowered/asm/mixin/injection/callback/CallbackInfo;)V has 0 override(s) in child classes
[22:23:25] [Render thread/DEBUG] (FabricLoader/Mixin) carpet.mixins.json:ServerGamePacketListenerImpl_scarpetEventsMixin from mod carpet->@Inject::onStopSprinting(Lnet/minecraft/network/packet/c2s/play/ClientCommandC2SPacket;Lorg/spongepowered/asm/mixin/injection/callback/CallbackInfo;)V won't be passed a CallbackInfo as a result
[22:23:25] [Render thread/DEBUG] (FabricLoader/Mixin) carpet.mixins.json:ServerGamePacketListenerImpl_scarpetEventsMixin from mod carpet->@Inject::onWakeUp(Lnet/minecraft/network/packet/c2s/play/ClientCommandC2SPacket;Lorg/spongepowered/asm/mixin/injection/callback/CallbackInfo;)V doesn't use it's CallbackInfo
[22:23:25] [Render thread/DEBUG] (FabricLoader/Mixin) carpet.mixins.json:ServerGamePacketListenerImpl_scarpetEventsMixin from mod carpet->@Inject::onWakeUp(Lnet/minecraft/network/packet/c2s/play/ClientCommandC2SPacket;Lorg/spongepowered/asm/mixin/injection/callback/CallbackInfo;)V has 0 override(s) in child classes
[22:23:25] [Render thread/DEBUG] (FabricLoader/Mixin) carpet.mixins.json:ServerGamePacketListenerImpl_scarpetEventsMixin from mod carpet->@Inject::onWakeUp(Lnet/minecraft/network/packet/c2s/play/ClientCommandC2SPacket;Lorg/spongepowered/asm/mixin/injection/callback/CallbackInfo;)V won't be passed a CallbackInfo as a result
[22:23:25] [Render thread/DEBUG] (FabricLoader/Mixin) carpet.mixins.json:ServerGamePacketListenerImpl_scarpetEventsMixin from mod carpet->@Inject::onElytraEngage(Lnet/minecraft/network/packet/c2s/play/ClientCommandC2SPacket;Lorg/spongepowered/asm/mixin/injection/callback/CallbackInfo;)V doesn't use it's CallbackInfo
[22:23:25] [Render thread/DEBUG] (FabricLoader/Mixin) carpet.mixins.json:ServerGamePacketListenerImpl_scarpetEventsMixin from mod carpet->@Inject::onElytraEngage(Lnet/minecraft/network/packet/c2s/play/ClientCommandC2SPacket;Lorg/spongepowered/asm/mixin/injection/callback/CallbackInfo;)V has 0 override(s) in child classes
[22:23:25] [Render thread/DEBUG] (FabricLoader/Mixin) carpet.mixins.json:ServerGamePacketListenerImpl_scarpetEventsMixin from mod carpet->@Inject::onElytraEngage(Lnet/minecraft/network/packet/c2s/play/ClientCommandC2SPacket;Lorg/spongepowered/asm/mixin/injection/callback/CallbackInfo;)V won't be passed a CallbackInfo as a result
[22:23:25] [Render thread/DEBUG] (FabricLoader/Mixin) carpet.mixins.json:ServerGamePacketListenerImpl_scarpetEventsMixin from mod carpet->@Inject::onItemBeingPickedFromInventory(Lnet/minecraft/network/packet/c2s/play/ButtonClickC2SPacket;Lorg/spongepowered/asm/mixin/injection/callback/CallbackInfo;)V doesn't use it's CallbackInfo
[22:23:25] [Render thread/DEBUG] (FabricLoader/Mixin) carpet.mixins.json:ServerGamePacketListenerImpl_scarpetEventsMixin from mod carpet->@Inject::onItemBeingPickedFromInventory(Lnet/minecraft/network/packet/c2s/play/ButtonClickC2SPacket;Lorg/spongepowered/asm/mixin/injection/callback/CallbackInfo;)V has 0 override(s) in child classes
[22:23:25] [Render thread/DEBUG] (FabricLoader/Mixin) carpet.mixins.json:ServerGamePacketListenerImpl_scarpetEventsMixin from mod carpet->@Inject::onItemBeingPickedFromInventory(Lnet/minecraft/network/packet/c2s/play/ButtonClickC2SPacket;Lorg/spongepowered/asm/mixin/injection/callback/CallbackInfo;)V won't be passed a CallbackInfo as a result
[22:23:25] [Render thread/DEBUG] (FabricLoader/Mixin) carpet.mixins.json:ServerGamePacketListenerImpl_scarpetEventsMixin from mod carpet->@Inject::onRecipeSelectedInRecipeManager(Lnet/minecraft/network/packet/c2s/play/CraftRequestC2SPacket;Lorg/spongepowered/asm/mixin/injection/callback/CallbackInfo;)V does use it's CallbackInfo
[22:23:25] [Render thread/DEBUG] (FabricLoader/Mixin) carpet.mixins.json:ServerGamePacketListenerImpl_scarpetEventsMixin from mod carpet->@Inject::onUpdatedSelectedSLot(Lnet/minecraft/network/packet/c2s/play/UpdateSelectedSlotC2SPacket;Lorg/spongepowered/asm/mixin/injection/callback/CallbackInfo;)V doesn't use it's CallbackInfo
[22:23:25] [Render thread/DEBUG] (FabricLoader/Mixin) carpet.mixins.json:ServerGamePacketListenerImpl_scarpetEventsMixin from mod carpet->@Inject::onUpdatedSelectedSLot(Lnet/minecraft/network/packet/c2s/play/UpdateSelectedSlotC2SPacket;Lorg/spongepowered/asm/mixin/injection/callback/CallbackInfo;)V has 0 override(s) in child classes
[22:23:25] [Render thread/DEBUG] (FabricLoader/Mixin) carpet.mixins.json:ServerGamePacketListenerImpl_scarpetEventsMixin from mod carpet->@Inject::onUpdatedSelectedSLot(Lnet/minecraft/network/packet/c2s/play/UpdateSelectedSlotC2SPacket;Lorg/spongepowered/asm/mixin/injection/callback/CallbackInfo;)V won't be passed a CallbackInfo as a result
[22:23:25] [Render thread/DEBUG] (FabricLoader/Mixin) carpet.mixins.json:ServerGamePacketListenerImpl_scarpetEventsMixin from mod carpet->@Inject::onSwing(Lnet/minecraft/network/packet/c2s/play/HandSwingC2SPacket;Lorg/spongepowered/asm/mixin/injection/callback/CallbackInfo;)V doesn't use it's CallbackInfo
[22:23:25] [Render thread/DEBUG] (FabricLoader/Mixin) carpet.mixins.json:ServerGamePacketListenerImpl_scarpetEventsMixin from mod carpet->@Inject::onSwing(Lnet/minecraft/network/packet/c2s/play/HandSwingC2SPacket;Lorg/spongepowered/asm/mixin/injection/callback/CallbackInfo;)V has 0 override(s) in child classes
[22:23:25] [Render thread/DEBUG] (FabricLoader/Mixin) carpet.mixins.json:ServerGamePacketListenerImpl_scarpetEventsMixin from mod carpet->@Inject::onSwing(Lnet/minecraft/network/packet/c2s/play/HandSwingC2SPacket;Lorg/spongepowered/asm/mixin/injection/callback/CallbackInfo;)V won't be passed a CallbackInfo as a result
[22:23:25] [Render thread/DEBUG] (FabricLoader/Mixin) carpet.mixins.json:ServerGamePacketListenerImpl_scarpetEventsMixin from mod carpet->@Inject::onChatCommandMessage(Lnet/minecraft/network/packet/c2s/play/CommandExecutionC2SPacket;Lorg/spongepowered/asm/mixin/injection/callback/CallbackInfo;)V doesn't use it's CallbackInfo
[22:23:25] [Render thread/DEBUG] (FabricLoader/Mixin) carpet.mixins.json:ServerGamePacketListenerImpl_scarpetEventsMixin from mod carpet->@Inject::onChatCommandMessage(Lnet/minecraft/network/packet/c2s/play/CommandExecutionC2SPacket;Lorg/spongepowered/asm/mixin/injection/callback/CallbackInfo;)V has 0 override(s) in child classes
[22:23:25] [Render thread/DEBUG] (FabricLoader/Mixin) carpet.mixins.json:ServerGamePacketListenerImpl_scarpetEventsMixin from mod carpet->@Inject::onChatCommandMessage(Lnet/minecraft/network/packet/c2s/play/CommandExecutionC2SPacket;Lorg/spongepowered/asm/mixin/injection/callback/CallbackInfo;)V won't be passed a CallbackInfo as a result
[22:23:25] [Render thread/DEBUG] (FabricLoader/Mixin) carpet.mixins.json:ServerGamePacketListenerImpl_antiCheatDisabledMixin from mod carpet->@Inject::restrictFloatingBits(Lorg/spongepowered/asm/mixin/injection/callback/CallbackInfo;)V doesn't use it's CallbackInfo
[22:23:25] [Render thread/DEBUG] (FabricLoader/Mixin) carpet.mixins.json:ServerGamePacketListenerImpl_antiCheatDisabledMixin from mod carpet->@Inject::restrictFloatingBits(Lorg/spongepowered/asm/mixin/injection/callback/CallbackInfo;)V has 0 override(s) in child classes
[22:23:25] [Render thread/DEBUG] (FabricLoader/Mixin) carpet.mixins.json:ServerGamePacketListenerImpl_antiCheatDisabledMixin from mod carpet->@Inject::restrictFloatingBits(Lorg/spongepowered/asm/mixin/injection/callback/CallbackInfo;)V won't be passed a CallbackInfo as a result
[22:23:25] [Render thread/DEBUG] (FabricLoader/Mixin) carpet.mixins.json:ServerGamePacketListenerimpl_connectionMixin from mod carpet->@Inject::onCustomCarpetPayload(Lnet/minecraft/network/packet/c2s/common/CustomPayloadC2SPacket;Lorg/spongepowered/asm/mixin/injection/callback/CallbackInfo;)V does use it's CallbackInfo
[22:23:25] [Render thread/INFO] (Better Player Locator Bar) [BPLB] Server initialized!
[22:23:25] [Render thread/DEBUG] (FabricLoader/Mixin) Mixing CommandNode_scarpetCommandsMixin from carpet.mixins.json into com.mojang.brigadier.tree.CommandNode
[22:23:25] [Render thread/DEBUG] (FabricLoader/Mixin) carpet.mixins.json:CommandNode_scarpetCommandsMixin from mod carpet: Class version 65 required is higher than the class version supported by the current version of Mixin (JAVA_17 supports class version 61)
[22:23:25] [Render thread/INFO] (Better Player Locator Bar) [BPLB] Registering server configuration commands
[22:23:25] [Render thread/INFO] (Better Player Locator Bar) [BPLB] Server configuration commands registered
[22:23:25] [Render thread/INFO] (Better Player Locator Bar) [BPLB] Mod initialization finished
[22:23:25] [Render thread/DEBUG] (FabricLoader/Entrypoint) Iterating over entrypoint 'client'
[22:23:25] [Render thread/INFO] (net.fabricmc.fabric.impl.client.indigo.Indigo) [Indigo] Registering Indigo renderer!
[22:23:26] [Render thread/DEBUG] (FabricLoader/Mixin) Mixing GameRendererMixin from fabric-screen-api-v1.mixins.json into net.minecraft.client.render.GameRenderer
[22:23:26] [Render thread/DEBUG] (FabricLoader/Mixin) fabric-screen-api-v1.mixins.json:GameRendererMixin from mod fabric-screen-api-v1: Class version 65 required is higher than the class version supported by the current version of Mixin (JAVA_17 supports class version 61)
[22:23:26] [Render thread/DEBUG] (FabricLoader/Mixin) Mixing shader.GameRendererMixin from fabric-rendering-v1.mixins.json into net.minecraft.client.render.GameRenderer
[22:23:26] [Render thread/DEBUG] (FabricLoader/Mixin) fabric-rendering-v1.mixins.json:shader.GameRendererMixin from mod fabric-rendering-v1: Class version 65 required is higher than the class version supported by the current version of Mixin (JAVA_17 supports class version 61)
[22:23:26] [Render thread/DEBUG] (FabricLoader/Mixin) Renaming synthetic method lambda$registerShaders$0(Lnet/minecraft/resource/ResourceFactory;Ljava/util/List;Lnet/minecraft/util/Identifier;Lnet/minecraft/client/render/VertexFormat;Ljava/util/function/Consumer;)V to mda8b304$fabric-rendering-v1$lambda$registerShaders$0$0 in fabric-rendering-v1.mixins.json:shader.GameRendererMixin from mod fabric-rendering-v1
[22:23:26] [Render thread/DEBUG] (FabricLoader/Mixin) fabric-rendering-v1.mixins.json:shader.GameRendererMixin from mod fabric-rendering-v1->@Inject::registerShaders(Lnet/minecraft/resource/ResourceFactory;Lorg/spongepowered/asm/mixin/injection/callback/CallbackInfo;)V doesn't use it's CallbackInfo
[22:23:26] [Render thread/DEBUG] (FabricLoader/Mixin) fabric-rendering-v1.mixins.json:shader.GameRendererMixin from mod fabric-rendering-v1->@Inject::registerShaders(Lnet/minecraft/resource/ResourceFactory;Lorg/spongepowered/asm/mixin/injection/callback/CallbackInfo;)V has 0 override(s) in child classes
[22:23:26] [Render thread/DEBUG] (FabricLoader/Mixin) fabric-rendering-v1.mixins.json:shader.GameRendererMixin from mod fabric-rendering-v1->@Inject::registerShaders(Lnet/minecraft/resource/ResourceFactory;Lorg/spongepowered/asm/mixin/injection/callback/CallbackInfo;)V won't be passed a CallbackInfo as a result
[22:23:26] [Render thread/DEBUG] (FabricLoader/Mixin) Mixing shader.ShaderProgramMixin from fabric-rendering-v1.mixins.json into net.minecraft.client.gl.ShaderProgram
[22:23:26] [Render thread/DEBUG] (FabricLoader/Mixin) fabric-rendering-v1.mixins.json:shader.ShaderProgramMixin from mod fabric-rendering-v1: Class version 65 required is higher than the class version supported by the current version of Mixin (JAVA_17 supports class version 61)
[22:23:26] [Render thread/DEBUG] (FabricLoader/Mixin) Mixing client.SpriteAtlasTextureMixin from fabric-renderer-api-v1.mixins.json into net.minecraft.client.texture.SpriteAtlasTexture
[22:23:26] [Render thread/DEBUG] (FabricLoader/Mixin) fabric-renderer-api-v1.mixins.json:client.SpriteAtlasTextureMixin from mod fabric-renderer-api-v1: Class version 65 required is higher than the class version supported by the current version of Mixin (JAVA_17 supports class version 61)
[22:23:26] [Render thread/DEBUG] (FabricLoader/Mixin) fabric-renderer-api-v1.mixins.json:client.SpriteAtlasTextureMixin from mod fabric-renderer-api-v1->@Inject::uploadHook(Lnet/minecraft/client/texture/SpriteLoader$StitchResult;Lorg/spongepowered/asm/mixin/injection/callback/CallbackInfo;)V doesn't use it's CallbackInfo
[22:23:26] [Render thread/DEBUG] (FabricLoader/Mixin) fabric-renderer-api-v1.mixins.json:client.SpriteAtlasTextureMixin from mod fabric-renderer-api-v1->@Inject::uploadHook(Lnet/minecraft/client/texture/SpriteLoader$StitchResult;Lorg/spongepowered/asm/mixin/injection/callback/CallbackInfo;)V has 0 override(s) in child classes
[22:23:26] [Render thread/DEBUG] (FabricLoader/Mixin) fabric-renderer-api-v1.mixins.json:client.SpriteAtlasTextureMixin from mod fabric-renderer-api-v1->@Inject::uploadHook(Lnet/minecraft/client/texture/SpriteLoader$StitchResult;Lorg/spongepowered/asm/mixin/injection/callback/CallbackInfo;)V won't be passed a CallbackInfo as a result
[22:23:26] [Render thread/DEBUG] (FabricLoader/Mixin) Mixing ItemRendererAccessor from fabric-renderer-indigo.mixins.json into net.minecraft.client.render.item.ItemRenderer
[22:23:26] [Render thread/DEBUG] (FabricLoader/Mixin) fabric-renderer-indigo.mixins.json:ItemRendererAccessor from mod fabric-renderer-indigo: Class version 65 required is higher than the class version supported by the current version of Mixin (JAVA_17 supports class version 61)
[22:23:26] [Render thread/DEBUG] (FabricLoader/Mixin) Renaming @Invoker method fabric_callUsesDynamicDisplay(Lnet/minecraft/item/ItemStack;)Z to fabric_callUsesDynamicDisplay$fabric-renderer-indigo_$md$a8b304$0 in fabric-renderer-indigo.mixins.json:ItemRendererAccessor from mod fabric-renderer-indigo
[22:23:26] [Render thread/DEBUG] (FabricLoader/Mixin) Mixing ItemRendererMixin from fabric-renderer-indigo.mixins.json into net.minecraft.client.render.item.ItemRenderer
[22:23:26] [Render thread/DEBUG] (FabricLoader/Mixin) fabric-renderer-indigo.mixins.json:ItemRendererMixin from mod fabric-renderer-indigo: Class version 65 required is higher than the class version supported by the current version of Mixin (JAVA_17 supports class version 61)
[22:23:26] [Render thread/DEBUG] (FabricLoader/Mixin) Renaming synthetic method lambda$new$0()Lnet/fabricmc/fabric/impl/client/indigo/renderer/render/ItemRenderContext; to mda8b304$fabric-renderer-indigo$lambda$new$0$1 in fabric-renderer-indigo.mixins.json:ItemRendererMixin from mod fabric-renderer-indigo
[22:23:26] [Render thread/DEBUG] (FabricLoader/Mixin) Mixing KeyedResourceReloadListenerClientMixin from fabric-resource-loader-v0.client.mixins.json into net.minecraft.client.render.item.ItemRenderer
[22:23:26] [Render thread/DEBUG] (FabricLoader/Mixin) fabric-resource-loader-v0.client.mixins.json:KeyedResourceReloadListenerClientMixin from mod fabric-resource-loader-v0: Class version 65 required is higher than the class version supported by the current version of Mixin (JAVA_17 supports class version 61)
[22:23:26] [Render thread/DEBUG] (FabricLoader/Mixin) fabric-renderer-indigo.mixins.json:ItemRendererMixin from mod fabric-renderer-indigo->@Inject::hook_renderItem(Lnet/minecraft/item/ItemStack;Lnet/minecraft/client/render/model/json/ModelTransformationMode;ZLnet/minecraft/client/util/math/MatrixStack;Lnet/minecraft/client/render/VertexConsumerProvider;IILnet/minecraft/client/render/model/BakedModel;Lorg/spongepowered/asm/mixin/injection/callback/CallbackInfo;)V does use it's CallbackInfo
[22:23:26] [Render thread/DEBUG] (FabricLoader/Mixin) Mixing WorldRendererMixin from fabric-rendering-v1.mixins.json into net.minecraft.client.render.WorldRenderer
[22:23:26] [Render thread/DEBUG] (FabricLoader/Mixin) fabric-rendering-v1.mixins.json:WorldRendererMixin from mod fabric-rendering-v1: Class version 65 required is higher than the class version supported by the current version of Mixin (JAVA_17 supports class version 61)
[22:23:26] [Render thread/DEBUG] (FabricLoader/Mixin) Mixing LevelRenderer_creativeNoClipMixin from carpet.mixins.json into net.minecraft.client.render.WorldRenderer
[22:23:26] [Render thread/DEBUG] (FabricLoader/Mixin) carpet.mixins.json:LevelRenderer_creativeNoClipMixin from mod carpet: Class version 65 required is higher than the class version supported by the current version of Mixin (JAVA_17 supports class version 61)
[22:23:26] [Render thread/DEBUG] (FabricLoader/Mixin) Mixing LevelRenderer_scarpetRenderMixin from carpet.mixins.json into net.minecraft.client.render.WorldRenderer
[22:23:26] [Render thread/DEBUG] (FabricLoader/Mixin) carpet.mixins.json:LevelRenderer_scarpetRenderMixin from mod carpet: Class version 65 required is higher than the class version supported by the current version of Mixin (JAVA_17 supports class version 61)
[22:23:26] [Render thread/DEBUG] (FabricLoader/Mixin) Mixing KeyedResourceReloadListenerClientMixin from fabric-resource-loader-v0.client.mixins.json into net.minecraft.client.render.WorldRenderer
[22:23:26] [Render thread/DEBUG] (FabricLoader/Mixin) fabric-resource-loader-v0.client.mixins.json:KeyedResourceReloadListenerClientMixin from mod fabric-resource-loader-v0: Class version 65 required is higher than the class version supported by the current version of Mixin (JAVA_17 supports class version 61)
[22:23:26] [Render thread/DEBUG] (FabricLoader/Mixin) Mixing LevelRenderer_fogOffMixin from carpet.mixins.json into net.minecraft.client.render.WorldRenderer
[22:23:26] [Render thread/DEBUG] (FabricLoader/Mixin) carpet.mixins.json:LevelRenderer_fogOffMixin from mod carpet: Class version 65 required is higher than the class version supported by the current version of Mixin (JAVA_17 supports class version 61)
[22:23:26] [Render thread/DEBUG] (FabricLoader/Mixin) fabric-rendering-v1.mixins.json:WorldRendererMixin from mod fabric-rendering-v1->@Inject::beforeRender(FJZLnet/minecraft/client/render/Camera;Lnet/minecraft/client/render/GameRenderer;Lnet/minecraft/client/render/LightmapTextureManager;Lorg/joml/Matrix4f;Lorg/joml/Matrix4f;Lorg/spongepowered/asm/mixin/injection/callback/CallbackInfo;)V doesn't use it's CallbackInfo
[22:23:26] [Render thread/DEBUG] (FabricLoader/Mixin) fabric-rendering-v1.mixins.json:WorldRendererMixin from mod fabric-rendering-v1->@Inject::beforeRender(FJZLnet/minecraft/client/render/Camera;Lnet/minecraft/client/render/GameRenderer;Lnet/minecraft/client/render/LightmapTextureManager;Lorg/joml/Matrix4f;Lorg/joml/Matrix4f;Lorg/spongepowered/asm/mixin/injection/callback/CallbackInfo;)V has 0 override(s) in child classes
[22:23:26] [Render thread/DEBUG] (FabricLoader/Mixin) fabric-rendering-v1.mixins.json:WorldRendererMixin from mod fabric-rendering-v1->@Inject::beforeRender(FJZLnet/minecraft/client/render/Camera;Lnet/minecraft/client/render/GameRenderer;Lnet/minecraft/client/render/LightmapTextureManager;Lorg/joml/Matrix4f;Lorg/joml/Matrix4f;Lorg/spongepowered/asm/mixin/injection/callback/CallbackInfo;)V won't be passed a CallbackInfo as a result
[22:23:26] [Render thread/DEBUG] (FabricLoader/Mixin) fabric-rendering-v1.mixins.json:WorldRendererMixin from mod fabric-rendering-v1->@Inject::afterTerrainSetup(Lnet/minecraft/client/render/Camera;Lnet/minecraft/client/render/Frustum;ZZLorg/spongepowered/asm/mixin/injection/callback/CallbackInfo;)V doesn't use it's CallbackInfo
[22:23:26] [Render thread/DEBUG] (FabricLoader/Mixin) fabric-rendering-v1.mixins.json:WorldRendererMixin from mod fabric-rendering-v1->@Inject::afterTerrainSetup(Lnet/minecraft/client/render/Camera;Lnet/minecraft/client/render/Frustum;ZZLorg/spongepowered/asm/mixin/injection/callback/CallbackInfo;)V has 0 override(s) in child classes
[22:23:26] [Render thread/DEBUG] (FabricLoader/Mixin) fabric-rendering-v1.mixins.json:WorldRendererMixin from mod fabric-rendering-v1->@Inject::afterTerrainSetup(Lnet/minecraft/client/render/Camera;Lnet/minecraft/client/render/Frustum;ZZLorg/spongepowered/asm/mixin/injection/callback/CallbackInfo;)V won't be passed a CallbackInfo as a result
[22:23:26] [Render thread/DEBUG] (FabricLoader/Mixin) fabric-rendering-v1.mixins.json:WorldRendererMixin from mod fabric-rendering-v1->@Inject::afterTerrainSolid(Lorg/spongepowered/asm/mixin/injection/callback/CallbackInfo;)V doesn't use it's CallbackInfo
[22:23:26] [Render thread/DEBUG] (FabricLoader/Mixin) fabric-rendering-v1.mixins.json:WorldRendererMixin from mod fabric-rendering-v1->@Inject::afterTerrainSolid(Lorg/spongepowered/asm/mixin/injection/callback/CallbackInfo;)V has 0 override(s) in child classes
[22:23:26] [Render thread/DEBUG] (FabricLoader/Mixin) fabric-rendering-v1.mixins.json:WorldRendererMixin from mod fabric-rendering-v1->@Inject::afterTerrainSolid(Lorg/spongepowered/asm/mixin/injection/callback/CallbackInfo;)V won't be passed a CallbackInfo as a result
[22:23:26] [Render thread/DEBUG] (FabricLoader/Mixin) fabric-rendering-v1.mixins.json:WorldRendererMixin from mod fabric-rendering-v1->@Inject::afterEntities(Lorg/spongepowered/asm/mixin/injection/callback/CallbackInfo;)V doesn't use it's CallbackInfo
[22:23:26] [Render thread/DEBUG] (FabricLoader/Mixin) fabric-rendering-v1.mixins.json:WorldRendererMixin from mod fabric-rendering-v1->@Inject::afterEntities(Lorg/spongepowered/asm/mixin/injection/callback/CallbackInfo;)V has 0 override(s) in child classes
[22:23:26] [Render thread/DEBUG] (FabricLoader/Mixin) fabric-rendering-v1.mixins.json:WorldRendererMixin from mod fabric-rendering-v1->@Inject::afterEntities(Lorg/spongepowered/asm/mixin/injection/callback/CallbackInfo;)V won't be passed a CallbackInfo as a result
[22:23:26] [Render thread/DEBUG] (FabricLoader/Mixin) fabric-rendering-v1.mixins.json:WorldRendererMixin from mod fabric-rendering-v1->@Inject::beforeRenderOutline(Lorg/spongepowered/asm/mixin/injection/callback/CallbackInfo;)V doesn't use it's CallbackInfo
[22:23:26] [Render thread/DEBUG] (FabricLoader/Mixin) fabric-rendering-v1.mixins.json:WorldRendererMixin from mod fabric-rendering-v1->@Inject::beforeRenderOutline(Lorg/spongepowered/asm/mixin/injection/callback/CallbackInfo;)V has 0 override(s) in child classes
[22:23:26] [Render thread/DEBUG] (FabricLoader/Mixin) fabric-rendering-v1.mixins.json:WorldRendererMixin from mod fabric-rendering-v1->@Inject::beforeRenderOutline(Lorg/spongepowered/asm/mixin/injection/callback/CallbackInfo;)V won't be passed a CallbackInfo as a result
[22:23:26] [Render thread/DEBUG] (FabricLoader/Mixin) fabric-rendering-v1.mixins.json:WorldRendererMixin from mod fabric-rendering-v1->@Inject::onDrawBlockOutline(Lnet/minecraft/client/util/math/MatrixStack;Lnet/minecraft/client/render/VertexConsumer;Lnet/minecraft/entity/Entity;DDDLnet/minecraft/util/math/BlockPos;Lnet/minecraft/block/BlockState;Lorg/spongepowered/asm/mixin/injection/callback/CallbackInfo;)V does use it's CallbackInfo
[22:23:26] [Render thread/DEBUG] (FabricLoader/Mixin) fabric-rendering-v1.mixins.json:WorldRendererMixin from mod fabric-rendering-v1->@Inject::beforeDebugRender(Lorg/spongepowered/asm/mixin/injection/callback/CallbackInfo;)V doesn't use it's CallbackInfo
[22:23:26] [Render thread/DEBUG] (FabricLoader/Mixin) fabric-rendering-v1.mixins.json:WorldRendererMixin from mod fabric-rendering-v1->@Inject::beforeDebugRender(Lorg/spongepowered/asm/mixin/injection/callback/CallbackInfo;)V has 0 override(s) in child classes
[22:23:26] [Render thread/DEBUG] (FabricLoader/Mixin) fabric-rendering-v1.mixins.json:WorldRendererMixin from mod fabric-rendering-v1->@Inject::beforeDebugRender(Lorg/spongepowered/asm/mixin/injection/callback/CallbackInfo;)V won't be passed a CallbackInfo as a result
[22:23:26] [Render thread/DEBUG] (FabricLoader/Mixin) fabric-rendering-v1.mixins.json:WorldRendererMixin from mod fabric-rendering-v1->@Inject::beforeClouds(Lorg/spongepowered/asm/mixin/injection/callback/CallbackInfo;)V doesn't use it's CallbackInfo
[22:23:26] [Render thread/DEBUG] (FabricLoader/Mixin) fabric-rendering-v1.mixins.json:WorldRendererMixin from mod fabric-rendering-v1->@Inject::beforeClouds(Lorg/spongepowered/asm/mixin/injection/callback/CallbackInfo;)V has 0 override(s) in child classes
[22:23:26] [Render thread/DEBUG] (FabricLoader/Mixin) fabric-rendering-v1.mixins.json:WorldRendererMixin from mod fabric-rendering-v1->@Inject::beforeClouds(Lorg/spongepowered/asm/mixin/injection/callback/CallbackInfo;)V won't be passed a CallbackInfo as a result
[22:23:26] [Render thread/DEBUG] (FabricLoader/Mixin) fabric-rendering-v1.mixins.json:WorldRendererMixin from mod fabric-rendering-v1->@Inject::onChunkDebugRender(Lorg/spongepowered/asm/mixin/injection/callback/CallbackInfo;)V doesn't use it's CallbackInfo
[22:23:26] [Render thread/DEBUG] (FabricLoader/Mixin) fabric-rendering-v1.mixins.json:WorldRendererMixin from mod fabric-rendering-v1->@Inject::onChunkDebugRender(Lorg/spongepowered/asm/mixin/injection/callback/CallbackInfo;)V has 0 override(s) in child classes
[22:23:26] [Render thread/DEBUG] (FabricLoader/Mixin) fabric-rendering-v1.mixins.json:WorldRendererMixin from mod fabric-rendering-v1->@Inject::onChunkDebugRender(Lorg/spongepowered/asm/mixin/injection/callback/CallbackInfo;)V won't be passed a CallbackInfo as a result
[22:23:26] [Render thread/DEBUG] (FabricLoader/Mixin) fabric-rendering-v1.mixins.json:WorldRendererMixin from mod fabric-rendering-v1->@Inject::afterRender(Lorg/spongepowered/asm/mixin/injection/callback/CallbackInfo;)V doesn't use it's CallbackInfo
[22:23:26] [Render thread/DEBUG] (FabricLoader/Mixin) fabric-rendering-v1.mixins.json:WorldRendererMixin from mod fabric-rendering-v1->@Inject::afterRender(Lorg/spongepowered/asm/mixin/injection/callback/CallbackInfo;)V has 0 override(s) in child classes
[22:23:26] [Render thread/DEBUG] (FabricLoader/Mixin) fabric-rendering-v1.mixins.json:WorldRendererMixin from mod fabric-rendering-v1->@Inject::afterRender(Lorg/spongepowered/asm/mixin/injection/callback/CallbackInfo;)V won't be passed a CallbackInfo as a result
[22:23:26] [Render thread/DEBUG] (FabricLoader/Mixin) fabric-rendering-v1.mixins.json:WorldRendererMixin from mod fabric-rendering-v1->@Inject::onReload(Lorg/spongepowered/asm/mixin/injection/callback/CallbackInfo;)V doesn't use it's CallbackInfo
[22:23:26] [Render thread/DEBUG] (FabricLoader/Mixin) fabric-rendering-v1.mixins.json:WorldRendererMixin from mod fabric-rendering-v1->@Inject::onReload(Lorg/spongepowered/asm/mixin/injection/callback/CallbackInfo;)V has 0 override(s) in child classes
[22:23:26] [Render thread/DEBUG] (FabricLoader/Mixin) fabric-rendering-v1.mixins.json:WorldRendererMixin from mod fabric-rendering-v1->@Inject::onReload(Lorg/spongepowered/asm/mixin/injection/callback/CallbackInfo;)V won't be passed a CallbackInfo as a result
[22:23:26] [Render thread/DEBUG] (FabricLoader/Mixin) fabric-rendering-v1.mixins.json:WorldRendererMixin from mod fabric-rendering-v1->@Inject::renderWeather(Lnet/minecraft/client/render/LightmapTextureManager;FDDDLorg/spongepowered/asm/mixin/injection/callback/CallbackInfo;)V does use it's CallbackInfo
[22:23:26] [Render thread/DEBUG] (FabricLoader/Mixin) fabric-rendering-v1.mixins.json:WorldRendererMixin from mod fabric-rendering-v1->@Inject::renderCloud(Lnet/minecraft/client/util/math/MatrixStack;Lorg/joml/Matrix4f;Lorg/joml/Matrix4f;FDDDLorg/spongepowered/asm/mixin/injection/callback/CallbackInfo;)V does use it's CallbackInfo
[22:23:26] [Render thread/DEBUG] (FabricLoader/Mixin) fabric-rendering-v1.mixins.json:WorldRendererMixin from mod fabric-rendering-v1->@Inject::renderSky(Lorg/joml/Matrix4f;Lorg/joml/Matrix4f;FLnet/minecraft/client/render/Camera;ZLjava/lang/Runnable;Lorg/spongepowered/asm/mixin/injection/callback/CallbackInfo;)V does use it's CallbackInfo
[22:23:26] [Render thread/DEBUG] (FabricLoader/Mixin) carpet.mixins.json:LevelRenderer_scarpetRenderMixin from mod carpet->@Inject::addRenderers(Lnet/minecraft/client/MinecraftClient;Lnet/minecraft/client/render/entity/EntityRenderDispatcher;Lnet/minecraft/client/render/block/entity/BlockEntityRenderDispatcher;Lnet/minecraft/client/render/BufferBuilderStorage;Lorg/spongepowered/asm/mixin/injection/callback/CallbackInfo;)V doesn't use it's CallbackInfo
[22:23:26] [Render thread/DEBUG] (FabricLoader/Mixin) carpet.mixins.json:LevelRenderer_scarpetRenderMixin from mod carpet->@Inject::addRenderers(Lnet/minecraft/client/MinecraftClient;Lnet/minecraft/client/render/entity/EntityRenderDispatcher;Lnet/minecraft/client/render/block/entity/BlockEntityRenderDispatcher;Lnet/minecraft/client/render/BufferBuilderStorage;Lorg/spongepowered/asm/mixin/injection/callback/CallbackInfo;)V has 0 override(s) in child classes
[22:23:26] [Render thread/DEBUG] (FabricLoader/Mixin) carpet.mixins.json:LevelRenderer_scarpetRenderMixin from mod carpet->@Inject::addRenderers(Lnet/minecraft/client/MinecraftClient;Lnet/minecraft/client/render/entity/EntityRenderDispatcher;Lnet/minecraft/client/render/block/entity/BlockEntityRenderDispatcher;Lnet/minecraft/client/render/BufferBuilderStorage;Lorg/spongepowered/asm/mixin/injection/callback/CallbackInfo;)V won't be passed a CallbackInfo as a result
[22:23:26] [Render thread/DEBUG] (FabricLoader/Mixin) carpet.mixins.json:LevelRenderer_scarpetRenderMixin from mod carpet->@Inject::renderScarpetThings(FJZLnet/minecraft/client/render/Camera;Lnet/minecraft/client/render/GameRenderer;Lnet/minecraft/client/render/LightmapTextureManager;Lorg/joml/Matrix4f;Lorg/joml/Matrix4f;Lorg/spongepowered/asm/mixin/injection/callback/CallbackInfo;)V doesn't use it's CallbackInfo
[22:23:26] [Render thread/DEBUG] (FabricLoader/Mixin) carpet.mixins.json:LevelRenderer_scarpetRenderMixin from mod carpet->@Inject::renderScarpetThings(FJZLnet/minecraft/client/render/Camera;Lnet/minecraft/client/render/GameRenderer;Lnet/minecraft/client/render/LightmapTextureManager;Lorg/joml/Matrix4f;Lorg/joml/Matrix4f;Lorg/spongepowered/asm/mixin/injection/callback/CallbackInfo;)V has 0 override(s) in child classes
[22:23:26] [Render thread/DEBUG] (FabricLoader/Mixin) carpet.mixins.json:LevelRenderer_scarpetRenderMixin from mod carpet->@Inject::renderScarpetThings(FJZLnet/minecraft/client/render/Camera;Lnet/minecraft/client/render/GameRenderer;Lnet/minecraft/client/render/LightmapTextureManager;Lorg/joml/Matrix4f;Lorg/joml/Matrix4f;Lorg/spongepowered/asm/mixin/injection/callback/CallbackInfo;)V won't be passed a CallbackInfo as a result
[22:23:26] [Render thread/DEBUG] (FabricLoader/Mixin) Mixing SoundInstanceMixin from fabric-sound-api-v1.mixins.json into net.minecraft.client.sound.SoundInstance
[22:23:26] [Render thread/DEBUG] (FabricLoader/Mixin) fabric-sound-api-v1.mixins.json:SoundInstanceMixin from mod fabric-sound-api-v1: Class version 65 required is higher than the class version supported by the current version of Mixin (JAVA_17 supports class version 61)
[22:23:26] [Download-1/DEBUG] (com.mojang.authlib.yggdrasil.YggdrasilMinecraftSessionService) Couldn't fetch profile properties for 3c098a03-04cc-31fd-856f-be4ccab4daf7 as the profile does not exist
[22:23:26] [Render thread/DEBUG] (FabricLoader/Mixin) Mixing Explosion_scarpetEventMixin from carpet.mixins.json into net.minecraft.world.explosion.Explosion
[22:23:26] [Render thread/DEBUG] (FabricLoader/Mixin) carpet.mixins.json:Explosion_scarpetEventMixin from mod carpet: Class version 65 required is higher than the class version supported by the current version of Mixin (JAVA_17 supports class version 61)
[22:23:26] [Render thread/DEBUG] (FabricLoader/Mixin) Mixing Explosion_optimizedTntMixin from carpet.mixins.json into net.minecraft.world.explosion.Explosion
[22:23:26] [Render thread/DEBUG] (FabricLoader/Mixin) carpet.mixins.json:Explosion_optimizedTntMixin from mod carpet: Class version 65 required is higher than the class version supported by the current version of Mixin (JAVA_17 supports class version 61)
[22:23:26] [Render thread/DEBUG] (FabricLoader/Mixin) Mixing ExplosionAccessor from carpet.mixins.json into net.minecraft.world.explosion.Explosion
[22:23:26] [Render thread/DEBUG] (FabricLoader/Mixin) carpet.mixins.json:ExplosionAccessor from mod carpet: Class version 65 required is higher than the class version supported by the current version of Mixin (JAVA_17 supports class version 61)
[22:23:26] [Render thread/DEBUG] (FabricLoader/Mixin) carpet.mixins.json:Explosion_scarpetEventMixin from mod carpet->@Inject::onExplosionCreated(Lnet/minecraft/world/World;Lnet/minecraft/entity/Entity;Lnet/minecraft/entity/damage/DamageSource;Lnet/minecraft/world/explosion/ExplosionBehavior;DDDFZLnet/minecraft/world/explosion/Explosion$DestructionType;Lnet/minecraft/particle/ParticleEffect;Lnet/minecraft/particle/ParticleEffect;Lnet/minecraft/registry/entry/RegistryEntry;Lorg/spongepowered/asm/mixin/injection/callback/CallbackInfo;)V doesn't use it's CallbackInfo
[22:23:26] [Render thread/DEBUG] (FabricLoader/Mixin) carpet.mixins.json:Explosion_scarpetEventMixin from mod carpet->@Inject::onExplosionCreated(Lnet/minecraft/world/World;Lnet/minecraft/entity/Entity;Lnet/minecraft/entity/damage/DamageSource;Lnet/minecraft/world/explosion/ExplosionBehavior;DDDFZLnet/minecraft/world/explosion/Explosion$DestructionType;Lnet/minecraft/particle/ParticleEffect;Lnet/minecraft/particle/ParticleEffect;Lnet/minecraft/registry/entry/RegistryEntry;Lorg/spongepowered/asm/mixin/injection/callback/CallbackInfo;)V has 0 override(s) in child classes
[22:23:26] [Render thread/DEBUG] (FabricLoader/Mixin) carpet.mixins.json:Explosion_scarpetEventMixin from mod carpet->@Inject::onExplosionCreated(Lnet/minecraft/world/World;Lnet/minecraft/entity/Entity;Lnet/minecraft/entity/damage/DamageSource;Lnet/minecraft/world/explosion/ExplosionBehavior;DDDFZLnet/minecraft/world/explosion/Explosion$DestructionType;Lnet/minecraft/particle/ParticleEffect;Lnet/minecraft/particle/ParticleEffect;Lnet/minecraft/registry/entry/RegistryEntry;Lorg/spongepowered/asm/mixin/injection/callback/CallbackInfo;)V won't be passed a CallbackInfo as a result
[22:23:26] [Render thread/DEBUG] (FabricLoader/Mixin) carpet.mixins.json:Explosion_scarpetEventMixin from mod carpet->@Inject::onExplosion(ZLorg/spongepowered/asm/mixin/injection/callback/CallbackInfo;)V doesn't use it's CallbackInfo
[22:23:26] [Render thread/DEBUG] (FabricLoader/Mixin) carpet.mixins.json:Explosion_scarpetEventMixin from mod carpet->@Inject::onExplosion(ZLorg/spongepowered/asm/mixin/injection/callback/CallbackInfo;)V has 0 override(s) in child classes
[22:23:26] [Render thread/DEBUG] (FabricLoader/Mixin) carpet.mixins.json:Explosion_scarpetEventMixin from mod carpet->@Inject::onExplosion(ZLorg/spongepowered/asm/mixin/injection/callback/CallbackInfo;)V won't be passed a CallbackInfo as a result
[22:23:26] [Render thread/DEBUG] (FabricLoader/Mixin) carpet.mixins.json:Explosion_optimizedTntMixin from mod carpet->@Inject::onExplosionA(Lorg/spongepowered/asm/mixin/injection/callback/CallbackInfo;)V does use it's CallbackInfo
[22:23:26] [Render thread/DEBUG] (FabricLoader/Mixin) carpet.mixins.json:Explosion_optimizedTntMixin from mod carpet->@Inject::onExplosionB(ZLorg/spongepowered/asm/mixin/injection/callback/CallbackInfo;)V does use it's CallbackInfo
[22:23:26] [Render thread/DEBUG] (FabricLoader/Mixin) carpet.mixins.json:Explosion_optimizedTntMixin from mod carpet->@Inject::onExplosionCreated(Lnet/minecraft/world/World;Lnet/minecraft/entity/Entity;Lnet/minecraft/entity/damage/DamageSource;Lnet/minecraft/world/explosion/ExplosionBehavior;DDDFZLnet/minecraft/world/explosion/Explosion$DestructionType;Lnet/minecraft/particle/ParticleEffect;Lnet/minecraft/particle/ParticleEffect;Lnet/minecraft/registry/entry/RegistryEntry;Lorg/spongepowered/asm/mixin/injection/callback/CallbackInfo;)V doesn't use it's CallbackInfo
[22:23:26] [Render thread/DEBUG] (FabricLoader/Mixin) carpet.mixins.json:Explosion_optimizedTntMixin from mod carpet->@Inject::onExplosionCreated(Lnet/minecraft/world/World;Lnet/minecraft/entity/Entity;Lnet/minecraft/entity/damage/DamageSource;Lnet/minecraft/world/explosion/ExplosionBehavior;DDDFZLnet/minecraft/world/explosion/Explosion$DestructionType;Lnet/minecraft/particle/ParticleEffect;Lnet/minecraft/particle/ParticleEffect;Lnet/minecraft/registry/entry/RegistryEntry;Lorg/spongepowered/asm/mixin/injection/callback/CallbackInfo;)V has 0 override(s) in child classes
[22:23:26] [Render thread/DEBUG] (FabricLoader/Mixin) carpet.mixins.json:Explosion_optimizedTntMixin from mod carpet->@Inject::onExplosionCreated(Lnet/minecraft/world/World;Lnet/minecraft/entity/Entity;Lnet/minecraft/entity/damage/DamageSource;Lnet/minecraft/world/explosion/ExplosionBehavior;DDDFZLnet/minecraft/world/explosion/Explosion$DestructionType;Lnet/minecraft/particle/ParticleEffect;Lnet/minecraft/particle/ParticleEffect;Lnet/minecraft/registry/entry/RegistryEntry;Lorg/spongepowered/asm/mixin/injection/callback/CallbackInfo;)V won't be passed a CallbackInfo as a result
[22:23:26] [Render thread/DEBUG] (FabricLoader/Mixin) Mixing PoiRecord_scarpetMixin from carpet.mixins.json into net.minecraft.world.poi.PointOfInterest
[22:23:26] [Render thread/DEBUG] (FabricLoader/Mixin) carpet.mixins.json:PoiRecord_scarpetMixin from mod carpet: Class version 65 required is higher than the class version supported by the current version of Mixin (JAVA_17 supports class version 61)
[22:23:26] [Render thread/DEBUG] (FabricLoader/Mixin) Mixing ModMenuIconMixin from BetterPlayerLocatorBar.mixins.json into com.terraformersmc.modmenu.gui.ModsScreen
[22:23:26] [Render thread/INFO] (Mod Menu/Update Checker) Checking mod updates...
[22:23:26] [Worker-Main-1/DEBUG] (Mod Menu/Update Checker) Hash for fabric-renderer-api-v1 is 905e24bc727d9b4ef56c1b70a39068bb65c212dc2f9bc899f48f21fb21eae506c4133da4a34f15a958e6cd4c4909ff19e1494c796c17eaaa7829002c73916e59
[22:23:26] [Worker-Main-1/DEBUG] (Mod Menu/Update Checker) Hash for fabric-keybindings-v0 is dfbfca1a0f3d4fad656930847e0a2661440e0e29f8da9ac496d6ce1833dbd2c05d92e68279630f979e83a7e8f8c83b1e4347317060f81bc473068703627334b5
[22:23:26] [Worker-Main-1/DEBUG] (Mod Menu/Update Checker) Hash for fabric-transfer-api-v1 is 99aa3cf5bba775225ab3380221c95017cc5d7ffec05b0e1d576747fc42ad72c6c6a8db2fc94d5d87f840f90ed8d69f9a50d42f660c4458b194c133e33b99620b
[22:23:26] [Worker-Main-1/DEBUG] (Mod Menu/Update Checker) Hash for fabric-object-builder-api-v1 is 37ab66679839dc8a6c1b59fd7b224277afb3faca642591c5261e6b68498568a5101aa6965492c75ab83563f29fd7c7f676b9bda8e3dfa2bd9edce38d9f2cedba
[22:23:26] [Worker-Main-1/DEBUG] (Mod Menu/Update Checker) Hash for fabric-dimensions-v1 is 4e5e2a29ffd6050af875a782f1ab3e07e0c4f59b48c542463607c84e3fa04473bda6e59eead6cfeeac473e1813ef462aa418fe2bbe3fd5e4a71fa35069b66260
[22:23:26] [Worker-Main-1/DEBUG] (Mod Menu/Update Checker) Hash for fabric-game-rule-api-v1 is 8fcca94d4f270e8d52840649227cb3d7741e5006e84f3f062abad69a47fe3076d03db7e7bba3070dd710212e05cce6806533ad97d99cd289207119a44146f966
[22:23:26] [Worker-Main-1/DEBUG] (Mod Menu/Update Checker) Hash for fabric-resource-conditions-api-v1 is 127388b6a71629a2353a0b42d50a61ad4f34802a9e03a02852d95b7ed6aeb49eb98aee45f1cfd6e575511d2c99885ad9bfdae12dd75f49b9804933de7071fe88
[22:23:26] [Worker-Main-1/DEBUG] (Mod Menu/Update Checker) Hash for fabric-api-base is a013030f4e3829251a9cbf7500efb5938618f06454341593511271781bd66398c787f5a88b02f0591f0bdd47eea92fb5c9c2cbf2cd1794c69769250b53234a52
[22:23:26] [Worker-Main-1/DEBUG] (Mod Menu/Update Checker) Hash for fabric-sound-api-v1 is e302fb0df8a0154dfc356ae2723ecc90619520460c5a0498a676f8ca3bc7ab1f0621e963b06084c553f8d420c88fb259a9fec7584bc6df654c8c5b5b078bbeee
[22:23:26] [Worker-Main-1/DEBUG] (Mod Menu/Update Checker) Hash for fabric-rendering-data-attachment-v1 is b514be3f0901888424e33329affa45a5687143e3a67a002fd9e956dfc9008cf2c0cb0734867bd1552791a1b99a8216fefec3db926e1e8f2d5b97b7b6422c8332
[22:23:26] [Worker-Main-1/DEBUG] (Mod Menu/Update Checker) Hash for fabric-model-loading-api-v1 is 920ffdb4abd713f880544228a77225ef5f87f84e46cbf8fedcf444037927a16c721c4347a3ddc5a81dae6822b4bb2cc2f352aa80c69c3c75de070357cf2d9cc1
[22:23:26] [Worker-Main-1/DEBUG] (Mod Menu/Update Checker) Hash for mixinextras is 662569eac1cf6cee5e8ce56925b2cf522e6c35279094b8b518b679d59cb1f453c34b91eecdd3226cafb4b4063044b418d25ce6ffaea410c7ac2670180533c30a
[22:23:26] [Worker-Main-1/DEBUG] (Mod Menu/Update Checker) Hash for fabric-data-attachment-api-v1 is d349d895c3b2f0fbe6dd48865eb47e606589dc1073ea9dff8b3cd4dc1bc52060123a3e6e5c13f43e4683522b210a682db59b751f8cb8724b9aca2179542926b6
[22:23:26] [Worker-Main-1/DEBUG] (Mod Menu/Update Checker) Hash for fabric-rendering-fluids-v1 is 2faf72e5df18e66fc3b0767d8dc44c3619089adc4a9b77b46d3703de1a9caf0f35a8a8bf831bce121b538061cad9a2a14450cbd2679d9329a6afa2efa0d0c0b5
[22:23:26] [Worker-Main-1/DEBUG] (Mod Menu/Update Checker) Hash for fabric-blockrenderlayer-v1 is 5ccc193419f07e9f72b0d083973fd6fd38bb794b71ae45568d569ba7897e8bfa038ef23ef1242be577ecfe16b8dab51aee728d1d2d7fc04f7a8b33f080f4c95f
[22:23:26] [Worker-Main-1/DEBUG] (Mod Menu/Update Checker) Hash for fabric-lifecycle-events-v1 is 605cb951b1b7b06b128ff2a0821239c04fea49d5d3f0e00391c58fc47ad901f1a413ee1a0fc78a7246206b1cb07bf0ed611f0bae161d0148dae6de3ec8ff4a07
[22:23:26] [Render thread/DEBUG] (FabricLoader/Mixin) Mixing ClientPlayNetworkHandlerMixin from fabric-message-api-v1.client.mixins.json into net.minecraft.client.network.ClientPlayNetworkHandler
[22:23:26] [Render thread/DEBUG] (FabricLoader/Mixin) fabric-message-api-v1.client.mixins.json:ClientPlayNetworkHandlerMixin from mod fabric-message-api-v1: Class version 65 required is higher than the class version supported by the current version of Mixin (JAVA_17 supports class version 61)
[22:23:26] [Render thread/DEBUG] (FabricLoader/Mixin) Mixing ClientPlayNetworkHandlerMixin from fabric-networking-api-v1.client.mixins.json into net.minecraft.client.network.ClientPlayNetworkHandler
[22:23:26] [Render thread/DEBUG] (FabricLoader/Mixin) fabric-networking-api-v1.client.mixins.json:ClientPlayNetworkHandlerMixin from mod fabric-networking-api-v1: Class version 65 required is higher than the class version supported by the current version of Mixin (JAVA_17 supports class version 61)
[22:23:26] [Render thread/DEBUG] (FabricLoader/Mixin) Mixing ClientPacketListener_clientCommandMixin from carpet.mixins.json into net.minecraft.client.network.ClientPlayNetworkHandler
[22:23:26] [Render thread/DEBUG] (FabricLoader/Mixin) carpet.mixins.json:ClientPacketListener_clientCommandMixin from mod carpet: Class version 65 required is higher than the class version supported by the current version of Mixin (JAVA_17 supports class version 61)
[22:23:26] [Render thread/DEBUG] (FabricLoader/Mixin) Renaming synthetic method lambda$inspectMessage$0(Lnet/minecraft/client/network/ClientPlayerEntity;Ljava/lang/String;Lcarpet/api/settings/SettingsManager;)V to mda8b304$carpet$lambda$inspectMessage$0$0 in carpet.mixins.json:ClientPacketListener_clientCommandMixin from mod carpet
[22:23:26] [Render thread/DEBUG] (FabricLoader/Mixin) Mixing ClientPacketListener_customPacketsMixin from carpet.mixins.json into net.minecraft.client.network.ClientPlayNetworkHandler
[22:23:26] [Render thread/DEBUG] (FabricLoader/Mixin) carpet.mixins.json:ClientPacketListener_customPacketsMixin from mod carpet: Class version 65 required is higher than the class version supported by the current version of Mixin (JAVA_17 supports class version 61)
[22:23:26] [Render thread/DEBUG] (FabricLoader/Mixin) Mixing ClientPlayNetworkHandlerMixin from fabric-lifecycle-events-v1.client.mixins.json into net.minecraft.client.network.ClientPlayNetworkHandler
[22:23:26] [Render thread/DEBUG] (FabricLoader/Mixin) fabric-lifecycle-events-v1.client.mixins.json:ClientPlayNetworkHandlerMixin from mod fabric-lifecycle-events-v1: Class version 65 required is higher than the class version supported by the current version of Mixin (JAVA_17 supports class version 61)
[22:23:26] [Render thread/DEBUG] (FabricLoader/Mixin) Mixing ClientPlayNetworkHandlerMixin from fabric-command-api-v2.client.mixins.json into net.minecraft.client.network.ClientPlayNetworkHandler
[22:23:26] [Render thread/DEBUG] (FabricLoader/Mixin) fabric-command-api-v2.client.mixins.json:ClientPlayNetworkHandlerMixin from mod fabric-command-api-v2: Class version 65 required is higher than the class version supported by the current version of Mixin (JAVA_17 supports class version 61)
[22:23:26] [Render thread/DEBUG] (FabricLoader/Mixin) Mixing ClientPlayNetworkHandlerMixin from fabric-data-attachment-api-v1.client.mixins.json into net.minecraft.client.network.ClientPlayNetworkHandler
[22:23:26] [Render thread/DEBUG] (FabricLoader/Mixin) fabric-data-attachment-api-v1.client.mixins.json:ClientPlayNetworkHandlerMixin from mod fabric-data-attachment-api-v1: Class version 65 required is higher than the class version supported by the current version of Mixin (JAVA_17 supports class version 61)
[22:23:26] [Render thread/DEBUG] (FabricLoader/Mixin) fabric-message-api-v1.client.mixins.json:ClientPlayNetworkHandlerMixin from mod fabric-message-api-v1->@Inject::fabric_allowSendChatMessage(Ljava/lang/String;Lorg/spongepowered/asm/mixin/injection/callback/CallbackInfo;)V does use it's CallbackInfo
[22:23:26] [Render thread/DEBUG] (FabricLoader/Mixin) fabric-message-api-v1.client.mixins.json:ClientPlayNetworkHandlerMixin from mod fabric-message-api-v1->@Inject::fabric_allowSendCommandMessage(Ljava/lang/String;Lorg/spongepowered/asm/mixin/injection/callback/CallbackInfo;)V does use it's CallbackInfo
[22:23:26] [Render thread/DEBUG] (FabricLoader/Mixin) fabric-networking-api-v1.client.mixins.json:ClientPlayNetworkHandlerMixin from mod fabric-networking-api-v1->@Inject::initAddon(Lorg/spongepowered/asm/mixin/injection/callback/CallbackInfo;)V doesn't use it's CallbackInfo
[22:23:26] [Render thread/DEBUG] (FabricLoader/Mixin) fabric-networking-api-v1.client.mixins.json:ClientPlayNetworkHandlerMixin from mod fabric-networking-api-v1->@Inject::initAddon(Lorg/spongepowered/asm/mixin/injection/callback/CallbackInfo;)V has 0 override(s) in child classes
[22:23:26] [Render thread/DEBUG] (FabricLoader/Mixin) fabric-networking-api-v1.client.mixins.json:ClientPlayNetworkHandlerMixin from mod fabric-networking-api-v1->@Inject::initAddon(Lorg/spongepowered/asm/mixin/injection/callback/CallbackInfo;)V won't be passed a CallbackInfo as a result
[22:23:26] [Render thread/DEBUG] (FabricLoader/Mixin) fabric-networking-api-v1.client.mixins.json:ClientPlayNetworkHandlerMixin from mod fabric-networking-api-v1->@Inject::handleServerPlayReady(Lnet/minecraft/network/packet/s2c/play/GameJoinS2CPacket;Lorg/spongepowered/asm/mixin/injection/callback/CallbackInfo;)V doesn't use it's CallbackInfo
[22:23:26] [Render thread/DEBUG] (FabricLoader/Mixin) fabric-networking-api-v1.client.mixins.json:ClientPlayNetworkHandlerMixin from mod fabric-networking-api-v1->@Inject::handleServerPlayReady(Lnet/minecraft/network/packet/s2c/play/GameJoinS2CPacket;Lorg/spongepowered/asm/mixin/injection/callback/CallbackInfo;)V has 0 override(s) in child classes
[22:23:26] [Render thread/DEBUG] (FabricLoader/Mixin) fabric-networking-api-v1.client.mixins.json:ClientPlayNetworkHandlerMixin from mod fabric-networking-api-v1->@Inject::handleServerPlayReady(Lnet/minecraft/network/packet/s2c/play/GameJoinS2CPacket;Lorg/spongepowered/asm/mixin/injection/callback/CallbackInfo;)V won't be passed a CallbackInfo as a result
[22:23:26] [Render thread/DEBUG] (FabricLoader/Mixin) carpet.mixins.json:ClientPacketListener_clientCommandMixin from mod carpet->@Inject::inspectMessage(Ljava/lang/String;Lorg/spongepowered/asm/mixin/injection/callback/CallbackInfo;)V doesn't use it's CallbackInfo
[22:23:26] [Render thread/DEBUG] (FabricLoader/Mixin) carpet.mixins.json:ClientPacketListener_clientCommandMixin from mod carpet->@Inject::inspectMessage(Ljava/lang/String;Lorg/spongepowered/asm/mixin/injection/callback/CallbackInfo;)V has 0 override(s) in child classes
[22:23:26] [Render thread/DEBUG] (FabricLoader/Mixin) carpet.mixins.json:ClientPacketListener_clientCommandMixin from mod carpet->@Inject::inspectMessage(Ljava/lang/String;Lorg/spongepowered/asm/mixin/injection/callback/CallbackInfo;)V won't be passed a CallbackInfo as a result
[22:23:26] [Render thread/DEBUG] (FabricLoader/Mixin) carpet.mixins.json:ClientPacketListener_customPacketsMixin from mod carpet->@Inject::onGameJoined(Lnet/minecraft/network/packet/s2c/play/GameJoinS2CPacket;Lorg/spongepowered/asm/mixin/injection/callback/CallbackInfo;)V doesn't use it's CallbackInfo
[22:23:26] [Render thread/DEBUG] (FabricLoader/Mixin) carpet.mixins.json:ClientPacketListener_customPacketsMixin from mod carpet->@Inject::onGameJoined(Lnet/minecraft/network/packet/s2c/play/GameJoinS2CPacket;Lorg/spongepowered/asm/mixin/injection/callback/CallbackInfo;)V has 0 override(s) in child classes
[22:23:26] [Render thread/DEBUG] (FabricLoader/Mixin) carpet.mixins.json:ClientPacketListener_customPacketsMixin from mod carpet->@Inject::onGameJoined(Lnet/minecraft/network/packet/s2c/play/GameJoinS2CPacket;Lorg/spongepowered/asm/mixin/injection/callback/CallbackInfo;)V won't be passed a CallbackInfo as a result
[22:23:26] [Render thread/DEBUG] (FabricLoader/Mixin) carpet.mixins.json:ClientPacketListener_customPacketsMixin from mod carpet->@Inject::onOnCustomPayload(Lnet/minecraft/network/packet/CustomPayload;Lorg/spongepowered/asm/mixin/injection/callback/CallbackInfo;)V does use it's CallbackInfo
[22:23:26] [Render thread/DEBUG] (FabricLoader/Mixin) fabric-lifecycle-events-v1.client.mixins.json:ClientPlayNetworkHandlerMixin from mod fabric-lifecycle-events-v1->@Inject::onPlayerRespawn(Lnet/minecraft/network/packet/s2c/play/PlayerRespawnS2CPacket;Lorg/spongepowered/asm/mixin/injection/callback/CallbackInfo;)V doesn't use it's CallbackInfo
[22:23:26] [Render thread/DEBUG] (FabricLoader/Mixin) fabric-lifecycle-events-v1.client.mixins.json:ClientPlayNetworkHandlerMixin from mod fabric-lifecycle-events-v1->@Inject::onPlayerRespawn(Lnet/minecraft/network/packet/s2c/play/PlayerRespawnS2CPacket;Lorg/spongepowered/asm/mixin/injection/callback/CallbackInfo;)V has 0 override(s) in child classes
[22:23:26] [Render thread/DEBUG] (FabricLoader/Mixin) fabric-lifecycle-events-v1.client.mixins.json:ClientPlayNetworkHandlerMixin from mod fabric-lifecycle-events-v1->@Inject::onPlayerRespawn(Lnet/minecraft/network/packet/s2c/play/PlayerRespawnS2CPacket;Lorg/spongepowered/asm/mixin/injection/callback/CallbackInfo;)V won't be passed a CallbackInfo as a result
[22:23:26] [Render thread/DEBUG] (FabricLoader/Mixin) fabric-lifecycle-events-v1.client.mixins.json:ClientPlayNetworkHandlerMixin from mod fabric-lifecycle-events-v1->@Inject::onGameJoin(Lnet/minecraft/network/packet/s2c/play/GameJoinS2CPacket;Lorg/spongepowered/asm/mixin/injection/callback/CallbackInfo;)V doesn't use it's CallbackInfo
[22:23:26] [Render thread/DEBUG] (FabricLoader/Mixin) fabric-lifecycle-events-v1.client.mixins.json:ClientPlayNetworkHandlerMixin from mod fabric-lifecycle-events-v1->@Inject::onGameJoin(Lnet/minecraft/network/packet/s2c/play/GameJoinS2CPacket;Lorg/spongepowered/asm/mixin/injection/callback/CallbackInfo;)V has 0 override(s) in child classes
[22:23:26] [Render thread/DEBUG] (FabricLoader/Mixin) fabric-lifecycle-events-v1.client.mixins.json:ClientPlayNetworkHandlerMixin from mod fabric-lifecycle-events-v1->@Inject::onGameJoin(Lnet/minecraft/network/packet/s2c/play/GameJoinS2CPacket;Lorg/spongepowered/asm/mixin/injection/callback/CallbackInfo;)V won't be passed a CallbackInfo as a result
[22:23:26] [Render thread/DEBUG] (FabricLoader/Mixin) fabric-lifecycle-events-v1.client.mixins.json:ClientPlayNetworkHandlerMixin from mod fabric-lifecycle-events-v1->@Inject::onClearWorld(Lorg/spongepowered/asm/mixin/injection/callback/CallbackInfo;)V doesn't use it's CallbackInfo
[22:23:26] [Render thread/DEBUG] (FabricLoader/Mixin) fabric-lifecycle-events-v1.client.mixins.json:ClientPlayNetworkHandlerMixin from mod fabric-lifecycle-events-v1->@Inject::onClearWorld(Lorg/spongepowered/asm/mixin/injection/callback/CallbackInfo;)V has 0 override(s) in child classes
[22:23:26] [Render thread/DEBUG] (FabricLoader/Mixin) fabric-lifecycle-events-v1.client.mixins.json:ClientPlayNetworkHandlerMixin from mod fabric-lifecycle-events-v1->@Inject::onClearWorld(Lorg/spongepowered/asm/mixin/injection/callback/CallbackInfo;)V won't be passed a CallbackInfo as a result
[22:23:26] [Render thread/DEBUG] (FabricLoader/Mixin) fabric-command-api-v2.client.mixins.json:ClientPlayNetworkHandlerMixin from mod fabric-command-api-v2->@Inject::onGameJoin(Lnet/minecraft/network/packet/s2c/play/GameJoinS2CPacket;Lorg/spongepowered/asm/mixin/injection/callback/CallbackInfo;)V doesn't use it's CallbackInfo
[22:23:26] [Render thread/DEBUG] (FabricLoader/Mixin) fabric-command-api-v2.client.mixins.json:ClientPlayNetworkHandlerMixin from mod fabric-command-api-v2->@Inject::onGameJoin(Lnet/minecraft/network/packet/s2c/play/GameJoinS2CPacket;Lorg/spongepowered/asm/mixin/injection/callback/CallbackInfo;)V has 0 override(s) in child classes
[22:23:26] [Render thread/DEBUG] (FabricLoader/Mixin) fabric-command-api-v2.client.mixins.json:ClientPlayNetworkHandlerMixin from mod fabric-command-api-v2->@Inject::onGameJoin(Lnet/minecraft/network/packet/s2c/play/GameJoinS2CPacket;Lorg/spongepowered/asm/mixin/injection/callback/CallbackInfo;)V won't be passed a CallbackInfo as a result
[22:23:26] [Render thread/DEBUG] (FabricLoader/Mixin) fabric-command-api-v2.client.mixins.json:ClientPlayNetworkHandlerMixin from mod fabric-command-api-v2->@Inject::onOnCommandTree(Lnet/minecraft/network/packet/s2c/play/CommandTreeS2CPacket;Lorg/spongepowered/asm/mixin/injection/callback/CallbackInfo;)V doesn't use it's CallbackInfo
[22:23:26] [Render thread/DEBUG] (FabricLoader/Mixin) fabric-command-api-v2.client.mixins.json:ClientPlayNetworkHandlerMixin from mod fabric-command-api-v2->@Inject::onOnCommandTree(Lnet/minecraft/network/packet/s2c/play/CommandTreeS2CPacket;Lorg/spongepowered/asm/mixin/injection/callback/CallbackInfo;)V has 0 override(s) in child classes
[22:23:26] [Render thread/DEBUG] (FabricLoader/Mixin) fabric-command-api-v2.client.mixins.json:ClientPlayNetworkHandlerMixin from mod fabric-command-api-v2->@Inject::onOnCommandTree(Lnet/minecraft/network/packet/s2c/play/CommandTreeS2CPacket;Lorg/spongepowered/asm/mixin/injection/callback/CallbackInfo;)V won't be passed a CallbackInfo as a result
[22:23:26] [Render thread/DEBUG] (FabricLoader/Mixin) fabric-command-api-v2.client.mixins.json:ClientPlayNetworkHandlerMixin from mod fabric-command-api-v2->@Inject::onSendCommand(Ljava/lang/String;Lorg/spongepowered/asm/mixin/injection/callback/CallbackInfoReturnable;)V does use it's CallbackInfoReturnable
[22:23:26] [Render thread/DEBUG] (FabricLoader/Mixin) fabric-command-api-v2.client.mixins.json:ClientPlayNetworkHandlerMixin from mod fabric-command-api-v2->@Inject::onSendCommand(Ljava/lang/String;Lorg/spongepowered/asm/mixin/injection/callback/CallbackInfo;)V does use it's CallbackInfo
[22:23:26] [Render thread/DEBUG] (FabricLoader/Mixin) Mixing ClientCommonPacketListenerImpl_customPacketMixin from carpet.mixins.json into net.minecraft.client.network.ClientCommonNetworkHandler
[22:23:26] [Render thread/DEBUG] (FabricLoader/Mixin) carpet.mixins.json:ClientCommonPacketListenerImpl_customPacketMixin from mod carpet: Class version 65 required is higher than the class version supported by the current version of Mixin (JAVA_17 supports class version 61)
[22:23:26] [Render thread/DEBUG] (FabricLoader/Mixin) Mixing accessor.ClientCommonNetworkHandlerAccessor from fabric-networking-api-v1.client.mixins.json into net.minecraft.client.network.ClientCommonNetworkHandler
[22:23:26] [Render thread/DEBUG] (FabricLoader/Mixin) fabric-networking-api-v1.client.mixins.json:accessor.ClientCommonNetworkHandlerAccessor from mod fabric-networking-api-v1: Class version 65 required is higher than the class version supported by the current version of Mixin (JAVA_17 supports class version 61)
[22:23:26] [Render thread/DEBUG] (FabricLoader/Mixin) Mixing ClientCommonNetworkHandlerMixin from fabric-networking-api-v1.client.mixins.json into net.minecraft.client.network.ClientCommonNetworkHandler
[22:23:26] [Render thread/DEBUG] (FabricLoader/Mixin) fabric-networking-api-v1.client.mixins.json:ClientCommonNetworkHandlerMixin from mod fabric-networking-api-v1: Class version 65 required is higher than the class version supported by the current version of Mixin (JAVA_17 supports class version 61)
[22:23:26] [Worker-Main-1/DEBUG] (Mod Menu/Update Checker) Hash for bichalutils is a6a2650f11780965349e7dc86bd14f71d91b10200be5aff1b8528fae700707230bed7955ed96e1e71ee4ec8330cc7923741a44b99da00e7a6db520e6e2ca4ac5
[22:23:26] [Worker-Main-1/DEBUG] (Mod Menu/Update Checker) Hash for fabric-renderer-registries-v1 is 9f37cbc04379e8f5ffa1720a0b85ba5c9b71129660213c67c692c98bf1cfb1a6b7fc48146fdb3a3d0b2bb74d22261fd879e09d8cad67da3846311835538cce0f
[22:23:26] [Render thread/DEBUG] (FabricLoader/Mixin) carpet.mixins.json:ClientCommonPacketListenerImpl_customPacketMixin from mod carpet->@Inject::onCMDisconnected(Lnet/minecraft/text/Text;Lorg/spongepowered/asm/mixin/injection/callback/CallbackInfo;)V doesn't use it's CallbackInfo
[22:23:26] [Render thread/DEBUG] (FabricLoader/Mixin) carpet.mixins.json:ClientCommonPacketListenerImpl_customPacketMixin from mod carpet->@Inject::onCMDisconnected(Lnet/minecraft/text/Text;Lorg/spongepowered/asm/mixin/injection/callback/CallbackInfo;)V has 0 override(s) in child classes
[22:23:26] [Render thread/DEBUG] (FabricLoader/Mixin) carpet.mixins.json:ClientCommonPacketListenerImpl_customPacketMixin from mod carpet->@Inject::onCMDisconnected(Lnet/minecraft/text/Text;Lorg/spongepowered/asm/mixin/injection/callback/CallbackInfo;)V won't be passed a CallbackInfo as a result
[22:23:26] [Render thread/DEBUG] (FabricLoader/Mixin) carpet.mixins.json:ClientCommonPacketListenerImpl_customPacketMixin from mod carpet->@Inject::onOnCustomPayload(Lnet/minecraft/network/packet/s2c/common/CustomPayloadS2CPacket;Lorg/spongepowered/asm/mixin/injection/callback/CallbackInfo;)V doesn't use it's CallbackInfo
[22:23:26] [Render thread/DEBUG] (FabricLoader/Mixin) carpet.mixins.json:ClientCommonPacketListenerImpl_customPacketMixin from mod carpet->@Inject::onOnCustomPayload(Lnet/minecraft/network/packet/s2c/common/CustomPayloadS2CPacket;Lorg/spongepowered/asm/mixin/injection/callback/CallbackInfo;)V has 0 override(s) in child classes
[22:23:26] [Render thread/DEBUG] (FabricLoader/Mixin) carpet.mixins.json:ClientCommonPacketListenerImpl_customPacketMixin from mod carpet->@Inject::onOnCustomPayload(Lnet/minecraft/network/packet/s2c/common/CustomPayloadS2CPacket;Lorg/spongepowered/asm/mixin/injection/callback/CallbackInfo;)V won't be passed a CallbackInfo as a result
[22:23:26] [Render thread/DEBUG] (FabricLoader/Mixin) fabric-networking-api-v1.client.mixins.json:ClientCommonNetworkHandlerMixin from mod fabric-networking-api-v1->@Inject::onCustomPayload(Lnet/minecraft/network/packet/s2c/common/CustomPayloadS2CPacket;Lorg/spongepowered/asm/mixin/injection/callback/CallbackInfo;)V does use it's CallbackInfo
[22:23:26] [Worker-Main-1/DEBUG] (Mod Menu/Update Checker) Hash for carpet is c79bf0d6cbdbc5e0e34162ce79d6daa736d93b3559ec7d3c7a2dc0f9f5f0a95fd29d4fed85659d30faa4106cf0398ffaaa238dfbdbab02da0699a9a8eba819be
[22:23:26] [Render thread/DEBUG] (FabricLoader/Mixin) Mixing ClientConfigurationNetworkHandlerMixin from fabric-networking-api-v1.client.mixins.json into net.minecraft.client.network.ClientConfigurationNetworkHandler
[22:23:26] [Render thread/DEBUG] (FabricLoader/Mixin) fabric-networking-api-v1.client.mixins.json:ClientConfigurationNetworkHandlerMixin from mod fabric-networking-api-v1: Class version 65 required is higher than the class version supported by the current version of Mixin (JAVA_17 supports class version 61)
[22:23:26] [Worker-Main-1/DEBUG] (Mod Menu/Update Checker) Hash for fabric-particles-v1 is 297fd86d4b97ee90033d38b85e804303c4a14db961bfc6633b764f6614c6647187a6cff2eff324ffc4c24439ce1cd6c8bfaab068d8cd894404edcb81ec2c4ccc
[22:23:26] [Render thread/DEBUG] (FabricLoader/Mixin) Mixing accessor.ClientConfigurationNetworkHandlerAccessor from fabric-networking-api-v1.client.mixins.json into net.minecraft.client.network.ClientConfigurationNetworkHandler
[22:23:26] [Render thread/DEBUG] (FabricLoader/Mixin) fabric-networking-api-v1.client.mixins.json:accessor.ClientConfigurationNetworkHandlerAccessor from mod fabric-networking-api-v1: Class version 65 required is higher than the class version supported by the current version of Mixin (JAVA_17 supports class version 61)
[22:23:26] [Worker-Main-1/DEBUG] (Mod Menu/Update Checker) Hash for fabric-data-generation-api-v1 is bb1672cbdab1234972e06b005f1d19fdf5b9dcccc1d4cacbf5bda72049c90adf30c7772ac1f373eeee1c6b2355299dc49be9171ab2cee55525c77e0cbb818a6f
[22:23:26] [Worker-Main-1/DEBUG] (Mod Menu/Update Checker) Hash for fabric-api-lookup-api-v1 is 7ec34733b193cb2c68aec2641a387fb00aada6abbfeb3517c4bb49bc6baf076b734f8718f5f5a7e0a1a9710b579c07904716a0ea1d8c6d08a3f50e674d038a3a
[22:23:26] [Worker-Main-1/DEBUG] (Mod Menu/Update Checker) Hash for fabric-screen-handler-api-v1 is 1cdb6ec90c7d45a56e8310472fc790d710202fd4bf2bab33ba032792338b3356d2a74190f742569914b0ec07dcbe97757d6db26568361eddf6d11811dd8b637b
[22:23:26] [Worker-Main-1/DEBUG] (Mod Menu/Update Checker) Hash for fabric-command-api-v2 is de51be5541efd094ae86cb2f5df733a9cb5aa0f56c37d502cb047ad86263bf8c2f6bda86e5f0b9cd67a8cca7697a6497c2c668fc67f0bc24ac9af52822b66fa1
[22:23:26] [Worker-Main-1/DEBUG] (Mod Menu/Update Checker) Hash for modmenu is 2a653a08060c5c7c5dd9bf05153add51364e8b62bf53e958f9044a581f91cd7717ed29a8761a424af9345b4f24d97e5b5ac0e9744d800b97b4dc7ae292c4dbbe
[22:23:26] [Worker-Main-1/DEBUG] (Mod Menu/Update Checker) Hash for fabric-block-api-v1 is b19117f4a401fd1ecbe390fb74a8f3d156e16e81b064f012f06375ad74c66d961d18ebacc216532827dfeff40f11368ad7e261382259d72a2ac8ac8fa3533984
[22:23:26] [Worker-Main-1/DEBUG] (Mod Menu/Update Checker) Hash for fabric-command-api-v1 is a8535e73ad19ac36c6559f10aabc9509e49e9a2d9e02108507c59e18dc89f5f3e773c66d740bc5ce17fe8f4e6479cbaa48ec496d0e55b6dc9796142c5ff988ce
[22:23:26] [Worker-Main-1/DEBUG] (Mod Menu/Update Checker) Hash for fabric-screen-api-v1 is 5201b0922c996414651b7435ab5449954870a0287676bccfd0c01109c13e36b895bd32c8723d66f57711e38b590fa6528708d1470364066b8780f9bf62a998ed
[22:23:26] [Render thread/DEBUG] (FabricLoader/Mixin) fabric-networking-api-v1.client.mixins.json:ClientConfigurationNetworkHandlerMixin from mod fabric-networking-api-v1->@Inject::initAddon(Lorg/spongepowered/asm/mixin/injection/callback/CallbackInfo;)V doesn't use it's CallbackInfo
[22:23:26] [Render thread/DEBUG] (FabricLoader/Mixin) fabric-networking-api-v1.client.mixins.json:ClientConfigurationNetworkHandlerMixin from mod fabric-networking-api-v1->@Inject::initAddon(Lorg/spongepowered/asm/mixin/injection/callback/CallbackInfo;)V has 0 override(s) in child classes
[22:23:26] [Render thread/DEBUG] (FabricLoader/Mixin) fabric-networking-api-v1.client.mixins.json:ClientConfigurationNetworkHandlerMixin from mod fabric-networking-api-v1->@Inject::initAddon(Lorg/spongepowered/asm/mixin/injection/callback/CallbackInfo;)V won't be passed a CallbackInfo as a result
[22:23:26] [Render thread/DEBUG] (FabricLoader/Mixin) fabric-networking-api-v1.client.mixins.json:ClientConfigurationNetworkHandlerMixin from mod fabric-networking-api-v1->@Inject::handleComplete(Lnet/minecraft/network/packet/s2c/config/ReadyS2CPacket;Lorg/spongepowered/asm/mixin/injection/callback/CallbackInfo;)V doesn't use it's CallbackInfo
[22:23:26] [Render thread/DEBUG] (FabricLoader/Mixin) fabric-networking-api-v1.client.mixins.json:ClientConfigurationNetworkHandlerMixin from mod fabric-networking-api-v1->@Inject::handleComplete(Lnet/minecraft/network/packet/s2c/config/ReadyS2CPacket;Lorg/spongepowered/asm/mixin/injection/callback/CallbackInfo;)V has 0 override(s) in child classes
[22:23:26] [Render thread/DEBUG] (FabricLoader/Mixin) fabric-networking-api-v1.client.mixins.json:ClientConfigurationNetworkHandlerMixin from mod fabric-networking-api-v1->@Inject::handleComplete(Lnet/minecraft/network/packet/s2c/config/ReadyS2CPacket;Lorg/spongepowered/asm/mixin/injection/callback/CallbackInfo;)V won't be passed a CallbackInfo as a result
[22:23:26] [Worker-Main-1/DEBUG] (Mod Menu/Update Checker) Hash for fabric-renderer-indigo is 9f122c4d6027035ac3402d82f63ddcf41923fe04099ef5efe57de5e16789dfddbe9e3ef464ba54df262d94378089177dd08b769426218d5fc2d0b8932e020b06
[22:23:26] [Worker-Main-1/DEBUG] (Mod Menu/Update Checker) Hash for fabric-convention-tags-v2 is 43a40386a68bb97750d64740b0b75dd0c2f2ce4ae7d4c5f6dc10cfffade5d46bc0af48f7752dced3d28992ad04d21dee56be2588a3af5cb66ffde27bff9e9b35
[22:23:26] [Render thread/DEBUG] (FabricLoader/Mixin) Mixing accessor.ClientLoginNetworkHandlerAccessor from fabric-networking-api-v1.client.mixins.json into net.minecraft.client.network.ClientLoginNetworkHandler
[22:23:26] [Render thread/DEBUG] (FabricLoader/Mixin) fabric-networking-api-v1.client.mixins.json:accessor.ClientLoginNetworkHandlerAccessor from mod fabric-networking-api-v1: Class version 65 required is higher than the class version supported by the current version of Mixin (JAVA_17 supports class version 61)
[22:23:26] [Render thread/DEBUG] (FabricLoader/Mixin) Mixing ClientLoginNetworkHandlerMixin from fabric-networking-api-v1.client.mixins.json into net.minecraft.client.network.ClientLoginNetworkHandler
[22:23:26] [Render thread/DEBUG] (FabricLoader/Mixin) fabric-networking-api-v1.client.mixins.json:ClientLoginNetworkHandlerMixin from mod fabric-networking-api-v1: Class version 65 required is higher than the class version supported by the current version of Mixin (JAVA_17 supports class version 61)
[22:23:26] [Worker-Main-1/DEBUG] (Mod Menu/Update Checker) Hash for fabric-api is 3a846bd43339eae28c13dc2e0d2b83a11f1c55ce868111f43547dff2b631dfcaac2e1ead1b5d4189a8f40f44b5160a0527f6e60b05d6e130a54785ab2261b3de
[22:23:26] [Worker-Main-1/DEBUG] (Mod Menu/Update Checker) Hash for fabric-crash-report-info-v1 is 1c325bef85e4a4713c4f16e50a6d73de9e8efcffe8d9d539d82ccd10c451c9870fdb64c1f29c8ed00b035f78fc5e4c7d005dfd19a60d2d4cb0166aca969f3c3e
[22:23:26] [Worker-Main-1/DEBUG] (Mod Menu/Update Checker) Hash for fabric-item-api-v1 is 2c243d8b231b3f89aff5c9f68c1daf83cc51cd7fe919bea06550f329c8909d580133a11b08f5f9af683a52bac4d3109e9692d31906040cb0aeb2caf3c9508507
[22:23:26] [Worker-Main-1/DEBUG] (Mod Menu/Update Checker) Hash for fabric-events-interaction-v0 is 324a0bc92299abbf6a11590a7940a686646cf4996936ba236e84bbc4064b75747aa1085395b6f77686de7a13206128cf1398a983142a325e93f0d3fb79652859
[22:23:26] [Worker-Main-1/DEBUG] (Mod Menu/Update Checker) Hash for fabric-item-group-api-v1 is 471519c3c802f7445113f524584fc5d41bc29c201d0db0f7226611e097bb8d5ad7bcd1f113e8924d97110234c7f203a1c68a27ac8c26c48f3c9b3a33d66f9ca1
[22:23:26] [Worker-Main-1/DEBUG] (Mod Menu/Update Checker) Hash for fabric-convention-tags-v1 is ec9dd6d221e849330cb6aa04a10fa45d37247f88706d938cd70fc1f615a40020ee38752d738f6d2f7cb68e92fdbcddc9bee2b43f3c09bd97ca4bc28691bdbf40
[22:23:26] [Worker-Main-1/DEBUG] (Mod Menu/Update Checker) Hash for fabric-recipe-api-v1 is 4cc5837c1a2f528dcecf880e09bfbc9755c8bf56bac2260337e2407a71cf4f34188fa2ae830ac668e268f81feadf290cc3d0c21a6c376f7c89d9143eb472020e
[22:23:26] [Worker-Main-1/DEBUG] (Mod Menu/Update Checker) Hash for fabric-entity-events-v1 is f80b6106b2168597076ee7f32170ddad780beda25c137612435780d516963aaa06f6843e4107630522b95779deb996db4e25d9ac0ccb257b10d2722c91291e3b
[22:23:26] [Worker-Main-1/DEBUG] (Mod Menu/Update Checker) Hash for fabric-rendering-v0 is f001553414c59f595db878de0323dd314e9d876543d8651dd0533b7ae2ec22cee4a1d6d16496c3ab779b612dd76ef8350587c6cd9c08dc3cef4eaba729e39e1c
[22:23:26] [Worker-Main-1/DEBUG] (Mod Menu/Update Checker) Hash for fabric-rendering-v1 is 8af99713ca333f25c63e877d8c2b20417d46e66f30551465dac18f18c50ff99af3752c312d2ec03f9937123acafac9cea7ece295fe3dddf717a07017cc7b2a50
[22:23:26] [Worker-Main-1/DEBUG] (Mod Menu/Update Checker) Hash for fabric-key-binding-api-v1 is 2ef79ea9fd34c0cec1296f39d3ec25a0f26632f2bf08f7a229ebd7b11460a1e61075aea46bdae2f698e2485adaf5eaacda415d78064dd7fd00a9feed1d9e5614
[22:23:26] [Worker-Main-1/DEBUG] (Mod Menu/Update Checker) Hash for fabric-resource-loader-v0 is fedf069e6020816aba14508fad3537c85c100b0700652e84c4ea2bde64ceefeb5d312cf41a13757675cee2d1e6a2643e944ff370f78d821fb4fef3dc9ad8322a
[22:23:26] [Worker-Main-1/DEBUG] (Mod Menu/Update Checker) Hash for fabric-content-registries-v0 is 94a48e888dd9eb7aad1727916a6201c5038c8e49fb67e50d640cd4bb5e1274a144963bd3ab6319604bf2993b37ab5deb45786bb615a53b7848f14089d721c064
[22:23:26] [Worker-Main-1/DEBUG] (Mod Menu/Update Checker) Hash for fabric-block-view-api-v2 is 9ca395432353ecfe8edaa2f0d654b55e8c69fd19cdac8a473bd11faf789d60f56dde1e9c0438d8ee65312c071ff2b8459ed2e53b5909383b1d43ff3549fc0cea
[22:23:26] [Worker-Main-1/DEBUG] (Mod Menu/Update Checker) Hash for fabric-client-tags-api-v1 is 373edaecdf30ec8ee3a96df36a4edc2d261848302de042071801748899fcf5de03e54b48f1ba14b414800ffa1578de8c88df8096791c8030546a261f3827f70b
[22:23:26] [Worker-Main-1/DEBUG] (Mod Menu/Update Checker) Hash for fabric-gametest-api-v1 is be2525973cc44cae540f908212af5d16226b71b22c54f982ef8c82fe6f36b84654e605e6ebdd95da2dd9f09e188b94ed1022c98a3065be1bdbb06ecc24ceadaf
[22:23:26] [Worker-Main-1/DEBUG] (Mod Menu/Update Checker) Hash for fabric-biome-api-v1 is d8b07f20087417b3ce43063ca05bd4581403437f5ccde4437a2fc3178249f82a57155d76f986234f6905ef39351e7926638792d02cb68790d21cd9190b21c10f
[22:23:26] [Worker-Main-1/DEBUG] (Mod Menu/Update Checker) Hash for fabric-loot-api-v2 is 6e6f5ce652b6b8e97306d80877acb35d8e6df2ca664263c14346b294d32f8a786af436f42b4b9b8309711593e8212b98154ad5d20f890fd4a5228313b4ee2f32
[22:23:26] [Render thread/DEBUG] (FabricLoader/Mixin) fabric-networking-api-v1.client.mixins.json:ClientLoginNetworkHandlerMixin from mod fabric-networking-api-v1->@Inject::initAddon(Lorg/spongepowered/asm/mixin/injection/callback/CallbackInfo;)V doesn't use it's CallbackInfo
[22:23:26] [Render thread/DEBUG] (FabricLoader/Mixin) fabric-networking-api-v1.client.mixins.json:ClientLoginNetworkHandlerMixin from mod fabric-networking-api-v1->@Inject::initAddon(Lorg/spongepowered/asm/mixin/injection/callback/CallbackInfo;)V has 0 override(s) in child classes
[22:23:26] [Render thread/DEBUG] (FabricLoader/Mixin) fabric-networking-api-v1.client.mixins.json:ClientLoginNetworkHandlerMixin from mod fabric-networking-api-v1->@Inject::initAddon(Lorg/spongepowered/asm/mixin/injection/callback/CallbackInfo;)V won't be passed a CallbackInfo as a result
[22:23:26] [Render thread/DEBUG] (FabricLoader/Mixin) fabric-networking-api-v1.client.mixins.json:ClientLoginNetworkHandlerMixin from mod fabric-networking-api-v1->@Inject::handleQueryRequest(Lnet/minecraft/network/packet/s2c/login/LoginQueryRequestS2CPacket;Lorg/spongepowered/asm/mixin/injection/callback/CallbackInfo;)V does use it's CallbackInfo
[22:23:26] [Worker-Main-1/DEBUG] (Mod Menu/Update Checker) Hash for fabric-commands-v0 is bf8b74632079e5981d6e847c24418fa2a91a69945e97f8209d9ddac13ccaa527b115d7576d398a6805796573ddc9f2838f385d75d6c38d7e3db473159ceb9154
[22:23:26] [Worker-Main-1/DEBUG] (Mod Menu/Update Checker) Hash for fabric-registry-sync-v0 is 8bb52b2ffc9756feac6c3d38bb3d97ee78b13e6050d954798be950f86f84fcad8a5424a1fa180989750ee39564b53d4d216195eb88aa20a215848a060b0fe034
[22:23:26] [Worker-Main-1/DEBUG] (Mod Menu/Update Checker) Hash for fabric-message-api-v1 is ea0ff311a737901ea3fdd440face7996965323e171de03c8d5c5686236fe015738a0d8ae8d2e92bd3986b73e9892750fde9c9fee278de1efa1fe43e8eb573c6f
[22:23:26] [Worker-Main-1/DEBUG] (Mod Menu/Update Checker) Hash for fabric-transitive-access-wideners-v1 is 75e58851a8ff517f2d94a3f935d0737293b65bdc7d4aa539fd6ad371eb63405c90656e0e0a3910bcf3461e784882e6821f65655ba574fd5728494335b1cd3443
[22:23:26] [Worker-Main-1/DEBUG] (Mod Menu/Update Checker) Hash for fabric-networking-api-v1 is 988d613d1fd1fd39f5253a278921b41f042db6e34c1a0acf42e93f54c63ed14c9bf3fff57cdf3350faecc2a4761e4c70996fae7a52dfee9a5959d8031c716e4c
[22:23:26] [Worker-Main-1/DEBUG] (Mod Menu/Update Checker) Hash for fabric-models-v0 is 08b0327da3e01b0bcc0cd518eff6ab127b5f8f4a3f52793cd5f3845461652a48a7e1d483ed22f93f1c923478bee41e7773b254bcfe1817e3603452b10f735432
[22:23:26] [Render thread/DEBUG] (FabricLoader/Mixin) Mixing Connection_packetCounterMixin from carpet.mixins.json into net.minecraft.network.ClientConnection
[22:23:26] [Render thread/DEBUG] (FabricLoader/Mixin) carpet.mixins.json:Connection_packetCounterMixin from mod carpet: Class version 65 required is higher than the class version supported by the current version of Mixin (JAVA_17 supports class version 61)
[22:23:26] [ModMenu/Update Checker/2/DEBUG] (Mod Menu/Update Checker) Body: {
  "hashes": [
    "f80b6106b2168597076ee7f32170ddad780beda25c137612435780d516963aaa06f6843e4107630522b95779deb996db4e25d9ac0ccb257b10d2722c91291e3b",
    "7ec34733b193cb2c68aec2641a387fb00aada6abbfeb3517c4bb49bc6baf076b734f8718f5f5a7e0a1a9710b579c07904716a0ea1d8c6d08a3f50e674d038a3a",
    "b514be3f0901888424e33329affa45a5687143e3a67a002fd9e956dfc9008cf2c0cb0734867bd1552791a1b99a8216fefec3db926e1e8f2d5b97b7b6422c8332",
    "8fcca94d4f270e8d52840649227cb3d7741e5006e84f3f062abad69a47fe3076d03db7e7bba3070dd710212e05cce6806533ad97d99cd289207119a44146f966",
    "4cc5837c1a2f528dcecf880e09bfbc9755c8bf56bac2260337e2407a71cf4f34188fa2ae830ac668e268f81feadf290cc3d0c21a6c376f7c89d9143eb472020e",
    "fedf069e6020816aba14508fad3537c85c100b0700652e84c4ea2bde64ceefeb5d312cf41a13757675cee2d1e6a2643e944ff370f78d821fb4fef3dc9ad8322a",
    "905e24bc727d9b4ef56c1b70a39068bb65c212dc2f9bc899f48f21fb21eae506c4133da4a34f15a958e6cd4c4909ff19e1494c796c17eaaa7829002c73916e59",
    "6e6f5ce652b6b8e97306d80877acb35d8e6df2ca664263c14346b294d32f8a786af436f42b4b9b8309711593e8212b98154ad5d20f890fd4a5228313b4ee2f32",
    "a6a2650f11780965349e7dc86bd14f71d91b10200be5aff1b8528fae700707230bed7955ed96e1e71ee4ec8330cc7923741a44b99da00e7a6db520e6e2ca4ac5",
    "b19117f4a401fd1ecbe390fb74a8f3d156e16e81b064f012f06375ad74c66d961d18ebacc216532827dfeff40f11368ad7e261382259d72a2ac8ac8fa3533984",
    "662569eac1cf6cee5e8ce56925b2cf522e6c35279094b8b518b679d59cb1f453c34b91eecdd3226cafb4b4063044b418d25ce6ffaea410c7ac2670180533c30a",
    "1cdb6ec90c7d45a56e8310472fc790d710202fd4bf2bab33ba032792338b3356d2a74190f742569914b0ec07dcbe97757d6db26568361eddf6d11811dd8b637b",
    "605cb951b1b7b06b128ff2a0821239c04fea49d5d3f0e00391c58fc47ad901f1a413ee1a0fc78a7246206b1cb07bf0ed611f0bae161d0148dae6de3ec8ff4a07",
    "d349d895c3b2f0fbe6dd48865eb47e606589dc1073ea9dff8b3cd4dc1bc52060123a3e6e5c13f43e4683522b210a682db59b751f8cb8724b9aca2179542926b6",
    "de51be5541efd094ae86cb2f5df733a9cb5aa0f56c37d502cb047ad86263bf8c2f6bda86e5f0b9cd67a8cca7697a6497c2c668fc67f0bc24ac9af52822b66fa1",
    "ec9dd6d221e849330cb6aa04a10fa45d37247f88706d938cd70fc1f615a40020ee38752d738f6d2f7cb68e92fdbcddc9bee2b43f3c09bd97ca4bc28691bdbf40",
    "324a0bc92299abbf6a11590a7940a686646cf4996936ba236e84bbc4064b75747aa1085395b6f77686de7a13206128cf1398a983142a325e93f0d3fb79652859",
    "08b0327da3e01b0bcc0cd518eff6ab127b5f8f4a3f52793cd5f3845461652a48a7e1d483ed22f93f1c923478bee41e7773b254bcfe1817e3603452b10f735432",
    "f001553414c59f595db878de0323dd314e9d876543d8651dd0533b7ae2ec22cee4a1d6d16496c3ab779b612dd76ef8350587c6cd9c08dc3cef4eaba729e39e1c",
    "3a846bd43339eae28c13dc2e0d2b83a11f1c55ce868111f43547dff2b631dfcaac2e1ead1b5d4189a8f40f44b5160a0527f6e60b05d6e130a54785ab2261b3de",
    "8bb52b2ffc9756feac6c3d38bb3d97ee78b13e6050d954798be950f86f84fcad8a5424a1fa180989750ee39564b53d4d216195eb88aa20a215848a060b0fe034",
    "297fd86d4b97ee90033d38b85e804303c4a14db961bfc6633b764f6614c6647187a6cff2eff324ffc4c24439ce1cd6c8bfaab068d8cd894404edcb81ec2c4ccc",
    "a013030f4e3829251a9cbf7500efb5938618f06454341593511271781bd66398c787f5a88b02f0591f0bdd47eea92fb5c9c2cbf2cd1794c69769250b53234a52",
    "be2525973cc44cae540f908212af5d16226b71b22c54f982ef8c82fe6f36b84654e605e6ebdd95da2dd9f09e188b94ed1022c98a3065be1bdbb06ecc24ceadaf",
    "9f122c4d6027035ac3402d82f63ddcf41923fe04099ef5efe57de5e16789dfddbe9e3ef464ba54df262d94378089177dd08b769426218d5fc2d0b8932e020b06",
    "2ef79ea9fd34c0cec1296f39d3ec25a0f26632f2bf08f7a229ebd7b11460a1e61075aea46bdae2f698e2485adaf5eaacda415d78064dd7fd00a9feed1d9e5614",
    "c79bf0d6cbdbc5e0e34162ce79d6daa736d93b3559ec7d3c7a2dc0f9f5f0a95fd29d4fed85659d30faa4106cf0398ffaaa238dfbdbab02da0699a9a8eba819be",
    "75e58851a8ff517f2d94a3f935d0737293b65bdc7d4aa539fd6ad371eb63405c90656e0e0a3910bcf3461e784882e6821f65655ba574fd5728494335b1cd3443",
    "ea0ff311a737901ea3fdd440face7996965323e171de03c8d5c5686236fe015738a0d8ae8d2e92bd3986b73e9892750fde9c9fee278de1efa1fe43e8eb573c6f",
    "127388b6a71629a2353a0b42d50a61ad4f34802a9e03a02852d95b7ed6aeb49eb98aee45f1cfd6e575511d2c99885ad9bfdae12dd75f49b9804933de7071fe88",
    "1c325bef85e4a4713c4f16e50a6d73de9e8efcffe8d9d539d82ccd10c451c9870fdb64c1f29c8ed00b035f78fc5e4c7d005dfd19a60d2d4cb0166aca969f3c3e",
    "99aa3cf5bba775225ab3380221c95017cc5d7ffec05b0e1d576747fc42ad72c6c6a8db2fc94d5d87f840f90ed8d69f9a50d42f660c4458b194c133e33b99620b",
    "920ffdb4abd713f880544228a77225ef5f87f84e46cbf8fedcf444037927a16c721c4347a3ddc5a81dae6822b4bb2cc2f352aa80c69c3c75de070357cf2d9cc1",
    "a8535e73ad19ac36c6559f10aabc9509e49e9a2d9e02108507c59e18dc89f5f3e773c66d740bc5ce17fe8f4e6479cbaa48ec496d0e55b6dc9796142c5ff988ce",
    "43a40386a68bb97750d64740b0b75dd0c2f2ce4ae7d4c5f6dc10cfffade5d46bc0af48f7752dced3d28992ad04d21dee56be2588a3af5cb66ffde27bff9e9b35",
    "e302fb0df8a0154dfc356ae2723ecc90619520460c5a0498a676f8ca3bc7ab1f0621e963b06084c553f8d420c88fb259a9fec7584bc6df654c8c5b5b078bbeee",
    "bf8b74632079e5981d6e847c24418fa2a91a69945e97f8209d9ddac13ccaa527b115d7576d398a6805796573ddc9f2838f385d75d6c38d7e3db473159ceb9154",
    "37ab66679839dc8a6c1b59fd7b224277afb3faca642591c5261e6b68498568a5101aa6965492c75ab83563f29fd7c7f676b9bda8e3dfa2bd9edce38d9f2cedba",
    "988d613d1fd1fd39f5253a278921b41f042db6e34c1a0acf42e93f54c63ed14c9bf3fff57cdf3350faecc2a4761e4c70996fae7a52dfee9a5959d8031c716e4c",
    "94a48e888dd9eb7aad1727916a6201c5038c8e49fb67e50d640cd4bb5e1274a144963bd3ab6319604bf2993b37ab5deb45786bb615a53b7848f14089d721c064",
    "2faf72e5df18e66fc3b0767d8dc44c3619089adc4a9b77b46d3703de1a9caf0f35a8a8bf831bce121b538061cad9a2a14450cbd2679d9329a6afa2efa0d0c0b5",
    "5ccc193419f07e9f72b0d083973fd6fd38bb794b71ae45568d569ba7897e8bfa038ef23ef1242be577ecfe16b8dab51aee728d1d2d7fc04f7a8b33f080f4c95f",
    "bb1672cbdab1234972e06b005f1d19fdf5b9dcccc1d4cacbf5bda72049c90adf30c7772ac1f373eeee1c6b2355299dc49be9171ab2cee55525c77e0cbb818a6f",
    "dfbfca1a0f3d4fad656930847e0a2661440e0e29f8da9ac496d6ce1833dbd2c05d92e68279630f979e83a7e8f8c83b1e4347317060f81bc473068703627334b5",
    "4e5e2a29ffd6050af875a782f1ab3e07e0c4f59b48c542463607c84e3fa04473bda6e59eead6cfeeac473e1813ef462aa418fe2bbe3fd5e4a71fa35069b66260",
    "471519c3c802f7445113f524584fc5d41bc29c201d0db0f7226611e097bb8d5ad7bcd1f113e8924d97110234c7f203a1c68a27ac8c26c48f3c9b3a33d66f9ca1",
    "9ca395432353ecfe8edaa2f0d654b55e8c69fd19cdac8a473bd11faf789d60f56dde1e9c0438d8ee65312c071ff2b8459ed2e53b5909383b1d43ff3549fc0cea",
    "9f37cbc04379e8f5ffa1720a0b85ba5c9b71129660213c67c692c98bf1cfb1a6b7fc48146fdb3a3d0b2bb74d22261fd879e09d8cad67da3846311835538cce0f",
    "d8b07f20087417b3ce43063ca05bd4581403437f5ccde4437a2fc3178249f82a57155d76f986234f6905ef39351e7926638792d02cb68790d21cd9190b21c10f",
    "2a653a08060c5c7c5dd9bf05153add51364e8b62bf53e958f9044a581f91cd7717ed29a8761a424af9345b4f24d97e5b5ac0e9744d800b97b4dc7ae292c4dbbe",
    "373edaecdf30ec8ee3a96df36a4edc2d261848302de042071801748899fcf5de03e54b48f1ba14b414800ffa1578de8c88df8096791c8030546a261f3827f70b",
    "2c243d8b231b3f89aff5c9f68c1daf83cc51cd7fe919bea06550f329c8909d580133a11b08f5f9af683a52bac4d3109e9692d31906040cb0aeb2caf3c9508507",
    "8af99713ca333f25c63e877d8c2b20417d46e66f30551465dac18f18c50ff99af3752c312d2ec03f9937123acafac9cea7ece295fe3dddf717a07017cc7b2a50",
    "5201b0922c996414651b7435ab5449954870a0287676bccfd0c01109c13e36b895bd32c8723d66f57711e38b590fa6528708d1470364066b8780f9bf62a998ed"
  ],
  "algorithm": "sha512",
  "loaders": [
    "fabric"
  ],
  "game_versions": [
    "1.20.6"
  ],
  "version_types": [
    "release"
  ]
}
[22:23:26] [Render thread/DEBUG] (FabricLoader/Mixin) Mixing ClientConnectionMixin from fabric-networking-api-v1.mixins.json into net.minecraft.network.ClientConnection
[22:23:26] [Render thread/DEBUG] (FabricLoader/Mixin) fabric-networking-api-v1.mixins.json:ClientConnectionMixin from mod fabric-networking-api-v1: Class version 65 required is higher than the class version supported by the current version of Mixin (JAVA_17 supports class version 61)
[22:23:26] [Render thread/DEBUG] (FabricLoader/Mixin) Renaming synthetic method lambda$fabric_getPendingChannelsNames$0(Lnet/minecraft/network/NetworkPhase;)Ljava/util/Collection; to mda8b304$fabric-networking-api-v1$lambda$fabric_getPendingChannelsNames$0$0 in fabric-networking-api-v1.mixins.json:ClientConnectionMixin from mod fabric-networking-api-v1
[22:23:26] [Render thread/DEBUG] (FabricLoader/Mixin) carpet.mixins.json:Connection_packetCounterMixin from mod carpet->@Inject::packetInCount(Lio/netty/channel/ChannelHandlerContext;Lnet/minecraft/network/packet/Packet;Lorg/spongepowered/asm/mixin/injection/callback/CallbackInfo;)V doesn't use it's CallbackInfo
[22:23:26] [Render thread/DEBUG] (FabricLoader/Mixin) carpet.mixins.json:Connection_packetCounterMixin from mod carpet->@Inject::packetInCount(Lio/netty/channel/ChannelHandlerContext;Lnet/minecraft/network/packet/Packet;Lorg/spongepowered/asm/mixin/injection/callback/CallbackInfo;)V has 0 override(s) in child classes
[22:23:26] [Render thread/DEBUG] (FabricLoader/Mixin) carpet.mixins.json:Connection_packetCounterMixin from mod carpet->@Inject::packetInCount(Lio/netty/channel/ChannelHandlerContext;Lnet/minecraft/network/packet/Packet;Lorg/spongepowered/asm/mixin/injection/callback/CallbackInfo;)V won't be passed a CallbackInfo as a result
[22:23:26] [Render thread/DEBUG] (FabricLoader/Mixin) carpet.mixins.json:Connection_packetCounterMixin from mod carpet->@Inject::packetOutCount(Lnet/minecraft/network/packet/Packet;Lnet/minecraft/network/PacketCallbacks;ZLorg/spongepowered/asm/mixin/injection/callback/CallbackInfo;)V doesn't use it's CallbackInfo
[22:23:26] [Render thread/DEBUG] (FabricLoader/Mixin) carpet.mixins.json:Connection_packetCounterMixin from mod carpet->@Inject::packetOutCount(Lnet/minecraft/network/packet/Packet;Lnet/minecraft/network/PacketCallbacks;ZLorg/spongepowered/asm/mixin/injection/callback/CallbackInfo;)V has 0 override(s) in child classes
[22:23:26] [Render thread/DEBUG] (FabricLoader/Mixin) carpet.mixins.json:Connection_packetCounterMixin from mod carpet->@Inject::packetOutCount(Lnet/minecraft/network/packet/Packet;Lnet/minecraft/network/PacketCallbacks;ZLorg/spongepowered/asm/mixin/injection/callback/CallbackInfo;)V won't be passed a CallbackInfo as a result
[22:23:26] [Render thread/DEBUG] (FabricLoader/Mixin) fabric-networking-api-v1.mixins.json:ClientConnectionMixin from mod fabric-networking-api-v1->@Inject::initAddedFields(Lnet/minecraft/network/NetworkSide;Lorg/spongepowered/asm/mixin/injection/callback/CallbackInfo;)V doesn't use it's CallbackInfo
[22:23:26] [Render thread/DEBUG] (FabricLoader/Mixin) fabric-networking-api-v1.mixins.json:ClientConnectionMixin from mod fabric-networking-api-v1->@Inject::initAddedFields(Lnet/minecraft/network/NetworkSide;Lorg/spongepowered/asm/mixin/injection/callback/CallbackInfo;)V has 0 override(s) in child classes
[22:23:26] [Render thread/DEBUG] (FabricLoader/Mixin) fabric-networking-api-v1.mixins.json:ClientConnectionMixin from mod fabric-networking-api-v1->@Inject::initAddedFields(Lnet/minecraft/network/NetworkSide;Lorg/spongepowered/asm/mixin/injection/callback/CallbackInfo;)V won't be passed a CallbackInfo as a result
[22:23:26] [Render thread/DEBUG] (FabricLoader/Mixin) fabric-networking-api-v1.mixins.json:ClientConnectionMixin from mod fabric-networking-api-v1->@Inject::checkPacket(Lnet/minecraft/network/packet/Packet;Lnet/minecraft/network/PacketCallbacks;ZLorg/spongepowered/asm/mixin/injection/callback/CallbackInfo;)V doesn't use it's CallbackInfo
[22:23:26] [Render thread/DEBUG] (FabricLoader/Mixin) fabric-networking-api-v1.mixins.json:ClientConnectionMixin from mod fabric-networking-api-v1->@Inject::checkPacket(Lnet/minecraft/network/packet/Packet;Lnet/minecraft/network/PacketCallbacks;ZLorg/spongepowered/asm/mixin/injection/callback/CallbackInfo;)V has 0 override(s) in child classes
[22:23:26] [Render thread/DEBUG] (FabricLoader/Mixin) fabric-networking-api-v1.mixins.json:ClientConnectionMixin from mod fabric-networking-api-v1->@Inject::checkPacket(Lnet/minecraft/network/packet/Packet;Lnet/minecraft/network/PacketCallbacks;ZLorg/spongepowered/asm/mixin/injection/callback/CallbackInfo;)V won't be passed a CallbackInfo as a result
[22:23:26] [Render thread/DEBUG] (FabricLoader/Mixin) fabric-networking-api-v1.mixins.json:ClientConnectionMixin from mod fabric-networking-api-v1->@Inject::checkPacket(Lnet/minecraft/network/packet/Packet;Lnet/minecraft/network/PacketCallbacks;ZLorg/spongepowered/asm/mixin/injection/callback/CallbackInfo;)V doesn't use it's CallbackInfo
[22:23:26] [Render thread/DEBUG] (FabricLoader/Mixin) fabric-networking-api-v1.mixins.json:ClientConnectionMixin from mod fabric-networking-api-v1->@Inject::checkPacket(Lnet/minecraft/network/packet/Packet;Lnet/minecraft/network/PacketCallbacks;ZLorg/spongepowered/asm/mixin/injection/callback/CallbackInfo;)V has 0 override(s) in child classes
[22:23:26] [Render thread/DEBUG] (FabricLoader/Mixin) fabric-networking-api-v1.mixins.json:ClientConnectionMixin from mod fabric-networking-api-v1->@Inject::checkPacket(Lnet/minecraft/network/packet/Packet;Lnet/minecraft/network/PacketCallbacks;ZLorg/spongepowered/asm/mixin/injection/callback/CallbackInfo;)V won't be passed a CallbackInfo as a result
[22:23:26] [Render thread/DEBUG] (FabricLoader/Mixin) fabric-networking-api-v1.mixins.json:ClientConnectionMixin from mod fabric-networking-api-v1->@Inject::unwatchAddon(Lnet/minecraft/network/NetworkState;Lnet/minecraft/network/listener/PacketListener;Lorg/spongepowered/asm/mixin/injection/callback/CallbackInfo;)V doesn't use it's CallbackInfo
[22:23:26] [Render thread/DEBUG] (FabricLoader/Mixin) fabric-networking-api-v1.mixins.json:ClientConnectionMixin from mod fabric-networking-api-v1->@Inject::unwatchAddon(Lnet/minecraft/network/NetworkState;Lnet/minecraft/network/listener/PacketListener;Lorg/spongepowered/asm/mixin/injection/callback/CallbackInfo;)V has 0 override(s) in child classes
[22:23:26] [Render thread/DEBUG] (FabricLoader/Mixin) fabric-networking-api-v1.mixins.json:ClientConnectionMixin from mod fabric-networking-api-v1->@Inject::unwatchAddon(Lnet/minecraft/network/NetworkState;Lnet/minecraft/network/listener/PacketListener;Lorg/spongepowered/asm/mixin/injection/callback/CallbackInfo;)V won't be passed a CallbackInfo as a result
[22:23:26] [Render thread/DEBUG] (FabricLoader/Mixin) fabric-networking-api-v1.mixins.json:ClientConnectionMixin from mod fabric-networking-api-v1->@Inject::disconnectAddon(Lio/netty/channel/ChannelHandlerContext;Lorg/spongepowered/asm/mixin/injection/callback/CallbackInfo;)V doesn't use it's CallbackInfo
[22:23:26] [Render thread/DEBUG] (FabricLoader/Mixin) fabric-networking-api-v1.mixins.json:ClientConnectionMixin from mod fabric-networking-api-v1->@Inject::disconnectAddon(Lio/netty/channel/ChannelHandlerContext;Lorg/spongepowered/asm/mixin/injection/callback/CallbackInfo;)V has 0 override(s) in child classes
[22:23:26] [Render thread/DEBUG] (FabricLoader/Mixin) fabric-networking-api-v1.mixins.json:ClientConnectionMixin from mod fabric-networking-api-v1->@Inject::disconnectAddon(Lio/netty/channel/ChannelHandlerContext;Lorg/spongepowered/asm/mixin/injection/callback/CallbackInfo;)V won't be passed a CallbackInfo as a result
[22:23:26] [Render thread/DEBUG] (FabricLoader/Mixin) fabric-networking-api-v1.mixins.json:ClientConnectionMixin from mod fabric-networking-api-v1->@Inject::disconnectAddon(Lorg/spongepowered/asm/mixin/injection/callback/CallbackInfo;)V doesn't use it's CallbackInfo
[22:23:26] [Render thread/DEBUG] (FabricLoader/Mixin) fabric-networking-api-v1.mixins.json:ClientConnectionMixin from mod fabric-networking-api-v1->@Inject::disconnectAddon(Lorg/spongepowered/asm/mixin/injection/callback/CallbackInfo;)V has 0 override(s) in child classes
[22:23:26] [Render thread/DEBUG] (FabricLoader/Mixin) fabric-networking-api-v1.mixins.json:ClientConnectionMixin from mod fabric-networking-api-v1->@Inject::disconnectAddon(Lorg/spongepowered/asm/mixin/injection/callback/CallbackInfo;)V won't be passed a CallbackInfo as a result
[22:23:26] [Render thread/INFO] (Better Player Locator Bar) [BPLB] Initializing mod client side!
[22:23:26] [Render thread/INFO] (Better Player Locator Bar) [BPLB] Config loaded successfully
[22:23:26] [Render thread/INFO] (Better Player Locator Bar) [BPLB] Registering Keybinds
[22:23:26] [Render thread/INFO] (Better Player Locator Bar) [BPLB] Keybinds registered
[22:23:26] [Render thread/INFO] (Better Player Locator Bar) [BPLB] Registering client configuration commands
[22:23:26] [Render thread/INFO] (Better Player Locator Bar) [BPLB]  Client configuration commands registered
[22:23:26] [Render thread/INFO] (Better Player Locator Bar) [BPLB] Client side initialized!
[22:23:26] [Render thread/DEBUG] (FabricLoader/Mixin) Mixing GameOptionsMixin from fabric-resource-loader-v0.client.mixins.json into net.minecraft.client.option.GameOptions
[22:23:26] [Render thread/DEBUG] (FabricLoader/Mixin) fabric-resource-loader-v0.client.mixins.json:GameOptionsMixin from mod fabric-resource-loader-v0: Class version 65 required is higher than the class version supported by the current version of Mixin (JAVA_17 supports class version 61)
[22:23:26] [Render thread/DEBUG] (FabricLoader/Mixin) Mixing GameOptionsMixin from fabric-key-binding-api-v1.mixins.json into net.minecraft.client.option.GameOptions
[22:23:26] [Render thread/DEBUG] (FabricLoader/Mixin) fabric-key-binding-api-v1.mixins.json:GameOptionsMixin from mod fabric-key-binding-api-v1: Class version 65 required is higher than the class version supported by the current version of Mixin (JAVA_17 supports class version 61)
[22:23:26] [Render thread/DEBUG] (FabricLoader/Mixin) fabric-resource-loader-v0.client.mixins.json:GameOptionsMixin from mod fabric-resource-loader-v0->@Inject::onLoad(Lorg/spongepowered/asm/mixin/injection/callback/CallbackInfo;)V doesn't use it's CallbackInfo
[22:23:26] [Render thread/DEBUG] (FabricLoader/Mixin) fabric-resource-loader-v0.client.mixins.json:GameOptionsMixin from mod fabric-resource-loader-v0->@Inject::onLoad(Lorg/spongepowered/asm/mixin/injection/callback/CallbackInfo;)V has 0 override(s) in child classes
[22:23:26] [Render thread/DEBUG] (FabricLoader/Mixin) fabric-resource-loader-v0.client.mixins.json:GameOptionsMixin from mod fabric-resource-loader-v0->@Inject::onLoad(Lorg/spongepowered/asm/mixin/injection/callback/CallbackInfo;)V won't be passed a CallbackInfo as a result
[22:23:26] [Render thread/DEBUG] (FabricLoader/Mixin) fabric-resource-loader-v0.client.mixins.json:GameOptionsMixin from mod fabric-resource-loader-v0->@Inject::onLoad(Lorg/spongepowered/asm/mixin/injection/callback/CallbackInfo;)V doesn't use it's CallbackInfo
[22:23:26] [Render thread/DEBUG] (FabricLoader/Mixin) fabric-resource-loader-v0.client.mixins.json:GameOptionsMixin from mod fabric-resource-loader-v0->@Inject::onLoad(Lorg/spongepowered/asm/mixin/injection/callback/CallbackInfo;)V has 0 override(s) in child classes
[22:23:26] [Render thread/DEBUG] (FabricLoader/Mixin) fabric-resource-loader-v0.client.mixins.json:GameOptionsMixin from mod fabric-resource-loader-v0->@Inject::onLoad(Lorg/spongepowered/asm/mixin/injection/callback/CallbackInfo;)V won't be passed a CallbackInfo as a result
[22:23:26] [Render thread/DEBUG] (FabricLoader/Mixin) fabric-key-binding-api-v1.mixins.json:GameOptionsMixin from mod fabric-key-binding-api-v1->@Inject::loadHook(Lorg/spongepowered/asm/mixin/injection/callback/CallbackInfo;)V doesn't use it's CallbackInfo
[22:23:26] [Render thread/DEBUG] (FabricLoader/Mixin) fabric-key-binding-api-v1.mixins.json:GameOptionsMixin from mod fabric-key-binding-api-v1->@Inject::loadHook(Lorg/spongepowered/asm/mixin/injection/callback/CallbackInfo;)V has 0 override(s) in child classes
[22:23:26] [Render thread/DEBUG] (FabricLoader/Mixin) fabric-key-binding-api-v1.mixins.json:GameOptionsMixin from mod fabric-key-binding-api-v1->@Inject::loadHook(Lorg/spongepowered/asm/mixin/injection/callback/CallbackInfo;)V won't be passed a CallbackInfo as a result
[22:23:26] [Render thread/DEBUG] (FabricLoader/Mixin) Mixing ChatHudMixin from BetterPlayerLocatorBar.mixins.json into net.minecraft.client.gui.hud.ChatHud
[22:23:26] [Render thread/DEBUG] (FabricLoader/Mixin) BetterPlayerLocatorBar.mixins.json:ChatHudMixin from mod bplb->@Inject::adjustChatRender(Lnet/minecraft/client/gui/DrawContext;IIIZLorg/spongepowered/asm/mixin/injection/callback/CallbackInfo;)V doesn't use it's CallbackInfo
[22:23:26] [Render thread/DEBUG] (FabricLoader/Mixin) BetterPlayerLocatorBar.mixins.json:ChatHudMixin from mod bplb->@Inject::adjustChatRender(Lnet/minecraft/client/gui/DrawContext;IIIZLorg/spongepowered/asm/mixin/injection/callback/CallbackInfo;)V has 0 override(s) in child classes
[22:23:26] [Render thread/DEBUG] (FabricLoader/Mixin) BetterPlayerLocatorBar.mixins.json:ChatHudMixin from mod bplb->@Inject::adjustChatRender(Lnet/minecraft/client/gui/DrawContext;IIIZLorg/spongepowered/asm/mixin/injection/callback/CallbackInfo;)V won't be passed a CallbackInfo as a result
[22:23:26] [Render thread/DEBUG] (FabricLoader/Mixin) BetterPlayerLocatorBar.mixins.json:ChatHudMixin from mod bplb->@Inject::resetChatRender(Lnet/minecraft/client/gui/DrawContext;IIIZLorg/spongepowered/asm/mixin/injection/callback/CallbackInfo;)V doesn't use it's CallbackInfo
[22:23:26] [Render thread/DEBUG] (FabricLoader/Mixin) BetterPlayerLocatorBar.mixins.json:ChatHudMixin from mod bplb->@Inject::resetChatRender(Lnet/minecraft/client/gui/DrawContext;IIIZLorg/spongepowered/asm/mixin/injection/callback/CallbackInfo;)V has 0 override(s) in child classes
[22:23:26] [Render thread/DEBUG] (FabricLoader/Mixin) BetterPlayerLocatorBar.mixins.json:ChatHudMixin from mod bplb->@Inject::resetChatRender(Lnet/minecraft/client/gui/DrawContext;IIIZLorg/spongepowered/asm/mixin/injection/callback/CallbackInfo;)V won't be passed a CallbackInfo as a result
[22:23:26] [Render thread/DEBUG] (FabricLoader/Mixin) BetterPlayerLocatorBar.mixins.json:ChatHudMixin from mod bplb->@Inject::resetChatRender(Lnet/minecraft/client/gui/DrawContext;IIIZLorg/spongepowered/asm/mixin/injection/callback/CallbackInfo;)V doesn't use it's CallbackInfo
[22:23:26] [Render thread/DEBUG] (FabricLoader/Mixin) BetterPlayerLocatorBar.mixins.json:ChatHudMixin from mod bplb->@Inject::resetChatRender(Lnet/minecraft/client/gui/DrawContext;IIIZLorg/spongepowered/asm/mixin/injection/callback/CallbackInfo;)V has 0 override(s) in child classes
[22:23:26] [Render thread/DEBUG] (FabricLoader/Mixin) BetterPlayerLocatorBar.mixins.json:ChatHudMixin from mod bplb->@Inject::resetChatRender(Lnet/minecraft/client/gui/DrawContext;IIIZLorg/spongepowered/asm/mixin/injection/callback/CallbackInfo;)V won't be passed a CallbackInfo as a result
[22:23:26] [Render thread/DEBUG] (FabricLoader/Mixin) BetterPlayerLocatorBar.mixins.json:ChatHudMixin from mod bplb->@Inject::resetChatRender(Lnet/minecraft/client/gui/DrawContext;IIIZLorg/spongepowered/asm/mixin/injection/callback/CallbackInfo;)V doesn't use it's CallbackInfo
[22:23:26] [Render thread/DEBUG] (FabricLoader/Mixin) BetterPlayerLocatorBar.mixins.json:ChatHudMixin from mod bplb->@Inject::resetChatRender(Lnet/minecraft/client/gui/DrawContext;IIIZLorg/spongepowered/asm/mixin/injection/callback/CallbackInfo;)V has 0 override(s) in child classes
[22:23:26] [Render thread/DEBUG] (FabricLoader/Mixin) BetterPlayerLocatorBar.mixins.json:ChatHudMixin from mod bplb->@Inject::resetChatRender(Lnet/minecraft/client/gui/DrawContext;IIIZLorg/spongepowered/asm/mixin/injection/callback/CallbackInfo;)V won't be passed a CallbackInfo as a result
[22:23:26] [Render thread/DEBUG] (FabricLoader/Mixin) Mixing ResourcePackProfileMixin from fabric-resource-loader-v0.mixins.json into net.minecraft.resource.ResourcePackProfile
[22:23:26] [Render thread/DEBUG] (FabricLoader/Mixin) fabric-resource-loader-v0.mixins.json:ResourcePackProfileMixin from mod fabric-resource-loader-v0: Class version 65 required is higher than the class version supported by the current version of Mixin (JAVA_17 supports class version 61)
[22:23:26] [Render thread/DEBUG] (FabricLoader/Mixin) Renaming synthetic method lambda$static$0(Ljava/util/Set;)Z to mda8b304$fabric-resource-loader-v0$lambda$static$0$0 in fabric-resource-loader-v0.mixins.json:ResourcePackProfileMixin from mod fabric-resource-loader-v0
[22:23:26] [Render thread/DEBUG] (FabricLoader/Mixin) fabric-resource-loader-v0.mixins.json:ResourcePackProfileMixin from mod fabric-resource-loader-v0->@Inject::onCreateResourcePack(Lorg/spongepowered/asm/mixin/injection/callback/CallbackInfoReturnable;)V does use it's CallbackInfoReturnable
[22:23:26] [ModMenu/Update Checker/Fabric Loader/DEBUG] (Mod Menu/Fabric Update Checker) Fabric Loader has a matching update available!
[22:23:26] [ModMenu/Update Checker/Fabric Loader/INFO] (Mod Menu/Update Checker) Update available for 'fabricloader@0.17.3'
[22:23:26] [Render thread/INFO] (net.minecraft.client.MinecraftClient) Backend library: LWJGL version 3.3.3-snapshot
[22:23:26] [ModMenu/Update Checker/2/DEBUG] (Mod Menu/Update Checker) Status: 200
[22:23:26] [ModMenu/Update Checker/2/DEBUG] (Mod Menu/Update Checker) {"c79bf0d6cbdbc5e0e34162ce79d6daa736d93b3559ec7d3c7a2dc0f9f5f0a95fd29d4fed85659d30faa4106cf0398ffaaa238dfbdbab02da0699a9a8eba819be":{"game_versions":["1.20.6"],"loaders":["fabric"],"id":"iImwtlTX","project_id":"TQTTVgYE","author_id":"BIC780Hy","featured":false,"name":"Carpet 1.4.141 for Minecraft 1.20.6","version_number":"1.4.141","changelog":"What's the traitor llama in Carpet 1.4.141:\n - Fixed issue with carpet clients rules desynced. blame @altrisi ","changelog_url":null,"date_published":"2024-09-05T12:51:35.830727Z","downloads":22539,"version_type":"release","status":"listed","requested_status":null,"files":[{"id":"S45V29Cr","hashes":{"sha1":"f8945273498d8c1e071d971587d5be3a5dcb5019","sha512":"c79bf0d6cbdbc5e0e34162ce79d6daa736d93b3559ec7d3c7a2dc0f9f5f0a95fd29d4fed85659d30faa4106cf0398ffaaa238dfbdbab02da0699a9a8eba819be"},"url":"https://cdn.modrinth.com/data/TQTTVgYE/versions/iImwtlTX/fabric-carpet-1.20.6-1.4.141%2Bv240429.jar","filename":"fabric-carpet-1.20.6-1.4.141+v240429.jar","primary":true,"size":1533151,"file_type":null}],"dependencies":[]}}
[22:23:26] [Render thread/DEBUG] (FabricLoader/Mixin) Mixing MouseMixin from fabric-screen-api-v1.mixins.json into net.minecraft.client.Mouse
[22:23:26] [Render thread/DEBUG] (FabricLoader/Mixin) fabric-screen-api-v1.mixins.json:MouseMixin from mod fabric-screen-api-v1: Class version 65 required is higher than the class version supported by the current version of Mixin (JAVA_17 supports class version 61)
[22:23:26] [Render thread/DEBUG] (FabricLoader/Mixin) fabric-screen-api-v1.mixins.json:MouseMixin from mod fabric-screen-api-v1->@Inject::beforeMouseClickedEvent([ZLnet/minecraft/client/gui/screen/Screen;DDILorg/spongepowered/asm/mixin/injection/callback/CallbackInfo;)V does use it's CallbackInfo
[22:23:26] [Render thread/DEBUG] (FabricLoader/Mixin) fabric-screen-api-v1.mixins.json:MouseMixin from mod fabric-screen-api-v1->@Inject::afterMouseClickedEvent([ZLnet/minecraft/client/gui/screen/Screen;DDILorg/spongepowered/asm/mixin/injection/callback/CallbackInfo;)V doesn't use it's CallbackInfo
[22:23:26] [Render thread/DEBUG] (FabricLoader/Mixin) fabric-screen-api-v1.mixins.json:MouseMixin from mod fabric-screen-api-v1->@Inject::beforeMouseReleasedEvent([ZLnet/minecraft/client/gui/screen/Screen;DDILorg/spongepowered/asm/mixin/injection/callback/CallbackInfo;)V does use it's CallbackInfo
[22:23:26] [Render thread/DEBUG] (FabricLoader/Mixin) fabric-screen-api-v1.mixins.json:MouseMixin from mod fabric-screen-api-v1->@Inject::afterMouseReleasedEvent([ZLnet/minecraft/client/gui/screen/Screen;DDILorg/spongepowered/asm/mixin/injection/callback/CallbackInfo;)V doesn't use it's CallbackInfo
[22:23:26] [Render thread/DEBUG] (FabricLoader/Mixin) fabric-screen-api-v1.mixins.json:MouseMixin from mod fabric-screen-api-v1->@Inject::beforeMouseScrollEvent(JDDLorg/spongepowered/asm/mixin/injection/callback/CallbackInfo;ZDDDDD)V does use it's CallbackInfo
[22:23:26] [Render thread/DEBUG] (FabricLoader/Mixin) fabric-screen-api-v1.mixins.json:MouseMixin from mod fabric-screen-api-v1->@Inject::afterMouseScrollEvent(JDDLorg/spongepowered/asm/mixin/injection/callback/CallbackInfo;ZDDDDD)V doesn't use it's CallbackInfo
[22:23:26] [Render thread/DEBUG] (FabricLoader/Mixin) fabric-screen-api-v1.mixins.json:MouseMixin from mod fabric-screen-api-v1->@Inject::afterMouseScrollEvent(JDDLorg/spongepowered/asm/mixin/injection/callback/CallbackInfo;ZDDDDD)V has 0 override(s) in child classes
[22:23:26] [Render thread/DEBUG] (FabricLoader/Mixin) fabric-screen-api-v1.mixins.json:MouseMixin from mod fabric-screen-api-v1->@Inject::afterMouseScrollEvent(JDDLorg/spongepowered/asm/mixin/injection/callback/CallbackInfo;ZDDDDD)V won't be passed a CallbackInfo as a result
[22:23:26] [Render thread/DEBUG] (FabricLoader/Mixin) Mixing KeyboardMixin from fabric-screen-api-v1.mixins.json into net.minecraft.client.Keyboard
[22:23:26] [Render thread/DEBUG] (FabricLoader/Mixin) fabric-screen-api-v1.mixins.json:KeyboardMixin from mod fabric-screen-api-v1: Class version 65 required is higher than the class version supported by the current version of Mixin (JAVA_17 supports class version 61)
[22:23:26] [Render thread/DEBUG] (FabricLoader/Mixin) fabric-screen-api-v1.mixins.json:KeyboardMixin from mod fabric-screen-api-v1->@Inject::beforeKeyPressedEvent(ILnet/minecraft/client/gui/screen/Screen;[ZIIILorg/spongepowered/asm/mixin/injection/callback/CallbackInfo;)V does use it's CallbackInfo
[22:23:26] [Render thread/DEBUG] (FabricLoader/Mixin) fabric-screen-api-v1.mixins.json:KeyboardMixin from mod fabric-screen-api-v1->@Inject::afterKeyPressedEvent(ILnet/minecraft/client/gui/screen/Screen;[ZIIILorg/spongepowered/asm/mixin/injection/callback/CallbackInfo;)V doesn't use it's CallbackInfo
[22:23:26] [Render thread/DEBUG] (FabricLoader/Mixin) fabric-screen-api-v1.mixins.json:KeyboardMixin from mod fabric-screen-api-v1->@Inject::beforeKeyReleasedEvent(ILnet/minecraft/client/gui/screen/Screen;[ZIIILorg/spongepowered/asm/mixin/injection/callback/CallbackInfo;)V does use it's CallbackInfo
[22:23:26] [Render thread/DEBUG] (FabricLoader/Mixin) fabric-screen-api-v1.mixins.json:KeyboardMixin from mod fabric-screen-api-v1->@Inject::afterKeyReleasedEvent(ILnet/minecraft/client/gui/screen/Screen;[ZIIILorg/spongepowered/asm/mixin/injection/callback/CallbackInfo;)V doesn't use it's CallbackInfo
[22:23:27] [Render thread/DEBUG] (FabricLoader/Mixin) Mixing LifecycledResourceManagerImplMixin from fabric-resource-loader-v0.mixins.json into net.minecraft.resource.LifecycledResourceManagerImpl
[22:23:27] [Render thread/DEBUG] (FabricLoader/Mixin) fabric-resource-loader-v0.mixins.json:LifecycledResourceManagerImplMixin from mod fabric-resource-loader-v0: Class version 65 required is higher than the class version supported by the current version of Mixin (JAVA_17 supports class version 61)
[22:23:27] [Render thread/DEBUG] (FabricLoader/Mixin) fabric-resource-loader-v0.mixins.json:LifecycledResourceManagerImplMixin from mod fabric-resource-loader-v0->@Inject::init(Lnet/minecraft/resource/ResourceType;Ljava/util/List;Lorg/spongepowered/asm/mixin/injection/callback/CallbackInfo;)V doesn't use it's CallbackInfo
[22:23:27] [Render thread/DEBUG] (FabricLoader/Mixin) fabric-resource-loader-v0.mixins.json:LifecycledResourceManagerImplMixin from mod fabric-resource-loader-v0->@Inject::init(Lnet/minecraft/resource/ResourceType;Ljava/util/List;Lorg/spongepowered/asm/mixin/injection/callback/CallbackInfo;)V has 0 override(s) in child classes
[22:23:27] [Render thread/DEBUG] (FabricLoader/Mixin) fabric-resource-loader-v0.mixins.json:LifecycledResourceManagerImplMixin from mod fabric-resource-loader-v0->@Inject::init(Lnet/minecraft/resource/ResourceType;Ljava/util/List;Lorg/spongepowered/asm/mixin/injection/callback/CallbackInfo;)V won't be passed a CallbackInfo as a result
[22:23:27] [Render thread/DEBUG] (net.fabricmc.fabric.impl.resource.loader.ModResourcePackUtil) [Fabric] Starting internal pack sorting with: [vanilla, bplb, carpet, fabric, fabric-api, fabric-api-base, fabric-api-lookup-api-v1, fabric-biome-api-v1, fabric-block-api-v1, fabric-block-view-api-v2, fabric-blockrenderlayer-v1, fabric-client-tags-api-v1, fabric-command-api-v1, fabric-command-api-v2, fabric-commands-v0, fabric-content-registries-v0, fabric-convention-tags-v1, fabric-convention-tags-v2, fabric-crash-report-info-v1, fabric-data-attachment-api-v1, fabric-data-generation-api-v1, fabric-dimensions-v1, fabric-entity-events-v1, fabric-events-interaction-v0, fabric-game-rule-api-v1, fabric-gametest-api-v1, fabric-item-api-v1, fabric-item-group-api-v1, fabric-key-binding-api-v1, fabric-keybindings-v0, fabric-lifecycle-events-v1, fabric-loot-api-v2, fabric-message-api-v1, fabric-model-loading-api-v1, fabric-models-v0, fabric-networking-api-v1, fabric-object-builder-api-v1, fabric-particles-v1, fabric-recipe-api-v1, fabric-registry-sync-v0, fabric-renderer-api-v1, fabric-renderer-indigo, fabric-renderer-registries-v1, fabric-rendering-data-attachment-v1, fabric-rendering-fluids-v1, fabric-rendering-v0, fabric-rendering-v1, fabric-resource-conditions-api-v1, fabric-resource-loader-v0, fabric-screen-api-v1, fabric-screen-handler-api-v1, fabric-sound-api-v1, fabric-transfer-api-v1, fabric-transitive-access-wideners-v1, fabricloader, modmenu, modmenu_high_contrast, modmenu_programmer_art]
[22:23:27] [Render thread/DEBUG] (net.fabricmc.fabric.impl.resource.loader.ModResourcePackUtil) [Fabric] Removed all internal packs, result: [vanilla, fabric]
[22:23:27] [Render thread/DEBUG] (net.fabricmc.fabric.impl.resource.loader.ModResourcePackUtil) [Fabric] cur @ fabric, auto-enabled bplb, currently enabled: [vanilla, fabric, bplb]
[22:23:27] [Render thread/DEBUG] (net.fabricmc.fabric.impl.resource.loader.ModResourcePackUtil) [Fabric] cur @ fabric, auto-enabled carpet, currently enabled: [vanilla, fabric, bplb, carpet]
[22:23:27] [Render thread/DEBUG] (net.fabricmc.fabric.impl.resource.loader.ModResourcePackUtil) [Fabric] cur @ fabric, auto-enabled fabric-api, currently enabled: [vanilla, fabric, bplb, carpet, fabric-api]
[22:23:27] [Render thread/DEBUG] (net.fabricmc.fabric.impl.resource.loader.ModResourcePackUtil) [Fabric] cur @ fabric, auto-enabled fabric-api-base, currently enabled: [vanilla, fabric, bplb, carpet, fabric-api, fabric-api-base]
[22:23:27] [Render thread/DEBUG] (net.fabricmc.fabric.impl.resource.loader.ModResourcePackUtil) [Fabric] cur @ fabric, auto-enabled fabric-api-lookup-api-v1, currently enabled: [vanilla, fabric, bplb, carpet, fabric-api, fabric-api-base, fabric-api-lookup-api-v1]
[22:23:27] [Render thread/DEBUG] (net.fabricmc.fabric.impl.resource.loader.ModResourcePackUtil) [Fabric] cur @ fabric, auto-enabled fabric-biome-api-v1, currently enabled: [vanilla, fabric, bplb, carpet, fabric-api, fabric-api-base, fabric-api-lookup-api-v1, fabric-biome-api-v1]
[22:23:27] [Render thread/DEBUG] (net.fabricmc.fabric.impl.resource.loader.ModResourcePackUtil) [Fabric] cur @ fabric, auto-enabled fabric-block-api-v1, currently enabled: [vanilla, fabric, bplb, carpet, fabric-api, fabric-api-base, fabric-api-lookup-api-v1, fabric-biome-api-v1, fabric-block-api-v1]
[22:23:27] [Render thread/DEBUG] (net.fabricmc.fabric.impl.resource.loader.ModResourcePackUtil) [Fabric] cur @ fabric, auto-enabled fabric-block-view-api-v2, currently enabled: [vanilla, fabric, bplb, carpet, fabric-api, fabric-api-base, fabric-api-lookup-api-v1, fabric-biome-api-v1, fabric-block-api-v1, fabric-block-view-api-v2]
[22:23:27] [Render thread/DEBUG] (net.fabricmc.fabric.impl.resource.loader.ModResourcePackUtil) [Fabric] cur @ fabric, auto-enabled fabric-blockrenderlayer-v1, currently enabled: [vanilla, fabric, bplb, carpet, fabric-api, fabric-api-base, fabric-api-lookup-api-v1, fabric-biome-api-v1, fabric-block-api-v1, fabric-block-view-api-v2, fabric-blockrenderlayer-v1]
[22:23:27] [Render thread/DEBUG] (net.fabricmc.fabric.impl.resource.loader.ModResourcePackUtil) [Fabric] cur @ fabric, auto-enabled fabric-client-tags-api-v1, currently enabled: [vanilla, fabric, bplb, carpet, fabric-api, fabric-api-base, fabric-api-lookup-api-v1, fabric-biome-api-v1, fabric-block-api-v1, fabric-block-view-api-v2, fabric-blockrenderlayer-v1, fabric-client-tags-api-v1]
[22:23:27] [Render thread/DEBUG] (net.fabricmc.fabric.impl.resource.loader.ModResourcePackUtil) [Fabric] cur @ fabric, auto-enabled fabric-command-api-v1, currently enabled: [vanilla, fabric, bplb, carpet, fabric-api, fabric-api-base, fabric-api-lookup-api-v1, fabric-biome-api-v1, fabric-block-api-v1, fabric-block-view-api-v2, fabric-blockrenderlayer-v1, fabric-client-tags-api-v1, fabric-command-api-v1]
[22:23:27] [Render thread/DEBUG] (net.fabricmc.fabric.impl.resource.loader.ModResourcePackUtil) [Fabric] cur @ fabric, auto-enabled fabric-command-api-v2, currently enabled: [vanilla, fabric, bplb, carpet, fabric-api, fabric-api-base, fabric-api-lookup-api-v1, fabric-biome-api-v1, fabric-block-api-v1, fabric-block-view-api-v2, fabric-blockrenderlayer-v1, fabric-client-tags-api-v1, fabric-command-api-v1, fabric-command-api-v2]
[22:23:27] [Render thread/DEBUG] (net.fabricmc.fabric.impl.resource.loader.ModResourcePackUtil) [Fabric] cur @ fabric, auto-enabled fabric-commands-v0, currently enabled: [vanilla, fabric, bplb, carpet, fabric-api, fabric-api-base, fabric-api-lookup-api-v1, fabric-biome-api-v1, fabric-block-api-v1, fabric-block-view-api-v2, fabric-blockrenderlayer-v1, fabric-client-tags-api-v1, fabric-command-api-v1, fabric-command-api-v2, fabric-commands-v0]
[22:23:27] [Render thread/DEBUG] (net.fabricmc.fabric.impl.resource.loader.ModResourcePackUtil) [Fabric] cur @ fabric, auto-enabled fabric-content-registries-v0, currently enabled: [vanilla, fabric, bplb, carpet, fabric-api, fabric-api-base, fabric-api-lookup-api-v1, fabric-biome-api-v1, fabric-block-api-v1, fabric-block-view-api-v2, fabric-blockrenderlayer-v1, fabric-client-tags-api-v1, fabric-command-api-v1, fabric-command-api-v2, fabric-commands-v0, fabric-content-registries-v0]
[22:23:27] [Render thread/DEBUG] (net.fabricmc.fabric.impl.resource.loader.ModResourcePackUtil) [Fabric] cur @ fabric, auto-enabled fabric-convention-tags-v1, currently enabled: [vanilla, fabric, bplb, carpet, fabric-api, fabric-api-base, fabric-api-lookup-api-v1, fabric-biome-api-v1, fabric-block-api-v1, fabric-block-view-api-v2, fabric-blockrenderlayer-v1, fabric-client-tags-api-v1, fabric-command-api-v1, fabric-command-api-v2, fabric-commands-v0, fabric-content-registries-v0, fabric-convention-tags-v1]
[22:23:27] [Render thread/DEBUG] (net.fabricmc.fabric.impl.resource.loader.ModResourcePackUtil) [Fabric] cur @ fabric, auto-enabled fabric-convention-tags-v2, currently enabled: [vanilla, fabric, bplb, carpet, fabric-api, fabric-api-base, fabric-api-lookup-api-v1, fabric-biome-api-v1, fabric-block-api-v1, fabric-block-view-api-v2, fabric-blockrenderlayer-v1, fabric-client-tags-api-v1, fabric-command-api-v1, fabric-command-api-v2, fabric-commands-v0, fabric-content-registries-v0, fabric-convention-tags-v1, fabric-convention-tags-v2]
[22:23:27] [Render thread/DEBUG] (net.fabricmc.fabric.impl.resource.loader.ModResourcePackUtil) [Fabric] cur @ fabric, auto-enabled fabric-crash-report-info-v1, currently enabled: [vanilla, fabric, bplb, carpet, fabric-api, fabric-api-base, fabric-api-lookup-api-v1, fabric-biome-api-v1, fabric-block-api-v1, fabric-block-view-api-v2, fabric-blockrenderlayer-v1, fabric-client-tags-api-v1, fabric-command-api-v1, fabric-command-api-v2, fabric-commands-v0, fabric-content-registries-v0, fabric-convention-tags-v1, fabric-convention-tags-v2, fabric-crash-report-info-v1]
[22:23:27] [Render thread/DEBUG] (net.fabricmc.fabric.impl.resource.loader.ModResourcePackUtil) [Fabric] cur @ fabric, auto-enabled fabric-data-attachment-api-v1, currently enabled: [vanilla, fabric, bplb, carpet, fabric-api, fabric-api-base, fabric-api-lookup-api-v1, fabric-biome-api-v1, fabric-block-api-v1, fabric-block-view-api-v2, fabric-blockrenderlayer-v1, fabric-client-tags-api-v1, fabric-command-api-v1, fabric-command-api-v2, fabric-commands-v0, fabric-content-registries-v0, fabric-convention-tags-v1, fabric-convention-tags-v2, fabric-crash-report-info-v1, fabric-data-attachment-api-v1]
[22:23:27] [Render thread/DEBUG] (net.fabricmc.fabric.impl.resource.loader.ModResourcePackUtil) [Fabric] cur @ fabric, auto-enabled fabric-data-generation-api-v1, currently enabled: [vanilla, fabric, bplb, carpet, fabric-api, fabric-api-base, fabric-api-lookup-api-v1, fabric-biome-api-v1, fabric-block-api-v1, fabric-block-view-api-v2, fabric-blockrenderlayer-v1, fabric-client-tags-api-v1, fabric-command-api-v1, fabric-command-api-v2, fabric-commands-v0, fabric-content-registries-v0, fabric-convention-tags-v1, fabric-convention-tags-v2, fabric-crash-report-info-v1, fabric-data-attachment-api-v1, fabric-data-generation-api-v1]
[22:23:27] [Render thread/DEBUG] (net.fabricmc.fabric.impl.resource.loader.ModResourcePackUtil) [Fabric] cur @ fabric, auto-enabled fabric-dimensions-v1, currently enabled: [vanilla, fabric, bplb, carpet, fabric-api, fabric-api-base, fabric-api-lookup-api-v1, fabric-biome-api-v1, fabric-block-api-v1, fabric-block-view-api-v2, fabric-blockrenderlayer-v1, fabric-client-tags-api-v1, fabric-command-api-v1, fabric-command-api-v2, fabric-commands-v0, fabric-content-registries-v0, fabric-convention-tags-v1, fabric-convention-tags-v2, fabric-crash-report-info-v1, fabric-data-attachment-api-v1, fabric-data-generation-api-v1, fabric-dimensions-v1]
[22:23:27] [Render thread/DEBUG] (net.fabricmc.fabric.impl.resource.loader.ModResourcePackUtil) [Fabric] cur @ fabric, auto-enabled fabric-entity-events-v1, currently enabled: [vanilla, fabric, bplb, carpet, fabric-api, fabric-api-base, fabric-api-lookup-api-v1, fabric-biome-api-v1, fabric-block-api-v1, fabric-block-view-api-v2, fabric-blockrenderlayer-v1, fabric-client-tags-api-v1, fabric-command-api-v1, fabric-command-api-v2, fabric-commands-v0, fabric-content-registries-v0, fabric-convention-tags-v1, fabric-convention-tags-v2, fabric-crash-report-info-v1, fabric-data-attachment-api-v1, fabric-data-generation-api-v1, fabric-dimensions-v1, fabric-entity-events-v1]
[22:23:27] [Render thread/DEBUG] (net.fabricmc.fabric.impl.resource.loader.ModResourcePackUtil) [Fabric] cur @ fabric, auto-enabled fabric-events-interaction-v0, currently enabled: [vanilla, fabric, bplb, carpet, fabric-api, fabric-api-base, fabric-api-lookup-api-v1, fabric-biome-api-v1, fabric-block-api-v1, fabric-block-view-api-v2, fabric-blockrenderlayer-v1, fabric-client-tags-api-v1, fabric-command-api-v1, fabric-command-api-v2, fabric-commands-v0, fabric-content-registries-v0, fabric-convention-tags-v1, fabric-convention-tags-v2, fabric-crash-report-info-v1, fabric-data-attachment-api-v1, fabric-data-generation-api-v1, fabric-dimensions-v1, fabric-entity-events-v1, fabric-events-interaction-v0]
[22:23:27] [Render thread/DEBUG] (net.fabricmc.fabric.impl.resource.loader.ModResourcePackUtil) [Fabric] cur @ fabric, auto-enabled fabric-game-rule-api-v1, currently enabled: [vanilla, fabric, bplb, carpet, fabric-api, fabric-api-base, fabric-api-lookup-api-v1, fabric-biome-api-v1, fabric-block-api-v1, fabric-block-view-api-v2, fabric-blockrenderlayer-v1, fabric-client-tags-api-v1, fabric-command-api-v1, fabric-command-api-v2, fabric-commands-v0, fabric-content-registries-v0, fabric-convention-tags-v1, fabric-convention-tags-v2, fabric-crash-report-info-v1, fabric-data-attachment-api-v1, fabric-data-generation-api-v1, fabric-dimensions-v1, fabric-entity-events-v1, fabric-events-interaction-v0, fabric-game-rule-api-v1]
[22:23:27] [Render thread/DEBUG] (net.fabricmc.fabric.impl.resource.loader.ModResourcePackUtil) [Fabric] cur @ fabric, auto-enabled fabric-gametest-api-v1, currently enabled: [vanilla, fabric, bplb, carpet, fabric-api, fabric-api-base, fabric-api-lookup-api-v1, fabric-biome-api-v1, fabric-block-api-v1, fabric-block-view-api-v2, fabric-blockrenderlayer-v1, fabric-client-tags-api-v1, fabric-command-api-v1, fabric-command-api-v2, fabric-commands-v0, fabric-content-registries-v0, fabric-convention-tags-v1, fabric-convention-tags-v2, fabric-crash-report-info-v1, fabric-data-attachment-api-v1, fabric-data-generation-api-v1, fabric-dimensions-v1, fabric-entity-events-v1, fabric-events-interaction-v0, fabric-game-rule-api-v1, fabric-gametest-api-v1]
[22:23:27] [Render thread/DEBUG] (net.fabricmc.fabric.impl.resource.loader.ModResourcePackUtil) [Fabric] cur @ fabric, auto-enabled fabric-item-api-v1, currently enabled: [vanilla, fabric, bplb, carpet, fabric-api, fabric-api-base, fabric-api-lookup-api-v1, fabric-biome-api-v1, fabric-block-api-v1, fabric-block-view-api-v2, fabric-blockrenderlayer-v1, fabric-client-tags-api-v1, fabric-command-api-v1, fabric-command-api-v2, fabric-commands-v0, fabric-content-registries-v0, fabric-convention-tags-v1, fabric-convention-tags-v2, fabric-crash-report-info-v1, fabric-data-attachment-api-v1, fabric-data-generation-api-v1, fabric-dimensions-v1, fabric-entity-events-v1, fabric-events-interaction-v0, fabric-game-rule-api-v1, fabric-gametest-api-v1, fabric-item-api-v1]
[22:23:27] [Render thread/DEBUG] (net.fabricmc.fabric.impl.resource.loader.ModResourcePackUtil) [Fabric] cur @ fabric, auto-enabled fabric-item-group-api-v1, currently enabled: [vanilla, fabric, bplb, carpet, fabric-api, fabric-api-base, fabric-api-lookup-api-v1, fabric-biome-api-v1, fabric-block-api-v1, fabric-block-view-api-v2, fabric-blockrenderlayer-v1, fabric-client-tags-api-v1, fabric-command-api-v1, fabric-command-api-v2, fabric-commands-v0, fabric-content-registries-v0, fabric-convention-tags-v1, fabric-convention-tags-v2, fabric-crash-report-info-v1, fabric-data-attachment-api-v1, fabric-data-generation-api-v1, fabric-dimensions-v1, fabric-entity-events-v1, fabric-events-interaction-v0, fabric-game-rule-api-v1, fabric-gametest-api-v1, fabric-item-api-v1, fabric-item-group-api-v1]
[22:23:27] [Render thread/DEBUG] (net.fabricmc.fabric.impl.resource.loader.ModResourcePackUtil) [Fabric] cur @ fabric, auto-enabled fabric-key-binding-api-v1, currently enabled: [vanilla, fabric, bplb, carpet, fabric-api, fabric-api-base, fabric-api-lookup-api-v1, fabric-biome-api-v1, fabric-block-api-v1, fabric-block-view-api-v2, fabric-blockrenderlayer-v1, fabric-client-tags-api-v1, fabric-command-api-v1, fabric-command-api-v2, fabric-commands-v0, fabric-content-registries-v0, fabric-convention-tags-v1, fabric-convention-tags-v2, fabric-crash-report-info-v1, fabric-data-attachment-api-v1, fabric-data-generation-api-v1, fabric-dimensions-v1, fabric-entity-events-v1, fabric-events-interaction-v0, fabric-game-rule-api-v1, fabric-gametest-api-v1, fabric-item-api-v1, fabric-item-group-api-v1, fabric-key-binding-api-v1]
[22:23:27] [Render thread/DEBUG] (net.fabricmc.fabric.impl.resource.loader.ModResourcePackUtil) [Fabric] cur @ fabric, auto-enabled fabric-keybindings-v0, currently enabled: [vanilla, fabric, bplb, carpet, fabric-api, fabric-api-base, fabric-api-lookup-api-v1, fabric-biome-api-v1, fabric-block-api-v1, fabric-block-view-api-v2, fabric-blockrenderlayer-v1, fabric-client-tags-api-v1, fabric-command-api-v1, fabric-command-api-v2, fabric-commands-v0, fabric-content-registries-v0, fabric-convention-tags-v1, fabric-convention-tags-v2, fabric-crash-report-info-v1, fabric-data-attachment-api-v1, fabric-data-generation-api-v1, fabric-dimensions-v1, fabric-entity-events-v1, fabric-events-interaction-v0, fabric-game-rule-api-v1, fabric-gametest-api-v1, fabric-item-api-v1, fabric-item-group-api-v1, fabric-key-binding-api-v1, fabric-keybindings-v0]
[22:23:27] [Render thread/DEBUG] (net.fabricmc.fabric.impl.resource.loader.ModResourcePackUtil) [Fabric] cur @ fabric, auto-enabled fabric-lifecycle-events-v1, currently enabled: [vanilla, fabric, bplb, carpet, fabric-api, fabric-api-base, fabric-api-lookup-api-v1, fabric-biome-api-v1, fabric-block-api-v1, fabric-block-view-api-v2, fabric-blockrenderlayer-v1, fabric-client-tags-api-v1, fabric-command-api-v1, fabric-command-api-v2, fabric-commands-v0, fabric-content-registries-v0, fabric-convention-tags-v1, fabric-convention-tags-v2, fabric-crash-report-info-v1, fabric-data-attachment-api-v1, fabric-data-generation-api-v1, fabric-dimensions-v1, fabric-entity-events-v1, fabric-events-interaction-v0, fabric-game-rule-api-v1, fabric-gametest-api-v1, fabric-item-api-v1, fabric-item-group-api-v1, fabric-key-binding-api-v1, fabric-keybindings-v0, fabric-lifecycle-events-v1]
[22:23:27] [Render thread/DEBUG] (net.fabricmc.fabric.impl.resource.loader.ModResourcePackUtil) [Fabric] cur @ fabric, auto-enabled fabric-loot-api-v2, currently enabled: [vanilla, fabric, bplb, carpet, fabric-api, fabric-api-base, fabric-api-lookup-api-v1, fabric-biome-api-v1, fabric-block-api-v1, fabric-block-view-api-v2, fabric-blockrenderlayer-v1, fabric-client-tags-api-v1, fabric-command-api-v1, fabric-command-api-v2, fabric-commands-v0, fabric-content-registries-v0, fabric-convention-tags-v1, fabric-convention-tags-v2, fabric-crash-report-info-v1, fabric-data-attachment-api-v1, fabric-data-generation-api-v1, fabric-dimensions-v1, fabric-entity-events-v1, fabric-events-interaction-v0, fabric-game-rule-api-v1, fabric-gametest-api-v1, fabric-item-api-v1, fabric-item-group-api-v1, fabric-key-binding-api-v1, fabric-keybindings-v0, fabric-lifecycle-events-v1, fabric-loot-api-v2]
[22:23:27] [Render thread/DEBUG] (net.fabricmc.fabric.impl.resource.loader.ModResourcePackUtil) [Fabric] cur @ fabric, auto-enabled fabric-message-api-v1, currently enabled: [vanilla, fabric, bplb, carpet, fabric-api, fabric-api-base, fabric-api-lookup-api-v1, fabric-biome-api-v1, fabric-block-api-v1, fabric-block-view-api-v2, fabric-blockrenderlayer-v1, fabric-client-tags-api-v1, fabric-command-api-v1, fabric-command-api-v2, fabric-commands-v0, fabric-content-registries-v0, fabric-convention-tags-v1, fabric-convention-tags-v2, fabric-crash-report-info-v1, fabric-data-attachment-api-v1, fabric-data-generation-api-v1, fabric-dimensions-v1, fabric-entity-events-v1, fabric-events-interaction-v0, fabric-game-rule-api-v1, fabric-gametest-api-v1, fabric-item-api-v1, fabric-item-group-api-v1, fabric-key-binding-api-v1, fabric-keybindings-v0, fabric-lifecycle-events-v1, fabric-loot-api-v2, fabric-message-api-v1]
[22:23:27] [Render thread/DEBUG] (net.fabricmc.fabric.impl.resource.loader.ModResourcePackUtil) [Fabric] cur @ fabric, auto-enabled fabric-model-loading-api-v1, currently enabled: [vanilla, fabric, bplb, carpet, fabric-api, fabric-api-base, fabric-api-lookup-api-v1, fabric-biome-api-v1, fabric-block-api-v1, fabric-block-view-api-v2, fabric-blockrenderlayer-v1, fabric-client-tags-api-v1, fabric-command-api-v1, fabric-command-api-v2, fabric-commands-v0, fabric-content-registries-v0, fabric-convention-tags-v1, fabric-convention-tags-v2, fabric-crash-report-info-v1, fabric-data-attachment-api-v1, fabric-data-generation-api-v1, fabric-dimensions-v1, fabric-entity-events-v1, fabric-events-interaction-v0, fabric-game-rule-api-v1, fabric-gametest-api-v1, fabric-item-api-v1, fabric-item-group-api-v1, fabric-key-binding-api-v1, fabric-keybindings-v0, fabric-lifecycle-events-v1, fabric-loot-api-v2, fabric-message-api-v1, fabric-model-loading-api-v1]
[22:23:27] [Render thread/DEBUG] (net.fabricmc.fabric.impl.resource.loader.ModResourcePackUtil) [Fabric] cur @ fabric, auto-enabled fabric-models-v0, currently enabled: [vanilla, fabric, bplb, carpet, fabric-api, fabric-api-base, fabric-api-lookup-api-v1, fabric-biome-api-v1, fabric-block-api-v1, fabric-block-view-api-v2, fabric-blockrenderlayer-v1, fabric-client-tags-api-v1, fabric-command-api-v1, fabric-command-api-v2, fabric-commands-v0, fabric-content-registries-v0, fabric-convention-tags-v1, fabric-convention-tags-v2, fabric-crash-report-info-v1, fabric-data-attachment-api-v1, fabric-data-generation-api-v1, fabric-dimensions-v1, fabric-entity-events-v1, fabric-events-interaction-v0, fabric-game-rule-api-v1, fabric-gametest-api-v1, fabric-item-api-v1, fabric-item-group-api-v1, fabric-key-binding-api-v1, fabric-keybindings-v0, fabric-lifecycle-events-v1, fabric-loot-api-v2, fabric-message-api-v1, fabric-model-loading-api-v1, fabric-models-v0]
[22:23:27] [Render thread/DEBUG] (net.fabricmc.fabric.impl.resource.loader.ModResourcePackUtil) [Fabric] cur @ fabric, auto-enabled fabric-networking-api-v1, currently enabled: [vanilla, fabric, bplb, carpet, fabric-api, fabric-api-base, fabric-api-lookup-api-v1, fabric-biome-api-v1, fabric-block-api-v1, fabric-block-view-api-v2, fabric-blockrenderlayer-v1, fabric-client-tags-api-v1, fabric-command-api-v1, fabric-command-api-v2, fabric-commands-v0, fabric-content-registries-v0, fabric-convention-tags-v1, fabric-convention-tags-v2, fabric-crash-report-info-v1, fabric-data-attachment-api-v1, fabric-data-generation-api-v1, fabric-dimensions-v1, fabric-entity-events-v1, fabric-events-interaction-v0, fabric-game-rule-api-v1, fabric-gametest-api-v1, fabric-item-api-v1, fabric-item-group-api-v1, fabric-key-binding-api-v1, fabric-keybindings-v0, fabric-lifecycle-events-v1, fabric-loot-api-v2, fabric-message-api-v1, fabric-model-loading-api-v1, fabric-models-v0, fabric-networking-api-v1]
[22:23:27] [Render thread/DEBUG] (net.fabricmc.fabric.impl.resource.loader.ModResourcePackUtil) [Fabric] cur @ fabric, auto-enabled fabric-object-builder-api-v1, currently enabled: [vanilla, fabric, bplb, carpet, fabric-api, fabric-api-base, fabric-api-lookup-api-v1, fabric-biome-api-v1, fabric-block-api-v1, fabric-block-view-api-v2, fabric-blockrenderlayer-v1, fabric-client-tags-api-v1, fabric-command-api-v1, fabric-command-api-v2, fabric-commands-v0, fabric-content-registries-v0, fabric-convention-tags-v1, fabric-convention-tags-v2, fabric-crash-report-info-v1, fabric-data-attachment-api-v1, fabric-data-generation-api-v1, fabric-dimensions-v1, fabric-entity-events-v1, fabric-events-interaction-v0, fabric-game-rule-api-v1, fabric-gametest-api-v1, fabric-item-api-v1, fabric-item-group-api-v1, fabric-key-binding-api-v1, fabric-keybindings-v0, fabric-lifecycle-events-v1, fabric-loot-api-v2, fabric-message-api-v1, fabric-model-loading-api-v1, fabric-models-v0, fabric-networking-api-v1, fabric-object-builder-api-v1]
[22:23:27] [Render thread/DEBUG] (net.fabricmc.fabric.impl.resource.loader.ModResourcePackUtil) [Fabric] cur @ fabric, auto-enabled fabric-particles-v1, currently enabled: [vanilla, fabric, bplb, carpet, fabric-api, fabric-api-base, fabric-api-lookup-api-v1, fabric-biome-api-v1, fabric-block-api-v1, fabric-block-view-api-v2, fabric-blockrenderlayer-v1, fabric-client-tags-api-v1, fabric-command-api-v1, fabric-command-api-v2, fabric-commands-v0, fabric-content-registries-v0, fabric-convention-tags-v1, fabric-convention-tags-v2, fabric-crash-report-info-v1, fabric-data-attachment-api-v1, fabric-data-generation-api-v1, fabric-dimensions-v1, fabric-entity-events-v1, fabric-events-interaction-v0, fabric-game-rule-api-v1, fabric-gametest-api-v1, fabric-item-api-v1, fabric-item-group-api-v1, fabric-key-binding-api-v1, fabric-keybindings-v0, fabric-lifecycle-events-v1, fabric-loot-api-v2, fabric-message-api-v1, fabric-model-loading-api-v1, fabric-models-v0, fabric-networking-api-v1, fabric-object-builder-api-v1, fabric-particles-v1]
[22:23:27] [Render thread/DEBUG] (net.fabricmc.fabric.impl.resource.loader.ModResourcePackUtil) [Fabric] cur @ fabric, auto-enabled fabric-recipe-api-v1, currently enabled: [vanilla, fabric, bplb, carpet, fabric-api, fabric-api-base, fabric-api-lookup-api-v1, fabric-biome-api-v1, fabric-block-api-v1, fabric-block-view-api-v2, fabric-blockrenderlayer-v1, fabric-client-tags-api-v1, fabric-command-api-v1, fabric-command-api-v2, fabric-commands-v0, fabric-content-registries-v0, fabric-convention-tags-v1, fabric-convention-tags-v2, fabric-crash-report-info-v1, fabric-data-attachment-api-v1, fabric-data-generation-api-v1, fabric-dimensions-v1, fabric-entity-events-v1, fabric-events-interaction-v0, fabric-game-rule-api-v1, fabric-gametest-api-v1, fabric-item-api-v1, fabric-item-group-api-v1, fabric-key-binding-api-v1, fabric-keybindings-v0, fabric-lifecycle-events-v1, fabric-loot-api-v2, fabric-message-api-v1, fabric-model-loading-api-v1, fabric-models-v0, fabric-networking-api-v1, fabric-object-builder-api-v1, fabric-particles-v1, fabric-recipe-api-v1]
[22:23:27] [Render thread/DEBUG] (net.fabricmc.fabric.impl.resource.loader.ModResourcePackUtil) [Fabric] cur @ fabric, auto-enabled fabric-registry-sync-v0, currently enabled: [vanilla, fabric, bplb, carpet, fabric-api, fabric-api-base, fabric-api-lookup-api-v1, fabric-biome-api-v1, fabric-block-api-v1, fabric-block-view-api-v2, fabric-blockrenderlayer-v1, fabric-client-tags-api-v1, fabric-command-api-v1, fabric-command-api-v2, fabric-commands-v0, fabric-content-registries-v0, fabric-convention-tags-v1, fabric-convention-tags-v2, fabric-crash-report-info-v1, fabric-data-attachment-api-v1, fabric-data-generation-api-v1, fabric-dimensions-v1, fabric-entity-events-v1, fabric-events-interaction-v0, fabric-game-rule-api-v1, fabric-gametest-api-v1, fabric-item-api-v1, fabric-item-group-api-v1, fabric-key-binding-api-v1, fabric-keybindings-v0, fabric-lifecycle-events-v1, fabric-loot-api-v2, fabric-message-api-v1, fabric-model-loading-api-v1, fabric-models-v0, fabric-networking-api-v1, fabric-object-builder-api-v1, fabric-particles-v1, fabric-recipe-api-v1, fabric-registry-sync-v0]
[22:23:27] [Render thread/DEBUG] (net.fabricmc.fabric.impl.resource.loader.ModResourcePackUtil) [Fabric] cur @ fabric, auto-enabled fabric-renderer-api-v1, currently enabled: [vanilla, fabric, bplb, carpet, fabric-api, fabric-api-base, fabric-api-lookup-api-v1, fabric-biome-api-v1, fabric-block-api-v1, fabric-block-view-api-v2, fabric-blockrenderlayer-v1, fabric-client-tags-api-v1, fabric-command-api-v1, fabric-command-api-v2, fabric-commands-v0, fabric-content-registries-v0, fabric-convention-tags-v1, fabric-convention-tags-v2, fabric-crash-report-info-v1, fabric-data-attachment-api-v1, fabric-data-generation-api-v1, fabric-dimensions-v1, fabric-entity-events-v1, fabric-events-interaction-v0, fabric-game-rule-api-v1, fabric-gametest-api-v1, fabric-item-api-v1, fabric-item-group-api-v1, fabric-key-binding-api-v1, fabric-keybindings-v0, fabric-lifecycle-events-v1, fabric-loot-api-v2, fabric-message-api-v1, fabric-model-loading-api-v1, fabric-models-v0, fabric-networking-api-v1, fabric-object-builder-api-v1, fabric-particles-v1, fabric-recipe-api-v1, fabric-registry-sync-v0, fabric-renderer-api-v1]
[22:23:27] [Render thread/DEBUG] (net.fabricmc.fabric.impl.resource.loader.ModResourcePackUtil) [Fabric] cur @ fabric, auto-enabled fabric-renderer-indigo, currently enabled: [vanilla, fabric, bplb, carpet, fabric-api, fabric-api-base, fabric-api-lookup-api-v1, fabric-biome-api-v1, fabric-block-api-v1, fabric-block-view-api-v2, fabric-blockrenderlayer-v1, fabric-client-tags-api-v1, fabric-command-api-v1, fabric-command-api-v2, fabric-commands-v0, fabric-content-registries-v0, fabric-convention-tags-v1, fabric-convention-tags-v2, fabric-crash-report-info-v1, fabric-data-attachment-api-v1, fabric-data-generation-api-v1, fabric-dimensions-v1, fabric-entity-events-v1, fabric-events-interaction-v0, fabric-game-rule-api-v1, fabric-gametest-api-v1, fabric-item-api-v1, fabric-item-group-api-v1, fabric-key-binding-api-v1, fabric-keybindings-v0, fabric-lifecycle-events-v1, fabric-loot-api-v2, fabric-message-api-v1, fabric-model-loading-api-v1, fabric-models-v0, fabric-networking-api-v1, fabric-object-builder-api-v1, fabric-particles-v1, fabric-recipe-api-v1, fabric-registry-sync-v0, fabric-renderer-api-v1, fabric-renderer-indigo]
[22:23:27] [Render thread/DEBUG] (net.fabricmc.fabric.impl.resource.loader.ModResourcePackUtil) [Fabric] cur @ fabric, auto-enabled fabric-renderer-registries-v1, currently enabled: [vanilla, fabric, bplb, carpet, fabric-api, fabric-api-base, fabric-api-lookup-api-v1, fabric-biome-api-v1, fabric-block-api-v1, fabric-block-view-api-v2, fabric-blockrenderlayer-v1, fabric-client-tags-api-v1, fabric-command-api-v1, fabric-command-api-v2, fabric-commands-v0, fabric-content-registries-v0, fabric-convention-tags-v1, fabric-convention-tags-v2, fabric-crash-report-info-v1, fabric-data-attachment-api-v1, fabric-data-generation-api-v1, fabric-dimensions-v1, fabric-entity-events-v1, fabric-events-interaction-v0, fabric-game-rule-api-v1, fabric-gametest-api-v1, fabric-item-api-v1, fabric-item-group-api-v1, fabric-key-binding-api-v1, fabric-keybindings-v0, fabric-lifecycle-events-v1, fabric-loot-api-v2, fabric-message-api-v1, fabric-model-loading-api-v1, fabric-models-v0, fabric-networking-api-v1, fabric-object-builder-api-v1, fabric-particles-v1, fabric-recipe-api-v1, fabric-registry-sync-v0, fabric-renderer-api-v1, fabric-renderer-indigo, fabric-renderer-registries-v1]
[22:23:27] [Render thread/DEBUG] (net.fabricmc.fabric.impl.resource.loader.ModResourcePackUtil) [Fabric] cur @ fabric, auto-enabled fabric-rendering-data-attachment-v1, currently enabled: [vanilla, fabric, bplb, carpet, fabric-api, fabric-api-base, fabric-api-lookup-api-v1, fabric-biome-api-v1, fabric-block-api-v1, fabric-block-view-api-v2, fabric-blockrenderlayer-v1, fabric-client-tags-api-v1, fabric-command-api-v1, fabric-command-api-v2, fabric-commands-v0, fabric-content-registries-v0, fabric-convention-tags-v1, fabric-convention-tags-v2, fabric-crash-report-info-v1, fabric-data-attachment-api-v1, fabric-data-generation-api-v1, fabric-dimensions-v1, fabric-entity-events-v1, fabric-events-interaction-v0, fabric-game-rule-api-v1, fabric-gametest-api-v1, fabric-item-api-v1, fabric-item-group-api-v1, fabric-key-binding-api-v1, fabric-keybindings-v0, fabric-lifecycle-events-v1, fabric-loot-api-v2, fabric-message-api-v1, fabric-model-loading-api-v1, fabric-models-v0, fabric-networking-api-v1, fabric-object-builder-api-v1, fabric-particles-v1, fabric-recipe-api-v1, fabric-registry-sync-v0, fabric-renderer-api-v1, fabric-renderer-indigo, fabric-renderer-registries-v1, fabric-rendering-data-attachment-v1]
[22:23:27] [Render thread/DEBUG] (net.fabricmc.fabric.impl.resource.loader.ModResourcePackUtil) [Fabric] cur @ fabric, auto-enabled fabric-rendering-fluids-v1, currently enabled: [vanilla, fabric, bplb, carpet, fabric-api, fabric-api-base, fabric-api-lookup-api-v1, fabric-biome-api-v1, fabric-block-api-v1, fabric-block-view-api-v2, fabric-blockrenderlayer-v1, fabric-client-tags-api-v1, fabric-command-api-v1, fabric-command-api-v2, fabric-commands-v0, fabric-content-registries-v0, fabric-convention-tags-v1, fabric-convention-tags-v2, fabric-crash-report-info-v1, fabric-data-attachment-api-v1, fabric-data-generation-api-v1, fabric-dimensions-v1, fabric-entity-events-v1, fabric-events-interaction-v0, fabric-game-rule-api-v1, fabric-gametest-api-v1, fabric-item-api-v1, fabric-item-group-api-v1, fabric-key-binding-api-v1, fabric-keybindings-v0, fabric-lifecycle-events-v1, fabric-loot-api-v2, fabric-message-api-v1, fabric-model-loading-api-v1, fabric-models-v0, fabric-networking-api-v1, fabric-object-builder-api-v1, fabric-particles-v1, fabric-recipe-api-v1, fabric-registry-sync-v0, fabric-renderer-api-v1, fabric-renderer-indigo, fabric-renderer-registries-v1, fabric-rendering-data-attachment-v1, fabric-rendering-fluids-v1]
[22:23:27] [Render thread/DEBUG] (net.fabricmc.fabric.impl.resource.loader.ModResourcePackUtil) [Fabric] cur @ fabric, auto-enabled fabric-rendering-v0, currently enabled: [vanilla, fabric, bplb, carpet, fabric-api, fabric-api-base, fabric-api-lookup-api-v1, fabric-biome-api-v1, fabric-block-api-v1, fabric-block-view-api-v2, fabric-blockrenderlayer-v1, fabric-client-tags-api-v1, fabric-command-api-v1, fabric-command-api-v2, fabric-commands-v0, fabric-content-registries-v0, fabric-convention-tags-v1, fabric-convention-tags-v2, fabric-crash-report-info-v1, fabric-data-attachment-api-v1, fabric-data-generation-api-v1, fabric-dimensions-v1, fabric-entity-events-v1, fabric-events-interaction-v0, fabric-game-rule-api-v1, fabric-gametest-api-v1, fabric-item-api-v1, fabric-item-group-api-v1, fabric-key-binding-api-v1, fabric-keybindings-v0, fabric-lifecycle-events-v1, fabric-loot-api-v2, fabric-message-api-v1, fabric-model-loading-api-v1, fabric-models-v0, fabric-networking-api-v1, fabric-object-builder-api-v1, fabric-particles-v1, fabric-recipe-api-v1, fabric-registry-sync-v0, fabric-renderer-api-v1, fabric-renderer-indigo, fabric-renderer-registries-v1, fabric-rendering-data-attachment-v1, fabric-rendering-fluids-v1, fabric-rendering-v0]
[22:23:27] [Render thread/DEBUG] (net.fabricmc.fabric.impl.resource.loader.ModResourcePackUtil) [Fabric] cur @ fabric, auto-enabled fabric-rendering-v1, currently enabled: [vanilla, fabric, bplb, carpet, fabric-api, fabric-api-base, fabric-api-lookup-api-v1, fabric-biome-api-v1, fabric-block-api-v1, fabric-block-view-api-v2, fabric-blockrenderlayer-v1, fabric-client-tags-api-v1, fabric-command-api-v1, fabric-command-api-v2, fabric-commands-v0, fabric-content-registries-v0, fabric-convention-tags-v1, fabric-convention-tags-v2, fabric-crash-report-info-v1, fabric-data-attachment-api-v1, fabric-data-generation-api-v1, fabric-dimensions-v1, fabric-entity-events-v1, fabric-events-interaction-v0, fabric-game-rule-api-v1, fabric-gametest-api-v1, fabric-item-api-v1, fabric-item-group-api-v1, fabric-key-binding-api-v1, fabric-keybindings-v0, fabric-lifecycle-events-v1, fabric-loot-api-v2, fabric-message-api-v1, fabric-model-loading-api-v1, fabric-models-v0, fabric-networking-api-v1, fabric-object-builder-api-v1, fabric-particles-v1, fabric-recipe-api-v1, fabric-registry-sync-v0, fabric-renderer-api-v1, fabric-renderer-indigo, fabric-renderer-registries-v1, fabric-rendering-data-attachment-v1, fabric-rendering-fluids-v1, fabric-rendering-v0, fabric-rendering-v1]
[22:23:27] [Render thread/DEBUG] (net.fabricmc.fabric.impl.resource.loader.ModResourcePackUtil) [Fabric] cur @ fabric, auto-enabled fabric-resource-conditions-api-v1, currently enabled: [vanilla, fabric, bplb, carpet, fabric-api, fabric-api-base, fabric-api-lookup-api-v1, fabric-biome-api-v1, fabric-block-api-v1, fabric-block-view-api-v2, fabric-blockrenderlayer-v1, fabric-client-tags-api-v1, fabric-command-api-v1, fabric-command-api-v2, fabric-commands-v0, fabric-content-registries-v0, fabric-convention-tags-v1, fabric-convention-tags-v2, fabric-crash-report-info-v1, fabric-data-attachment-api-v1, fabric-data-generation-api-v1, fabric-dimensions-v1, fabric-entity-events-v1, fabric-events-interaction-v0, fabric-game-rule-api-v1, fabric-gametest-api-v1, fabric-item-api-v1, fabric-item-group-api-v1, fabric-key-binding-api-v1, fabric-keybindings-v0, fabric-lifecycle-events-v1, fabric-loot-api-v2, fabric-message-api-v1, fabric-model-loading-api-v1, fabric-models-v0, fabric-networking-api-v1, fabric-object-builder-api-v1, fabric-particles-v1, fabric-recipe-api-v1, fabric-registry-sync-v0, fabric-renderer-api-v1, fabric-renderer-indigo, fabric-renderer-registries-v1, fabric-rendering-data-attachment-v1, fabric-rendering-fluids-v1, fabric-rendering-v0, fabric-rendering-v1, fabric-resource-conditions-api-v1]
[22:23:27] [Render thread/DEBUG] (net.fabricmc.fabric.impl.resource.loader.ModResourcePackUtil) [Fabric] cur @ fabric, auto-enabled fabric-resource-loader-v0, currently enabled: [vanilla, fabric, bplb, carpet, fabric-api, fabric-api-base, fabric-api-lookup-api-v1, fabric-biome-api-v1, fabric-block-api-v1, fabric-block-view-api-v2, fabric-blockrenderlayer-v1, fabric-client-tags-api-v1, fabric-command-api-v1, fabric-command-api-v2, fabric-commands-v0, fabric-content-registries-v0, fabric-convention-tags-v1, fabric-convention-tags-v2, fabric-crash-report-info-v1, fabric-data-attachment-api-v1, fabric-data-generation-api-v1, fabric-dimensions-v1, fabric-entity-events-v1, fabric-events-interaction-v0, fabric-game-rule-api-v1, fabric-gametest-api-v1, fabric-item-api-v1, fabric-item-group-api-v1, fabric-key-binding-api-v1, fabric-keybindings-v0, fabric-lifecycle-events-v1, fabric-loot-api-v2, fabric-message-api-v1, fabric-model-loading-api-v1, fabric-models-v0, fabric-networking-api-v1, fabric-object-builder-api-v1, fabric-particles-v1, fabric-recipe-api-v1, fabric-registry-sync-v0, fabric-renderer-api-v1, fabric-renderer-indigo, fabric-renderer-registries-v1, fabric-rendering-data-attachment-v1, fabric-rendering-fluids-v1, fabric-rendering-v0, fabric-rendering-v1, fabric-resource-conditions-api-v1, fabric-resource-loader-v0]
[22:23:27] [Render thread/DEBUG] (net.fabricmc.fabric.impl.resource.loader.ModResourcePackUtil) [Fabric] cur @ fabric, auto-enabled fabric-screen-api-v1, currently enabled: [vanilla, fabric, bplb, carpet, fabric-api, fabric-api-base, fabric-api-lookup-api-v1, fabric-biome-api-v1, fabric-block-api-v1, fabric-block-view-api-v2, fabric-blockrenderlayer-v1, fabric-client-tags-api-v1, fabric-command-api-v1, fabric-command-api-v2, fabric-commands-v0, fabric-content-registries-v0, fabric-convention-tags-v1, fabric-convention-tags-v2, fabric-crash-report-info-v1, fabric-data-attachment-api-v1, fabric-data-generation-api-v1, fabric-dimensions-v1, fabric-entity-events-v1, fabric-events-interaction-v0, fabric-game-rule-api-v1, fabric-gametest-api-v1, fabric-item-api-v1, fabric-item-group-api-v1, fabric-key-binding-api-v1, fabric-keybindings-v0, fabric-lifecycle-events-v1, fabric-loot-api-v2, fabric-message-api-v1, fabric-model-loading-api-v1, fabric-models-v0, fabric-networking-api-v1, fabric-object-builder-api-v1, fabric-particles-v1, fabric-recipe-api-v1, fabric-registry-sync-v0, fabric-renderer-api-v1, fabric-renderer-indigo, fabric-renderer-registries-v1, fabric-rendering-data-attachment-v1, fabric-rendering-fluids-v1, fabric-rendering-v0, fabric-rendering-v1, fabric-resource-conditions-api-v1, fabric-resource-loader-v0, fabric-screen-api-v1]
[22:23:27] [Render thread/DEBUG] (net.fabricmc.fabric.impl.resource.loader.ModResourcePackUtil) [Fabric] cur @ fabric, auto-enabled fabric-screen-handler-api-v1, currently enabled: [vanilla, fabric, bplb, carpet, fabric-api, fabric-api-base, fabric-api-lookup-api-v1, fabric-biome-api-v1, fabric-block-api-v1, fabric-block-view-api-v2, fabric-blockrenderlayer-v1, fabric-client-tags-api-v1, fabric-command-api-v1, fabric-command-api-v2, fabric-commands-v0, fabric-content-registries-v0, fabric-convention-tags-v1, fabric-convention-tags-v2, fabric-crash-report-info-v1, fabric-data-attachment-api-v1, fabric-data-generation-api-v1, fabric-dimensions-v1, fabric-entity-events-v1, fabric-events-interaction-v0, fabric-game-rule-api-v1, fabric-gametest-api-v1, fabric-item-api-v1, fabric-item-group-api-v1, fabric-key-binding-api-v1, fabric-keybindings-v0, fabric-lifecycle-events-v1, fabric-loot-api-v2, fabric-message-api-v1, fabric-model-loading-api-v1, fabric-models-v0, fabric-networking-api-v1, fabric-object-builder-api-v1, fabric-particles-v1, fabric-recipe-api-v1, fabric-registry-sync-v0, fabric-renderer-api-v1, fabric-renderer-indigo, fabric-renderer-registries-v1, fabric-rendering-data-attachment-v1, fabric-rendering-fluids-v1, fabric-rendering-v0, fabric-rendering-v1, fabric-resource-conditions-api-v1, fabric-resource-loader-v0, fabric-screen-api-v1, fabric-screen-handler-api-v1]
[22:23:27] [Render thread/DEBUG] (net.fabricmc.fabric.impl.resource.loader.ModResourcePackUtil) [Fabric] cur @ fabric, auto-enabled fabric-sound-api-v1, currently enabled: [vanilla, fabric, bplb, carpet, fabric-api, fabric-api-base, fabric-api-lookup-api-v1, fabric-biome-api-v1, fabric-block-api-v1, fabric-block-view-api-v2, fabric-blockrenderlayer-v1, fabric-client-tags-api-v1, fabric-command-api-v1, fabric-command-api-v2, fabric-commands-v0, fabric-content-registries-v0, fabric-convention-tags-v1, fabric-convention-tags-v2, fabric-crash-report-info-v1, fabric-data-attachment-api-v1, fabric-data-generation-api-v1, fabric-dimensions-v1, fabric-entity-events-v1, fabric-events-interaction-v0, fabric-game-rule-api-v1, fabric-gametest-api-v1, fabric-item-api-v1, fabric-item-group-api-v1, fabric-key-binding-api-v1, fabric-keybindings-v0, fabric-lifecycle-events-v1, fabric-loot-api-v2, fabric-message-api-v1, fabric-model-loading-api-v1, fabric-models-v0, fabric-networking-api-v1, fabric-object-builder-api-v1, fabric-particles-v1, fabric-recipe-api-v1, fabric-registry-sync-v0, fabric-renderer-api-v1, fabric-renderer-indigo, fabric-renderer-registries-v1, fabric-rendering-data-attachment-v1, fabric-rendering-fluids-v1, fabric-rendering-v0, fabric-rendering-v1, fabric-resource-conditions-api-v1, fabric-resource-loader-v0, fabric-screen-api-v1, fabric-screen-handler-api-v1, fabric-sound-api-v1]
[22:23:27] [Render thread/DEBUG] (net.fabricmc.fabric.impl.resource.loader.ModResourcePackUtil) [Fabric] cur @ fabric, auto-enabled fabric-transfer-api-v1, currently enabled: [vanilla, fabric, bplb, carpet, fabric-api, fabric-api-base, fabric-api-lookup-api-v1, fabric-biome-api-v1, fabric-block-api-v1, fabric-block-view-api-v2, fabric-blockrenderlayer-v1, fabric-client-tags-api-v1, fabric-command-api-v1, fabric-command-api-v2, fabric-commands-v0, fabric-content-registries-v0, fabric-convention-tags-v1, fabric-convention-tags-v2, fabric-crash-report-info-v1, fabric-data-attachment-api-v1, fabric-data-generation-api-v1, fabric-dimensions-v1, fabric-entity-events-v1, fabric-events-interaction-v0, fabric-game-rule-api-v1, fabric-gametest-api-v1, fabric-item-api-v1, fabric-item-group-api-v1, fabric-key-binding-api-v1, fabric-keybindings-v0, fabric-lifecycle-events-v1, fabric-loot-api-v2, fabric-message-api-v1, fabric-model-loading-api-v1, fabric-models-v0, fabric-networking-api-v1, fabric-object-builder-api-v1, fabric-particles-v1, fabric-recipe-api-v1, fabric-registry-sync-v0, fabric-renderer-api-v1, fabric-renderer-indigo, fabric-renderer-registries-v1, fabric-rendering-data-attachment-v1, fabric-rendering-fluids-v1, fabric-rendering-v0, fabric-rendering-v1, fabric-resource-conditions-api-v1, fabric-resource-loader-v0, fabric-screen-api-v1, fabric-screen-handler-api-v1, fabric-sound-api-v1, fabric-transfer-api-v1]
[22:23:27] [Render thread/DEBUG] (net.fabricmc.fabric.impl.resource.loader.ModResourcePackUtil) [Fabric] cur @ fabric, auto-enabled fabric-transitive-access-wideners-v1, currently enabled: [vanilla, fabric, bplb, carpet, fabric-api, fabric-api-base, fabric-api-lookup-api-v1, fabric-biome-api-v1, fabric-block-api-v1, fabric-block-view-api-v2, fabric-blockrenderlayer-v1, fabric-client-tags-api-v1, fabric-command-api-v1, fabric-command-api-v2, fabric-commands-v0, fabric-content-registries-v0, fabric-convention-tags-v1, fabric-convention-tags-v2, fabric-crash-report-info-v1, fabric-data-attachment-api-v1, fabric-data-generation-api-v1, fabric-dimensions-v1, fabric-entity-events-v1, fabric-events-interaction-v0, fabric-game-rule-api-v1, fabric-gametest-api-v1, fabric-item-api-v1, fabric-item-group-api-v1, fabric-key-binding-api-v1, fabric-keybindings-v0, fabric-lifecycle-events-v1, fabric-loot-api-v2, fabric-message-api-v1, fabric-model-loading-api-v1, fabric-models-v0, fabric-networking-api-v1, fabric-object-builder-api-v1, fabric-particles-v1, fabric-recipe-api-v1, fabric-registry-sync-v0, fabric-renderer-api-v1, fabric-renderer-indigo, fabric-renderer-registries-v1, fabric-rendering-data-attachment-v1, fabric-rendering-fluids-v1, fabric-rendering-v0, fabric-rendering-v1, fabric-resource-conditions-api-v1, fabric-resource-loader-v0, fabric-screen-api-v1, fabric-screen-handler-api-v1, fabric-sound-api-v1, fabric-transfer-api-v1, fabric-transitive-access-wideners-v1]
[22:23:27] [Render thread/DEBUG] (net.fabricmc.fabric.impl.resource.loader.ModResourcePackUtil) [Fabric] cur @ fabric, auto-enabled fabricloader, currently enabled: [vanilla, fabric, bplb, carpet, fabric-api, fabric-api-base, fabric-api-lookup-api-v1, fabric-biome-api-v1, fabric-block-api-v1, fabric-block-view-api-v2, fabric-blockrenderlayer-v1, fabric-client-tags-api-v1, fabric-command-api-v1, fabric-command-api-v2, fabric-commands-v0, fabric-content-registries-v0, fabric-convention-tags-v1, fabric-convention-tags-v2, fabric-crash-report-info-v1, fabric-data-attachment-api-v1, fabric-data-generation-api-v1, fabric-dimensions-v1, fabric-entity-events-v1, fabric-events-interaction-v0, fabric-game-rule-api-v1, fabric-gametest-api-v1, fabric-item-api-v1, fabric-item-group-api-v1, fabric-key-binding-api-v1, fabric-keybindings-v0, fabric-lifecycle-events-v1, fabric-loot-api-v2, fabric-message-api-v1, fabric-model-loading-api-v1, fabric-models-v0, fabric-networking-api-v1, fabric-object-builder-api-v1, fabric-particles-v1, fabric-recipe-api-v1, fabric-registry-sync-v0, fabric-renderer-api-v1, fabric-renderer-indigo, fabric-renderer-registries-v1, fabric-rendering-data-attachment-v1, fabric-rendering-fluids-v1, fabric-rendering-v0, fabric-rendering-v1, fabric-resource-conditions-api-v1, fabric-resource-loader-v0, fabric-screen-api-v1, fabric-screen-handler-api-v1, fabric-sound-api-v1, fabric-transfer-api-v1, fabric-transitive-access-wideners-v1, fabricloader]
[22:23:27] [Render thread/DEBUG] (net.fabricmc.fabric.impl.resource.loader.ModResourcePackUtil) [Fabric] cur @ fabric, auto-enabled modmenu, currently enabled: [vanilla, fabric, bplb, carpet, fabric-api, fabric-api-base, fabric-api-lookup-api-v1, fabric-biome-api-v1, fabric-block-api-v1, fabric-block-view-api-v2, fabric-blockrenderlayer-v1, fabric-client-tags-api-v1, fabric-command-api-v1, fabric-command-api-v2, fabric-commands-v0, fabric-content-registries-v0, fabric-convention-tags-v1, fabric-convention-tags-v2, fabric-crash-report-info-v1, fabric-data-attachment-api-v1, fabric-data-generation-api-v1, fabric-dimensions-v1, fabric-entity-events-v1, fabric-events-interaction-v0, fabric-game-rule-api-v1, fabric-gametest-api-v1, fabric-item-api-v1, fabric-item-group-api-v1, fabric-key-binding-api-v1, fabric-keybindings-v0, fabric-lifecycle-events-v1, fabric-loot-api-v2, fabric-message-api-v1, fabric-model-loading-api-v1, fabric-models-v0, fabric-networking-api-v1, fabric-object-builder-api-v1, fabric-particles-v1, fabric-recipe-api-v1, fabric-registry-sync-v0, fabric-renderer-api-v1, fabric-renderer-indigo, fabric-renderer-registries-v1, fabric-rendering-data-attachment-v1, fabric-rendering-fluids-v1, fabric-rendering-v0, fabric-rendering-v1, fabric-resource-conditions-api-v1, fabric-resource-loader-v0, fabric-screen-api-v1, fabric-screen-handler-api-v1, fabric-sound-api-v1, fabric-transfer-api-v1, fabric-transitive-access-wideners-v1, fabricloader, modmenu]
[22:23:27] [Render thread/DEBUG] (net.fabricmc.fabric.impl.resource.loader.ModResourcePackUtil) [Fabric] Final sorting result: [vanilla, fabric, bplb, carpet, fabric-api, fabric-api-base, fabric-api-lookup-api-v1, fabric-biome-api-v1, fabric-block-api-v1, fabric-block-view-api-v2, fabric-blockrenderlayer-v1, fabric-client-tags-api-v1, fabric-command-api-v1, fabric-command-api-v2, fabric-commands-v0, fabric-content-registries-v0, fabric-convention-tags-v1, fabric-convention-tags-v2, fabric-crash-report-info-v1, fabric-data-attachment-api-v1, fabric-data-generation-api-v1, fabric-dimensions-v1, fabric-entity-events-v1, fabric-events-interaction-v0, fabric-game-rule-api-v1, fabric-gametest-api-v1, fabric-item-api-v1, fabric-item-group-api-v1, fabric-key-binding-api-v1, fabric-keybindings-v0, fabric-lifecycle-events-v1, fabric-loot-api-v2, fabric-message-api-v1, fabric-model-loading-api-v1, fabric-models-v0, fabric-networking-api-v1, fabric-object-builder-api-v1, fabric-particles-v1, fabric-recipe-api-v1, fabric-registry-sync-v0, fabric-renderer-api-v1, fabric-renderer-indigo, fabric-renderer-registries-v1, fabric-rendering-data-attachment-v1, fabric-rendering-fluids-v1, fabric-rendering-v0, fabric-rendering-v1, fabric-resource-conditions-api-v1, fabric-resource-loader-v0, fabric-screen-api-v1, fabric-screen-handler-api-v1, fabric-sound-api-v1, fabric-transfer-api-v1, fabric-transitive-access-wideners-v1, fabricloader, modmenu]
[22:23:27] [Render thread/DEBUG] (net.fabricmc.fabric.impl.resource.loader.ModResourcePackUtil) [Fabric] Starting internal pack sorting with: [vanilla, fabric, bplb, carpet, fabric-api, fabric-api-base, fabric-api-lookup-api-v1, fabric-biome-api-v1, fabric-block-api-v1, fabric-block-view-api-v2, fabric-blockrenderlayer-v1, fabric-client-tags-api-v1, fabric-command-api-v1, fabric-command-api-v2, fabric-commands-v0, fabric-content-registries-v0, fabric-convention-tags-v1, fabric-convention-tags-v2, fabric-crash-report-info-v1, fabric-data-attachment-api-v1, fabric-data-generation-api-v1, fabric-dimensions-v1, fabric-entity-events-v1, fabric-events-interaction-v0, fabric-game-rule-api-v1, fabric-gametest-api-v1, fabric-item-api-v1, fabric-item-group-api-v1, fabric-key-binding-api-v1, fabric-keybindings-v0, fabric-lifecycle-events-v1, fabric-loot-api-v2, fabric-message-api-v1, fabric-model-loading-api-v1, fabric-models-v0, fabric-networking-api-v1, fabric-object-builder-api-v1, fabric-particles-v1, fabric-recipe-api-v1, fabric-registry-sync-v0, fabric-renderer-api-v1, fabric-renderer-indigo, fabric-renderer-registries-v1, fabric-rendering-data-attachment-v1, fabric-rendering-fluids-v1, fabric-rendering-v0, fabric-rendering-v1, fabric-resource-conditions-api-v1, fabric-resource-loader-v0, fabric-screen-api-v1, fabric-screen-handler-api-v1, fabric-sound-api-v1, fabric-transfer-api-v1, fabric-transitive-access-wideners-v1, fabricloader, modmenu, modmenu_high_contrast, modmenu_programmer_art]
[22:23:27] [Render thread/DEBUG] (net.fabricmc.fabric.impl.resource.loader.ModResourcePackUtil) [Fabric] Removed all internal packs, result: [vanilla, fabric]
[22:23:27] [Render thread/DEBUG] (net.fabricmc.fabric.impl.resource.loader.ModResourcePackUtil) [Fabric] cur @ fabric, auto-enabled bplb, currently enabled: [vanilla, fabric, bplb]
[22:23:27] [Render thread/DEBUG] (net.fabricmc.fabric.impl.resource.loader.ModResourcePackUtil) [Fabric] cur @ fabric, auto-enabled carpet, currently enabled: [vanilla, fabric, bplb, carpet]
[22:23:27] [Render thread/DEBUG] (net.fabricmc.fabric.impl.resource.loader.ModResourcePackUtil) [Fabric] cur @ fabric, auto-enabled fabric-api, currently enabled: [vanilla, fabric, bplb, carpet, fabric-api]
[22:23:27] [Render thread/DEBUG] (net.fabricmc.fabric.impl.resource.loader.ModResourcePackUtil) [Fabric] cur @ fabric, auto-enabled fabric-api-base, currently enabled: [vanilla, fabric, bplb, carpet, fabric-api, fabric-api-base]
[22:23:27] [Render thread/DEBUG] (net.fabricmc.fabric.impl.resource.loader.ModResourcePackUtil) [Fabric] cur @ fabric, auto-enabled fabric-api-lookup-api-v1, currently enabled: [vanilla, fabric, bplb, carpet, fabric-api, fabric-api-base, fabric-api-lookup-api-v1]
[22:23:27] [Render thread/DEBUG] (net.fabricmc.fabric.impl.resource.loader.ModResourcePackUtil) [Fabric] cur @ fabric, auto-enabled fabric-biome-api-v1, currently enabled: [vanilla, fabric, bplb, carpet, fabric-api, fabric-api-base, fabric-api-lookup-api-v1, fabric-biome-api-v1]
[22:23:27] [Render thread/DEBUG] (net.fabricmc.fabric.impl.resource.loader.ModResourcePackUtil) [Fabric] cur @ fabric, auto-enabled fabric-block-api-v1, currently enabled: [vanilla, fabric, bplb, carpet, fabric-api, fabric-api-base, fabric-api-lookup-api-v1, fabric-biome-api-v1, fabric-block-api-v1]
[22:23:27] [Render thread/DEBUG] (net.fabricmc.fabric.impl.resource.loader.ModResourcePackUtil) [Fabric] cur @ fabric, auto-enabled fabric-block-view-api-v2, currently enabled: [vanilla, fabric, bplb, carpet, fabric-api, fabric-api-base, fabric-api-lookup-api-v1, fabric-biome-api-v1, fabric-block-api-v1, fabric-block-view-api-v2]
[22:23:27] [Render thread/DEBUG] (net.fabricmc.fabric.impl.resource.loader.ModResourcePackUtil) [Fabric] cur @ fabric, auto-enabled fabric-blockrenderlayer-v1, currently enabled: [vanilla, fabric, bplb, carpet, fabric-api, fabric-api-base, fabric-api-lookup-api-v1, fabric-biome-api-v1, fabric-block-api-v1, fabric-block-view-api-v2, fabric-blockrenderlayer-v1]
[22:23:27] [Render thread/DEBUG] (net.fabricmc.fabric.impl.resource.loader.ModResourcePackUtil) [Fabric] cur @ fabric, auto-enabled fabric-client-tags-api-v1, currently enabled: [vanilla, fabric, bplb, carpet, fabric-api, fabric-api-base, fabric-api-lookup-api-v1, fabric-biome-api-v1, fabric-block-api-v1, fabric-block-view-api-v2, fabric-blockrenderlayer-v1, fabric-client-tags-api-v1]
[22:23:27] [Render thread/DEBUG] (net.fabricmc.fabric.impl.resource.loader.ModResourcePackUtil) [Fabric] cur @ fabric, auto-enabled fabric-command-api-v1, currently enabled: [vanilla, fabric, bplb, carpet, fabric-api, fabric-api-base, fabric-api-lookup-api-v1, fabric-biome-api-v1, fabric-block-api-v1, fabric-block-view-api-v2, fabric-blockrenderlayer-v1, fabric-client-tags-api-v1, fabric-command-api-v1]
[22:23:27] [Render thread/DEBUG] (net.fabricmc.fabric.impl.resource.loader.ModResourcePackUtil) [Fabric] cur @ fabric, auto-enabled fabric-command-api-v2, currently enabled: [vanilla, fabric, bplb, carpet, fabric-api, fabric-api-base, fabric-api-lookup-api-v1, fabric-biome-api-v1, fabric-block-api-v1, fabric-block-view-api-v2, fabric-blockrenderlayer-v1, fabric-client-tags-api-v1, fabric-command-api-v1, fabric-command-api-v2]
[22:23:27] [Render thread/DEBUG] (net.fabricmc.fabric.impl.resource.loader.ModResourcePackUtil) [Fabric] cur @ fabric, auto-enabled fabric-commands-v0, currently enabled: [vanilla, fabric, bplb, carpet, fabric-api, fabric-api-base, fabric-api-lookup-api-v1, fabric-biome-api-v1, fabric-block-api-v1, fabric-block-view-api-v2, fabric-blockrenderlayer-v1, fabric-client-tags-api-v1, fabric-command-api-v1, fabric-command-api-v2, fabric-commands-v0]
[22:23:27] [Render thread/DEBUG] (net.fabricmc.fabric.impl.resource.loader.ModResourcePackUtil) [Fabric] cur @ fabric, auto-enabled fabric-content-registries-v0, currently enabled: [vanilla, fabric, bplb, carpet, fabric-api, fabric-api-base, fabric-api-lookup-api-v1, fabric-biome-api-v1, fabric-block-api-v1, fabric-block-view-api-v2, fabric-blockrenderlayer-v1, fabric-client-tags-api-v1, fabric-command-api-v1, fabric-command-api-v2, fabric-commands-v0, fabric-content-registries-v0]
[22:23:27] [Render thread/DEBUG] (net.fabricmc.fabric.impl.resource.loader.ModResourcePackUtil) [Fabric] cur @ fabric, auto-enabled fabric-convention-tags-v1, currently enabled: [vanilla, fabric, bplb, carpet, fabric-api, fabric-api-base, fabric-api-lookup-api-v1, fabric-biome-api-v1, fabric-block-api-v1, fabric-block-view-api-v2, fabric-blockrenderlayer-v1, fabric-client-tags-api-v1, fabric-command-api-v1, fabric-command-api-v2, fabric-commands-v0, fabric-content-registries-v0, fabric-convention-tags-v1]
[22:23:27] [Render thread/DEBUG] (net.fabricmc.fabric.impl.resource.loader.ModResourcePackUtil) [Fabric] cur @ fabric, auto-enabled fabric-convention-tags-v2, currently enabled: [vanilla, fabric, bplb, carpet, fabric-api, fabric-api-base, fabric-api-lookup-api-v1, fabric-biome-api-v1, fabric-block-api-v1, fabric-block-view-api-v2, fabric-blockrenderlayer-v1, fabric-client-tags-api-v1, fabric-command-api-v1, fabric-command-api-v2, fabric-commands-v0, fabric-content-registries-v0, fabric-convention-tags-v1, fabric-convention-tags-v2]
[22:23:27] [Render thread/DEBUG] (net.fabricmc.fabric.impl.resource.loader.ModResourcePackUtil) [Fabric] cur @ fabric, auto-enabled fabric-crash-report-info-v1, currently enabled: [vanilla, fabric, bplb, carpet, fabric-api, fabric-api-base, fabric-api-lookup-api-v1, fabric-biome-api-v1, fabric-block-api-v1, fabric-block-view-api-v2, fabric-blockrenderlayer-v1, fabric-client-tags-api-v1, fabric-command-api-v1, fabric-command-api-v2, fabric-commands-v0, fabric-content-registries-v0, fabric-convention-tags-v1, fabric-convention-tags-v2, fabric-crash-report-info-v1]
[22:23:27] [Render thread/DEBUG] (net.fabricmc.fabric.impl.resource.loader.ModResourcePackUtil) [Fabric] cur @ fabric, auto-enabled fabric-data-attachment-api-v1, currently enabled: [vanilla, fabric, bplb, carpet, fabric-api, fabric-api-base, fabric-api-lookup-api-v1, fabric-biome-api-v1, fabric-block-api-v1, fabric-block-view-api-v2, fabric-blockrenderlayer-v1, fabric-client-tags-api-v1, fabric-command-api-v1, fabric-command-api-v2, fabric-commands-v0, fabric-content-registries-v0, fabric-convention-tags-v1, fabric-convention-tags-v2, fabric-crash-report-info-v1, fabric-data-attachment-api-v1]
[22:23:27] [Render thread/DEBUG] (net.fabricmc.fabric.impl.resource.loader.ModResourcePackUtil) [Fabric] cur @ fabric, auto-enabled fabric-data-generation-api-v1, currently enabled: [vanilla, fabric, bplb, carpet, fabric-api, fabric-api-base, fabric-api-lookup-api-v1, fabric-biome-api-v1, fabric-block-api-v1, fabric-block-view-api-v2, fabric-blockrenderlayer-v1, fabric-client-tags-api-v1, fabric-command-api-v1, fabric-command-api-v2, fabric-commands-v0, fabric-content-registries-v0, fabric-convention-tags-v1, fabric-convention-tags-v2, fabric-crash-report-info-v1, fabric-data-attachment-api-v1, fabric-data-generation-api-v1]
[22:23:27] [Render thread/DEBUG] (net.fabricmc.fabric.impl.resource.loader.ModResourcePackUtil) [Fabric] cur @ fabric, auto-enabled fabric-dimensions-v1, currently enabled: [vanilla, fabric, bplb, carpet, fabric-api, fabric-api-base, fabric-api-lookup-api-v1, fabric-biome-api-v1, fabric-block-api-v1, fabric-block-view-api-v2, fabric-blockrenderlayer-v1, fabric-client-tags-api-v1, fabric-command-api-v1, fabric-command-api-v2, fabric-commands-v0, fabric-content-registries-v0, fabric-convention-tags-v1, fabric-convention-tags-v2, fabric-crash-report-info-v1, fabric-data-attachment-api-v1, fabric-data-generation-api-v1, fabric-dimensions-v1]
[22:23:27] [Render thread/DEBUG] (net.fabricmc.fabric.impl.resource.loader.ModResourcePackUtil) [Fabric] cur @ fabric, auto-enabled fabric-entity-events-v1, currently enabled: [vanilla, fabric, bplb, carpet, fabric-api, fabric-api-base, fabric-api-lookup-api-v1, fabric-biome-api-v1, fabric-block-api-v1, fabric-block-view-api-v2, fabric-blockrenderlayer-v1, fabric-client-tags-api-v1, fabric-command-api-v1, fabric-command-api-v2, fabric-commands-v0, fabric-content-registries-v0, fabric-convention-tags-v1, fabric-convention-tags-v2, fabric-crash-report-info-v1, fabric-data-attachment-api-v1, fabric-data-generation-api-v1, fabric-dimensions-v1, fabric-entity-events-v1]
[22:23:27] [Render thread/DEBUG] (net.fabricmc.fabric.impl.resource.loader.ModResourcePackUtil) [Fabric] cur @ fabric, auto-enabled fabric-events-interaction-v0, currently enabled: [vanilla, fabric, bplb, carpet, fabric-api, fabric-api-base, fabric-api-lookup-api-v1, fabric-biome-api-v1, fabric-block-api-v1, fabric-block-view-api-v2, fabric-blockrenderlayer-v1, fabric-client-tags-api-v1, fabric-command-api-v1, fabric-command-api-v2, fabric-commands-v0, fabric-content-registries-v0, fabric-convention-tags-v1, fabric-convention-tags-v2, fabric-crash-report-info-v1, fabric-data-attachment-api-v1, fabric-data-generation-api-v1, fabric-dimensions-v1, fabric-entity-events-v1, fabric-events-interaction-v0]
[22:23:27] [Render thread/DEBUG] (net.fabricmc.fabric.impl.resource.loader.ModResourcePackUtil) [Fabric] cur @ fabric, auto-enabled fabric-game-rule-api-v1, currently enabled: [vanilla, fabric, bplb, carpet, fabric-api, fabric-api-base, fabric-api-lookup-api-v1, fabric-biome-api-v1, fabric-block-api-v1, fabric-block-view-api-v2, fabric-blockrenderlayer-v1, fabric-client-tags-api-v1, fabric-command-api-v1, fabric-command-api-v2, fabric-commands-v0, fabric-content-registries-v0, fabric-convention-tags-v1, fabric-convention-tags-v2, fabric-crash-report-info-v1, fabric-data-attachment-api-v1, fabric-data-generation-api-v1, fabric-dimensions-v1, fabric-entity-events-v1, fabric-events-interaction-v0, fabric-game-rule-api-v1]
[22:23:27] [Render thread/DEBUG] (net.fabricmc.fabric.impl.resource.loader.ModResourcePackUtil) [Fabric] cur @ fabric, auto-enabled fabric-gametest-api-v1, currently enabled: [vanilla, fabric, bplb, carpet, fabric-api, fabric-api-base, fabric-api-lookup-api-v1, fabric-biome-api-v1, fabric-block-api-v1, fabric-block-view-api-v2, fabric-blockrenderlayer-v1, fabric-client-tags-api-v1, fabric-command-api-v1, fabric-command-api-v2, fabric-commands-v0, fabric-content-registries-v0, fabric-convention-tags-v1, fabric-convention-tags-v2, fabric-crash-report-info-v1, fabric-data-attachment-api-v1, fabric-data-generation-api-v1, fabric-dimensions-v1, fabric-entity-events-v1, fabric-events-interaction-v0, fabric-game-rule-api-v1, fabric-gametest-api-v1]
[22:23:27] [Render thread/DEBUG] (net.fabricmc.fabric.impl.resource.loader.ModResourcePackUtil) [Fabric] cur @ fabric, auto-enabled fabric-item-api-v1, currently enabled: [vanilla, fabric, bplb, carpet, fabric-api, fabric-api-base, fabric-api-lookup-api-v1, fabric-biome-api-v1, fabric-block-api-v1, fabric-block-view-api-v2, fabric-blockrenderlayer-v1, fabric-client-tags-api-v1, fabric-command-api-v1, fabric-command-api-v2, fabric-commands-v0, fabric-content-registries-v0, fabric-convention-tags-v1, fabric-convention-tags-v2, fabric-crash-report-info-v1, fabric-data-attachment-api-v1, fabric-data-generation-api-v1, fabric-dimensions-v1, fabric-entity-events-v1, fabric-events-interaction-v0, fabric-game-rule-api-v1, fabric-gametest-api-v1, fabric-item-api-v1]
[22:23:27] [Render thread/DEBUG] (net.fabricmc.fabric.impl.resource.loader.ModResourcePackUtil) [Fabric] cur @ fabric, auto-enabled fabric-item-group-api-v1, currently enabled: [vanilla, fabric, bplb, carpet, fabric-api, fabric-api-base, fabric-api-lookup-api-v1, fabric-biome-api-v1, fabric-block-api-v1, fabric-block-view-api-v2, fabric-blockrenderlayer-v1, fabric-client-tags-api-v1, fabric-command-api-v1, fabric-command-api-v2, fabric-commands-v0, fabric-content-registries-v0, fabric-convention-tags-v1, fabric-convention-tags-v2, fabric-crash-report-info-v1, fabric-data-attachment-api-v1, fabric-data-generation-api-v1, fabric-dimensions-v1, fabric-entity-events-v1, fabric-events-interaction-v0, fabric-game-rule-api-v1, fabric-gametest-api-v1, fabric-item-api-v1, fabric-item-group-api-v1]
[22:23:27] [Render thread/DEBUG] (net.fabricmc.fabric.impl.resource.loader.ModResourcePackUtil) [Fabric] cur @ fabric, auto-enabled fabric-key-binding-api-v1, currently enabled: [vanilla, fabric, bplb, carpet, fabric-api, fabric-api-base, fabric-api-lookup-api-v1, fabric-biome-api-v1, fabric-block-api-v1, fabric-block-view-api-v2, fabric-blockrenderlayer-v1, fabric-client-tags-api-v1, fabric-command-api-v1, fabric-command-api-v2, fabric-commands-v0, fabric-content-registries-v0, fabric-convention-tags-v1, fabric-convention-tags-v2, fabric-crash-report-info-v1, fabric-data-attachment-api-v1, fabric-data-generation-api-v1, fabric-dimensions-v1, fabric-entity-events-v1, fabric-events-interaction-v0, fabric-game-rule-api-v1, fabric-gametest-api-v1, fabric-item-api-v1, fabric-item-group-api-v1, fabric-key-binding-api-v1]
[22:23:27] [Render thread/DEBUG] (net.fabricmc.fabric.impl.resource.loader.ModResourcePackUtil) [Fabric] cur @ fabric, auto-enabled fabric-keybindings-v0, currently enabled: [vanilla, fabric, bplb, carpet, fabric-api, fabric-api-base, fabric-api-lookup-api-v1, fabric-biome-api-v1, fabric-block-api-v1, fabric-block-view-api-v2, fabric-blockrenderlayer-v1, fabric-client-tags-api-v1, fabric-command-api-v1, fabric-command-api-v2, fabric-commands-v0, fabric-content-registries-v0, fabric-convention-tags-v1, fabric-convention-tags-v2, fabric-crash-report-info-v1, fabric-data-attachment-api-v1, fabric-data-generation-api-v1, fabric-dimensions-v1, fabric-entity-events-v1, fabric-events-interaction-v0, fabric-game-rule-api-v1, fabric-gametest-api-v1, fabric-item-api-v1, fabric-item-group-api-v1, fabric-key-binding-api-v1, fabric-keybindings-v0]
[22:23:27] [Render thread/DEBUG] (net.fabricmc.fabric.impl.resource.loader.ModResourcePackUtil) [Fabric] cur @ fabric, auto-enabled fabric-lifecycle-events-v1, currently enabled: [vanilla, fabric, bplb, carpet, fabric-api, fabric-api-base, fabric-api-lookup-api-v1, fabric-biome-api-v1, fabric-block-api-v1, fabric-block-view-api-v2, fabric-blockrenderlayer-v1, fabric-client-tags-api-v1, fabric-command-api-v1, fabric-command-api-v2, fabric-commands-v0, fabric-content-registries-v0, fabric-convention-tags-v1, fabric-convention-tags-v2, fabric-crash-report-info-v1, fabric-data-attachment-api-v1, fabric-data-generation-api-v1, fabric-dimensions-v1, fabric-entity-events-v1, fabric-events-interaction-v0, fabric-game-rule-api-v1, fabric-gametest-api-v1, fabric-item-api-v1, fabric-item-group-api-v1, fabric-key-binding-api-v1, fabric-keybindings-v0, fabric-lifecycle-events-v1]
[22:23:27] [Render thread/DEBUG] (net.fabricmc.fabric.impl.resource.loader.ModResourcePackUtil) [Fabric] cur @ fabric, auto-enabled fabric-loot-api-v2, currently enabled: [vanilla, fabric, bplb, carpet, fabric-api, fabric-api-base, fabric-api-lookup-api-v1, fabric-biome-api-v1, fabric-block-api-v1, fabric-block-view-api-v2, fabric-blockrenderlayer-v1, fabric-client-tags-api-v1, fabric-command-api-v1, fabric-command-api-v2, fabric-commands-v0, fabric-content-registries-v0, fabric-convention-tags-v1, fabric-convention-tags-v2, fabric-crash-report-info-v1, fabric-data-attachment-api-v1, fabric-data-generation-api-v1, fabric-dimensions-v1, fabric-entity-events-v1, fabric-events-interaction-v0, fabric-game-rule-api-v1, fabric-gametest-api-v1, fabric-item-api-v1, fabric-item-group-api-v1, fabric-key-binding-api-v1, fabric-keybindings-v0, fabric-lifecycle-events-v1, fabric-loot-api-v2]
[22:23:27] [Render thread/DEBUG] (net.fabricmc.fabric.impl.resource.loader.ModResourcePackUtil) [Fabric] cur @ fabric, auto-enabled fabric-message-api-v1, currently enabled: [vanilla, fabric, bplb, carpet, fabric-api, fabric-api-base, fabric-api-lookup-api-v1, fabric-biome-api-v1, fabric-block-api-v1, fabric-block-view-api-v2, fabric-blockrenderlayer-v1, fabric-client-tags-api-v1, fabric-command-api-v1, fabric-command-api-v2, fabric-commands-v0, fabric-content-registries-v0, fabric-convention-tags-v1, fabric-convention-tags-v2, fabric-crash-report-info-v1, fabric-data-attachment-api-v1, fabric-data-generation-api-v1, fabric-dimensions-v1, fabric-entity-events-v1, fabric-events-interaction-v0, fabric-game-rule-api-v1, fabric-gametest-api-v1, fabric-item-api-v1, fabric-item-group-api-v1, fabric-key-binding-api-v1, fabric-keybindings-v0, fabric-lifecycle-events-v1, fabric-loot-api-v2, fabric-message-api-v1]
[22:23:27] [Render thread/DEBUG] (net.fabricmc.fabric.impl.resource.loader.ModResourcePackUtil) [Fabric] cur @ fabric, auto-enabled fabric-model-loading-api-v1, currently enabled: [vanilla, fabric, bplb, carpet, fabric-api, fabric-api-base, fabric-api-lookup-api-v1, fabric-biome-api-v1, fabric-block-api-v1, fabric-block-view-api-v2, fabric-blockrenderlayer-v1, fabric-client-tags-api-v1, fabric-command-api-v1, fabric-command-api-v2, fabric-commands-v0, fabric-content-registries-v0, fabric-convention-tags-v1, fabric-convention-tags-v2, fabric-crash-report-info-v1, fabric-data-attachment-api-v1, fabric-data-generation-api-v1, fabric-dimensions-v1, fabric-entity-events-v1, fabric-events-interaction-v0, fabric-game-rule-api-v1, fabric-gametest-api-v1, fabric-item-api-v1, fabric-item-group-api-v1, fabric-key-binding-api-v1, fabric-keybindings-v0, fabric-lifecycle-events-v1, fabric-loot-api-v2, fabric-message-api-v1, fabric-model-loading-api-v1]
[22:23:27] [Render thread/DEBUG] (net.fabricmc.fabric.impl.resource.loader.ModResourcePackUtil) [Fabric] cur @ fabric, auto-enabled fabric-models-v0, currently enabled: [vanilla, fabric, bplb, carpet, fabric-api, fabric-api-base, fabric-api-lookup-api-v1, fabric-biome-api-v1, fabric-block-api-v1, fabric-block-view-api-v2, fabric-blockrenderlayer-v1, fabric-client-tags-api-v1, fabric-command-api-v1, fabric-command-api-v2, fabric-commands-v0, fabric-content-registries-v0, fabric-convention-tags-v1, fabric-convention-tags-v2, fabric-crash-report-info-v1, fabric-data-attachment-api-v1, fabric-data-generation-api-v1, fabric-dimensions-v1, fabric-entity-events-v1, fabric-events-interaction-v0, fabric-game-rule-api-v1, fabric-gametest-api-v1, fabric-item-api-v1, fabric-item-group-api-v1, fabric-key-binding-api-v1, fabric-keybindings-v0, fabric-lifecycle-events-v1, fabric-loot-api-v2, fabric-message-api-v1, fabric-model-loading-api-v1, fabric-models-v0]
[22:23:27] [Render thread/DEBUG] (net.fabricmc.fabric.impl.resource.loader.ModResourcePackUtil) [Fabric] cur @ fabric, auto-enabled fabric-networking-api-v1, currently enabled: [vanilla, fabric, bplb, carpet, fabric-api, fabric-api-base, fabric-api-lookup-api-v1, fabric-biome-api-v1, fabric-block-api-v1, fabric-block-view-api-v2, fabric-blockrenderlayer-v1, fabric-client-tags-api-v1, fabric-command-api-v1, fabric-command-api-v2, fabric-commands-v0, fabric-content-registries-v0, fabric-convention-tags-v1, fabric-convention-tags-v2, fabric-crash-report-info-v1, fabric-data-attachment-api-v1, fabric-data-generation-api-v1, fabric-dimensions-v1, fabric-entity-events-v1, fabric-events-interaction-v0, fabric-game-rule-api-v1, fabric-gametest-api-v1, fabric-item-api-v1, fabric-item-group-api-v1, fabric-key-binding-api-v1, fabric-keybindings-v0, fabric-lifecycle-events-v1, fabric-loot-api-v2, fabric-message-api-v1, fabric-model-loading-api-v1, fabric-models-v0, fabric-networking-api-v1]
[22:23:27] [Render thread/DEBUG] (net.fabricmc.fabric.impl.resource.loader.ModResourcePackUtil) [Fabric] cur @ fabric, auto-enabled fabric-object-builder-api-v1, currently enabled: [vanilla, fabric, bplb, carpet, fabric-api, fabric-api-base, fabric-api-lookup-api-v1, fabric-biome-api-v1, fabric-block-api-v1, fabric-block-view-api-v2, fabric-blockrenderlayer-v1, fabric-client-tags-api-v1, fabric-command-api-v1, fabric-command-api-v2, fabric-commands-v0, fabric-content-registries-v0, fabric-convention-tags-v1, fabric-convention-tags-v2, fabric-crash-report-info-v1, fabric-data-attachment-api-v1, fabric-data-generation-api-v1, fabric-dimensions-v1, fabric-entity-events-v1, fabric-events-interaction-v0, fabric-game-rule-api-v1, fabric-gametest-api-v1, fabric-item-api-v1, fabric-item-group-api-v1, fabric-key-binding-api-v1, fabric-keybindings-v0, fabric-lifecycle-events-v1, fabric-loot-api-v2, fabric-message-api-v1, fabric-model-loading-api-v1, fabric-models-v0, fabric-networking-api-v1, fabric-object-builder-api-v1]
[22:23:27] [Render thread/DEBUG] (net.fabricmc.fabric.impl.resource.loader.ModResourcePackUtil) [Fabric] cur @ fabric, auto-enabled fabric-particles-v1, currently enabled: [vanilla, fabric, bplb, carpet, fabric-api, fabric-api-base, fabric-api-lookup-api-v1, fabric-biome-api-v1, fabric-block-api-v1, fabric-block-view-api-v2, fabric-blockrenderlayer-v1, fabric-client-tags-api-v1, fabric-command-api-v1, fabric-command-api-v2, fabric-commands-v0, fabric-content-registries-v0, fabric-convention-tags-v1, fabric-convention-tags-v2, fabric-crash-report-info-v1, fabric-data-attachment-api-v1, fabric-data-generation-api-v1, fabric-dimensions-v1, fabric-entity-events-v1, fabric-events-interaction-v0, fabric-game-rule-api-v1, fabric-gametest-api-v1, fabric-item-api-v1, fabric-item-group-api-v1, fabric-key-binding-api-v1, fabric-keybindings-v0, fabric-lifecycle-events-v1, fabric-loot-api-v2, fabric-message-api-v1, fabric-model-loading-api-v1, fabric-models-v0, fabric-networking-api-v1, fabric-object-builder-api-v1, fabric-particles-v1]
[22:23:27] [Render thread/DEBUG] (net.fabricmc.fabric.impl.resource.loader.ModResourcePackUtil) [Fabric] cur @ fabric, auto-enabled fabric-recipe-api-v1, currently enabled: [vanilla, fabric, bplb, carpet, fabric-api, fabric-api-base, fabric-api-lookup-api-v1, fabric-biome-api-v1, fabric-block-api-v1, fabric-block-view-api-v2, fabric-blockrenderlayer-v1, fabric-client-tags-api-v1, fabric-command-api-v1, fabric-command-api-v2, fabric-commands-v0, fabric-content-registries-v0, fabric-convention-tags-v1, fabric-convention-tags-v2, fabric-crash-report-info-v1, fabric-data-attachment-api-v1, fabric-data-generation-api-v1, fabric-dimensions-v1, fabric-entity-events-v1, fabric-events-interaction-v0, fabric-game-rule-api-v1, fabric-gametest-api-v1, fabric-item-api-v1, fabric-item-group-api-v1, fabric-key-binding-api-v1, fabric-keybindings-v0, fabric-lifecycle-events-v1, fabric-loot-api-v2, fabric-message-api-v1, fabric-model-loading-api-v1, fabric-models-v0, fabric-networking-api-v1, fabric-object-builder-api-v1, fabric-particles-v1, fabric-recipe-api-v1]
[22:23:27] [Render thread/DEBUG] (net.fabricmc.fabric.impl.resource.loader.ModResourcePackUtil) [Fabric] cur @ fabric, auto-enabled fabric-registry-sync-v0, currently enabled: [vanilla, fabric, bplb, carpet, fabric-api, fabric-api-base, fabric-api-lookup-api-v1, fabric-biome-api-v1, fabric-block-api-v1, fabric-block-view-api-v2, fabric-blockrenderlayer-v1, fabric-client-tags-api-v1, fabric-command-api-v1, fabric-command-api-v2, fabric-commands-v0, fabric-content-registries-v0, fabric-convention-tags-v1, fabric-convention-tags-v2, fabric-crash-report-info-v1, fabric-data-attachment-api-v1, fabric-data-generation-api-v1, fabric-dimensions-v1, fabric-entity-events-v1, fabric-events-interaction-v0, fabric-game-rule-api-v1, fabric-gametest-api-v1, fabric-item-api-v1, fabric-item-group-api-v1, fabric-key-binding-api-v1, fabric-keybindings-v0, fabric-lifecycle-events-v1, fabric-loot-api-v2, fabric-message-api-v1, fabric-model-loading-api-v1, fabric-models-v0, fabric-networking-api-v1, fabric-object-builder-api-v1, fabric-particles-v1, fabric-recipe-api-v1, fabric-registry-sync-v0]
[22:23:27] [Render thread/DEBUG] (net.fabricmc.fabric.impl.resource.loader.ModResourcePackUtil) [Fabric] cur @ fabric, auto-enabled fabric-renderer-api-v1, currently enabled: [vanilla, fabric, bplb, carpet, fabric-api, fabric-api-base, fabric-api-lookup-api-v1, fabric-biome-api-v1, fabric-block-api-v1, fabric-block-view-api-v2, fabric-blockrenderlayer-v1, fabric-client-tags-api-v1, fabric-command-api-v1, fabric-command-api-v2, fabric-commands-v0, fabric-content-registries-v0, fabric-convention-tags-v1, fabric-convention-tags-v2, fabric-crash-report-info-v1, fabric-data-attachment-api-v1, fabric-data-generation-api-v1, fabric-dimensions-v1, fabric-entity-events-v1, fabric-events-interaction-v0, fabric-game-rule-api-v1, fabric-gametest-api-v1, fabric-item-api-v1, fabric-item-group-api-v1, fabric-key-binding-api-v1, fabric-keybindings-v0, fabric-lifecycle-events-v1, fabric-loot-api-v2, fabric-message-api-v1, fabric-model-loading-api-v1, fabric-models-v0, fabric-networking-api-v1, fabric-object-builder-api-v1, fabric-particles-v1, fabric-recipe-api-v1, fabric-registry-sync-v0, fabric-renderer-api-v1]
[22:23:27] [Render thread/DEBUG] (net.fabricmc.fabric.impl.resource.loader.ModResourcePackUtil) [Fabric] cur @ fabric, auto-enabled fabric-renderer-indigo, currently enabled: [vanilla, fabric, bplb, carpet, fabric-api, fabric-api-base, fabric-api-lookup-api-v1, fabric-biome-api-v1, fabric-block-api-v1, fabric-block-view-api-v2, fabric-blockrenderlayer-v1, fabric-client-tags-api-v1, fabric-command-api-v1, fabric-command-api-v2, fabric-commands-v0, fabric-content-registries-v0, fabric-convention-tags-v1, fabric-convention-tags-v2, fabric-crash-report-info-v1, fabric-data-attachment-api-v1, fabric-data-generation-api-v1, fabric-dimensions-v1, fabric-entity-events-v1, fabric-events-interaction-v0, fabric-game-rule-api-v1, fabric-gametest-api-v1, fabric-item-api-v1, fabric-item-group-api-v1, fabric-key-binding-api-v1, fabric-keybindings-v0, fabric-lifecycle-events-v1, fabric-loot-api-v2, fabric-message-api-v1, fabric-model-loading-api-v1, fabric-models-v0, fabric-networking-api-v1, fabric-object-builder-api-v1, fabric-particles-v1, fabric-recipe-api-v1, fabric-registry-sync-v0, fabric-renderer-api-v1, fabric-renderer-indigo]
[22:23:27] [Render thread/DEBUG] (net.fabricmc.fabric.impl.resource.loader.ModResourcePackUtil) [Fabric] cur @ fabric, auto-enabled fabric-renderer-registries-v1, currently enabled: [vanilla, fabric, bplb, carpet, fabric-api, fabric-api-base, fabric-api-lookup-api-v1, fabric-biome-api-v1, fabric-block-api-v1, fabric-block-view-api-v2, fabric-blockrenderlayer-v1, fabric-client-tags-api-v1, fabric-command-api-v1, fabric-command-api-v2, fabric-commands-v0, fabric-content-registries-v0, fabric-convention-tags-v1, fabric-convention-tags-v2, fabric-crash-report-info-v1, fabric-data-attachment-api-v1, fabric-data-generation-api-v1, fabric-dimensions-v1, fabric-entity-events-v1, fabric-events-interaction-v0, fabric-game-rule-api-v1, fabric-gametest-api-v1, fabric-item-api-v1, fabric-item-group-api-v1, fabric-key-binding-api-v1, fabric-keybindings-v0, fabric-lifecycle-events-v1, fabric-loot-api-v2, fabric-message-api-v1, fabric-model-loading-api-v1, fabric-models-v0, fabric-networking-api-v1, fabric-object-builder-api-v1, fabric-particles-v1, fabric-recipe-api-v1, fabric-registry-sync-v0, fabric-renderer-api-v1, fabric-renderer-indigo, fabric-renderer-registries-v1]
[22:23:27] [Render thread/DEBUG] (net.fabricmc.fabric.impl.resource.loader.ModResourcePackUtil) [Fabric] cur @ fabric, auto-enabled fabric-rendering-data-attachment-v1, currently enabled: [vanilla, fabric, bplb, carpet, fabric-api, fabric-api-base, fabric-api-lookup-api-v1, fabric-biome-api-v1, fabric-block-api-v1, fabric-block-view-api-v2, fabric-blockrenderlayer-v1, fabric-client-tags-api-v1, fabric-command-api-v1, fabric-command-api-v2, fabric-commands-v0, fabric-content-registries-v0, fabric-convention-tags-v1, fabric-convention-tags-v2, fabric-crash-report-info-v1, fabric-data-attachment-api-v1, fabric-data-generation-api-v1, fabric-dimensions-v1, fabric-entity-events-v1, fabric-events-interaction-v0, fabric-game-rule-api-v1, fabric-gametest-api-v1, fabric-item-api-v1, fabric-item-group-api-v1, fabric-key-binding-api-v1, fabric-keybindings-v0, fabric-lifecycle-events-v1, fabric-loot-api-v2, fabric-message-api-v1, fabric-model-loading-api-v1, fabric-models-v0, fabric-networking-api-v1, fabric-object-builder-api-v1, fabric-particles-v1, fabric-recipe-api-v1, fabric-registry-sync-v0, fabric-renderer-api-v1, fabric-renderer-indigo, fabric-renderer-registries-v1, fabric-rendering-data-attachment-v1]
[22:23:27] [Render thread/DEBUG] (net.fabricmc.fabric.impl.resource.loader.ModResourcePackUtil) [Fabric] cur @ fabric, auto-enabled fabric-rendering-fluids-v1, currently enabled: [vanilla, fabric, bplb, carpet, fabric-api, fabric-api-base, fabric-api-lookup-api-v1, fabric-biome-api-v1, fabric-block-api-v1, fabric-block-view-api-v2, fabric-blockrenderlayer-v1, fabric-client-tags-api-v1, fabric-command-api-v1, fabric-command-api-v2, fabric-commands-v0, fabric-content-registries-v0, fabric-convention-tags-v1, fabric-convention-tags-v2, fabric-crash-report-info-v1, fabric-data-attachment-api-v1, fabric-data-generation-api-v1, fabric-dimensions-v1, fabric-entity-events-v1, fabric-events-interaction-v0, fabric-game-rule-api-v1, fabric-gametest-api-v1, fabric-item-api-v1, fabric-item-group-api-v1, fabric-key-binding-api-v1, fabric-keybindings-v0, fabric-lifecycle-events-v1, fabric-loot-api-v2, fabric-message-api-v1, fabric-model-loading-api-v1, fabric-models-v0, fabric-networking-api-v1, fabric-object-builder-api-v1, fabric-particles-v1, fabric-recipe-api-v1, fabric-registry-sync-v0, fabric-renderer-api-v1, fabric-renderer-indigo, fabric-renderer-registries-v1, fabric-rendering-data-attachment-v1, fabric-rendering-fluids-v1]
[22:23:27] [Render thread/DEBUG] (net.fabricmc.fabric.impl.resource.loader.ModResourcePackUtil) [Fabric] cur @ fabric, auto-enabled fabric-rendering-v0, currently enabled: [vanilla, fabric, bplb, carpet, fabric-api, fabric-api-base, fabric-api-lookup-api-v1, fabric-biome-api-v1, fabric-block-api-v1, fabric-block-view-api-v2, fabric-blockrenderlayer-v1, fabric-client-tags-api-v1, fabric-command-api-v1, fabric-command-api-v2, fabric-commands-v0, fabric-content-registries-v0, fabric-convention-tags-v1, fabric-convention-tags-v2, fabric-crash-report-info-v1, fabric-data-attachment-api-v1, fabric-data-generation-api-v1, fabric-dimensions-v1, fabric-entity-events-v1, fabric-events-interaction-v0, fabric-game-rule-api-v1, fabric-gametest-api-v1, fabric-item-api-v1, fabric-item-group-api-v1, fabric-key-binding-api-v1, fabric-keybindings-v0, fabric-lifecycle-events-v1, fabric-loot-api-v2, fabric-message-api-v1, fabric-model-loading-api-v1, fabric-models-v0, fabric-networking-api-v1, fabric-object-builder-api-v1, fabric-particles-v1, fabric-recipe-api-v1, fabric-registry-sync-v0, fabric-renderer-api-v1, fabric-renderer-indigo, fabric-renderer-registries-v1, fabric-rendering-data-attachment-v1, fabric-rendering-fluids-v1, fabric-rendering-v0]
[22:23:27] [Render thread/DEBUG] (net.fabricmc.fabric.impl.resource.loader.ModResourcePackUtil) [Fabric] cur @ fabric, auto-enabled fabric-rendering-v1, currently enabled: [vanilla, fabric, bplb, carpet, fabric-api, fabric-api-base, fabric-api-lookup-api-v1, fabric-biome-api-v1, fabric-block-api-v1, fabric-block-view-api-v2, fabric-blockrenderlayer-v1, fabric-client-tags-api-v1, fabric-command-api-v1, fabric-command-api-v2, fabric-commands-v0, fabric-content-registries-v0, fabric-convention-tags-v1, fabric-convention-tags-v2, fabric-crash-report-info-v1, fabric-data-attachment-api-v1, fabric-data-generation-api-v1, fabric-dimensions-v1, fabric-entity-events-v1, fabric-events-interaction-v0, fabric-game-rule-api-v1, fabric-gametest-api-v1, fabric-item-api-v1, fabric-item-group-api-v1, fabric-key-binding-api-v1, fabric-keybindings-v0, fabric-lifecycle-events-v1, fabric-loot-api-v2, fabric-message-api-v1, fabric-model-loading-api-v1, fabric-models-v0, fabric-networking-api-v1, fabric-object-builder-api-v1, fabric-particles-v1, fabric-recipe-api-v1, fabric-registry-sync-v0, fabric-renderer-api-v1, fabric-renderer-indigo, fabric-renderer-registries-v1, fabric-rendering-data-attachment-v1, fabric-rendering-fluids-v1, fabric-rendering-v0, fabric-rendering-v1]
[22:23:27] [Render thread/DEBUG] (net.fabricmc.fabric.impl.resource.loader.ModResourcePackUtil) [Fabric] cur @ fabric, auto-enabled fabric-resource-conditions-api-v1, currently enabled: [vanilla, fabric, bplb, carpet, fabric-api, fabric-api-base, fabric-api-lookup-api-v1, fabric-biome-api-v1, fabric-block-api-v1, fabric-block-view-api-v2, fabric-blockrenderlayer-v1, fabric-client-tags-api-v1, fabric-command-api-v1, fabric-command-api-v2, fabric-commands-v0, fabric-content-registries-v0, fabric-convention-tags-v1, fabric-convention-tags-v2, fabric-crash-report-info-v1, fabric-data-attachment-api-v1, fabric-data-generation-api-v1, fabric-dimensions-v1, fabric-entity-events-v1, fabric-events-interaction-v0, fabric-game-rule-api-v1, fabric-gametest-api-v1, fabric-item-api-v1, fabric-item-group-api-v1, fabric-key-binding-api-v1, fabric-keybindings-v0, fabric-lifecycle-events-v1, fabric-loot-api-v2, fabric-message-api-v1, fabric-model-loading-api-v1, fabric-models-v0, fabric-networking-api-v1, fabric-object-builder-api-v1, fabric-particles-v1, fabric-recipe-api-v1, fabric-registry-sync-v0, fabric-renderer-api-v1, fabric-renderer-indigo, fabric-renderer-registries-v1, fabric-rendering-data-attachment-v1, fabric-rendering-fluids-v1, fabric-rendering-v0, fabric-rendering-v1, fabric-resource-conditions-api-v1]
[22:23:27] [Render thread/DEBUG] (net.fabricmc.fabric.impl.resource.loader.ModResourcePackUtil) [Fabric] cur @ fabric, auto-enabled fabric-resource-loader-v0, currently enabled: [vanilla, fabric, bplb, carpet, fabric-api, fabric-api-base, fabric-api-lookup-api-v1, fabric-biome-api-v1, fabric-block-api-v1, fabric-block-view-api-v2, fabric-blockrenderlayer-v1, fabric-client-tags-api-v1, fabric-command-api-v1, fabric-command-api-v2, fabric-commands-v0, fabric-content-registries-v0, fabric-convention-tags-v1, fabric-convention-tags-v2, fabric-crash-report-info-v1, fabric-data-attachment-api-v1, fabric-data-generation-api-v1, fabric-dimensions-v1, fabric-entity-events-v1, fabric-events-interaction-v0, fabric-game-rule-api-v1, fabric-gametest-api-v1, fabric-item-api-v1, fabric-item-group-api-v1, fabric-key-binding-api-v1, fabric-keybindings-v0, fabric-lifecycle-events-v1, fabric-loot-api-v2, fabric-message-api-v1, fabric-model-loading-api-v1, fabric-models-v0, fabric-networking-api-v1, fabric-object-builder-api-v1, fabric-particles-v1, fabric-recipe-api-v1, fabric-registry-sync-v0, fabric-renderer-api-v1, fabric-renderer-indigo, fabric-renderer-registries-v1, fabric-rendering-data-attachment-v1, fabric-rendering-fluids-v1, fabric-rendering-v0, fabric-rendering-v1, fabric-resource-conditions-api-v1, fabric-resource-loader-v0]
[22:23:27] [Render thread/DEBUG] (net.fabricmc.fabric.impl.resource.loader.ModResourcePackUtil) [Fabric] cur @ fabric, auto-enabled fabric-screen-api-v1, currently enabled: [vanilla, fabric, bplb, carpet, fabric-api, fabric-api-base, fabric-api-lookup-api-v1, fabric-biome-api-v1, fabric-block-api-v1, fabric-block-view-api-v2, fabric-blockrenderlayer-v1, fabric-client-tags-api-v1, fabric-command-api-v1, fabric-command-api-v2, fabric-commands-v0, fabric-content-registries-v0, fabric-convention-tags-v1, fabric-convention-tags-v2, fabric-crash-report-info-v1, fabric-data-attachment-api-v1, fabric-data-generation-api-v1, fabric-dimensions-v1, fabric-entity-events-v1, fabric-events-interaction-v0, fabric-game-rule-api-v1, fabric-gametest-api-v1, fabric-item-api-v1, fabric-item-group-api-v1, fabric-key-binding-api-v1, fabric-keybindings-v0, fabric-lifecycle-events-v1, fabric-loot-api-v2, fabric-message-api-v1, fabric-model-loading-api-v1, fabric-models-v0, fabric-networking-api-v1, fabric-object-builder-api-v1, fabric-particles-v1, fabric-recipe-api-v1, fabric-registry-sync-v0, fabric-renderer-api-v1, fabric-renderer-indigo, fabric-renderer-registries-v1, fabric-rendering-data-attachment-v1, fabric-rendering-fluids-v1, fabric-rendering-v0, fabric-rendering-v1, fabric-resource-conditions-api-v1, fabric-resource-loader-v0, fabric-screen-api-v1]
[22:23:27] [Render thread/DEBUG] (net.fabricmc.fabric.impl.resource.loader.ModResourcePackUtil) [Fabric] cur @ fabric, auto-enabled fabric-screen-handler-api-v1, currently enabled: [vanilla, fabric, bplb, carpet, fabric-api, fabric-api-base, fabric-api-lookup-api-v1, fabric-biome-api-v1, fabric-block-api-v1, fabric-block-view-api-v2, fabric-blockrenderlayer-v1, fabric-client-tags-api-v1, fabric-command-api-v1, fabric-command-api-v2, fabric-commands-v0, fabric-content-registries-v0, fabric-convention-tags-v1, fabric-convention-tags-v2, fabric-crash-report-info-v1, fabric-data-attachment-api-v1, fabric-data-generation-api-v1, fabric-dimensions-v1, fabric-entity-events-v1, fabric-events-interaction-v0, fabric-game-rule-api-v1, fabric-gametest-api-v1, fabric-item-api-v1, fabric-item-group-api-v1, fabric-key-binding-api-v1, fabric-keybindings-v0, fabric-lifecycle-events-v1, fabric-loot-api-v2, fabric-message-api-v1, fabric-model-loading-api-v1, fabric-models-v0, fabric-networking-api-v1, fabric-object-builder-api-v1, fabric-particles-v1, fabric-recipe-api-v1, fabric-registry-sync-v0, fabric-renderer-api-v1, fabric-renderer-indigo, fabric-renderer-registries-v1, fabric-rendering-data-attachment-v1, fabric-rendering-fluids-v1, fabric-rendering-v0, fabric-rendering-v1, fabric-resource-conditions-api-v1, fabric-resource-loader-v0, fabric-screen-api-v1, fabric-screen-handler-api-v1]
[22:23:27] [Render thread/DEBUG] (net.fabricmc.fabric.impl.resource.loader.ModResourcePackUtil) [Fabric] cur @ fabric, auto-enabled fabric-sound-api-v1, currently enabled: [vanilla, fabric, bplb, carpet, fabric-api, fabric-api-base, fabric-api-lookup-api-v1, fabric-biome-api-v1, fabric-block-api-v1, fabric-block-view-api-v2, fabric-blockrenderlayer-v1, fabric-client-tags-api-v1, fabric-command-api-v1, fabric-command-api-v2, fabric-commands-v0, fabric-content-registries-v0, fabric-convention-tags-v1, fabric-convention-tags-v2, fabric-crash-report-info-v1, fabric-data-attachment-api-v1, fabric-data-generation-api-v1, fabric-dimensions-v1, fabric-entity-events-v1, fabric-events-interaction-v0, fabric-game-rule-api-v1, fabric-gametest-api-v1, fabric-item-api-v1, fabric-item-group-api-v1, fabric-key-binding-api-v1, fabric-keybindings-v0, fabric-lifecycle-events-v1, fabric-loot-api-v2, fabric-message-api-v1, fabric-model-loading-api-v1, fabric-models-v0, fabric-networking-api-v1, fabric-object-builder-api-v1, fabric-particles-v1, fabric-recipe-api-v1, fabric-registry-sync-v0, fabric-renderer-api-v1, fabric-renderer-indigo, fabric-renderer-registries-v1, fabric-rendering-data-attachment-v1, fabric-rendering-fluids-v1, fabric-rendering-v0, fabric-rendering-v1, fabric-resource-conditions-api-v1, fabric-resource-loader-v0, fabric-screen-api-v1, fabric-screen-handler-api-v1, fabric-sound-api-v1]
[22:23:27] [Render thread/DEBUG] (net.fabricmc.fabric.impl.resource.loader.ModResourcePackUtil) [Fabric] cur @ fabric, auto-enabled fabric-transfer-api-v1, currently enabled: [vanilla, fabric, bplb, carpet, fabric-api, fabric-api-base, fabric-api-lookup-api-v1, fabric-biome-api-v1, fabric-block-api-v1, fabric-block-view-api-v2, fabric-blockrenderlayer-v1, fabric-client-tags-api-v1, fabric-command-api-v1, fabric-command-api-v2, fabric-commands-v0, fabric-content-registries-v0, fabric-convention-tags-v1, fabric-convention-tags-v2, fabric-crash-report-info-v1, fabric-data-attachment-api-v1, fabric-data-generation-api-v1, fabric-dimensions-v1, fabric-entity-events-v1, fabric-events-interaction-v0, fabric-game-rule-api-v1, fabric-gametest-api-v1, fabric-item-api-v1, fabric-item-group-api-v1, fabric-key-binding-api-v1, fabric-keybindings-v0, fabric-lifecycle-events-v1, fabric-loot-api-v2, fabric-message-api-v1, fabric-model-loading-api-v1, fabric-models-v0, fabric-networking-api-v1, fabric-object-builder-api-v1, fabric-particles-v1, fabric-recipe-api-v1, fabric-registry-sync-v0, fabric-renderer-api-v1, fabric-renderer-indigo, fabric-renderer-registries-v1, fabric-rendering-data-attachment-v1, fabric-rendering-fluids-v1, fabric-rendering-v0, fabric-rendering-v1, fabric-resource-conditions-api-v1, fabric-resource-loader-v0, fabric-screen-api-v1, fabric-screen-handler-api-v1, fabric-sound-api-v1, fabric-transfer-api-v1]
[22:23:27] [Render thread/DEBUG] (net.fabricmc.fabric.impl.resource.loader.ModResourcePackUtil) [Fabric] cur @ fabric, auto-enabled fabric-transitive-access-wideners-v1, currently enabled: [vanilla, fabric, bplb, carpet, fabric-api, fabric-api-base, fabric-api-lookup-api-v1, fabric-biome-api-v1, fabric-block-api-v1, fabric-block-view-api-v2, fabric-blockrenderlayer-v1, fabric-client-tags-api-v1, fabric-command-api-v1, fabric-command-api-v2, fabric-commands-v0, fabric-content-registries-v0, fabric-convention-tags-v1, fabric-convention-tags-v2, fabric-crash-report-info-v1, fabric-data-attachment-api-v1, fabric-data-generation-api-v1, fabric-dimensions-v1, fabric-entity-events-v1, fabric-events-interaction-v0, fabric-game-rule-api-v1, fabric-gametest-api-v1, fabric-item-api-v1, fabric-item-group-api-v1, fabric-key-binding-api-v1, fabric-keybindings-v0, fabric-lifecycle-events-v1, fabric-loot-api-v2, fabric-message-api-v1, fabric-model-loading-api-v1, fabric-models-v0, fabric-networking-api-v1, fabric-object-builder-api-v1, fabric-particles-v1, fabric-recipe-api-v1, fabric-registry-sync-v0, fabric-renderer-api-v1, fabric-renderer-indigo, fabric-renderer-registries-v1, fabric-rendering-data-attachment-v1, fabric-rendering-fluids-v1, fabric-rendering-v0, fabric-rendering-v1, fabric-resource-conditions-api-v1, fabric-resource-loader-v0, fabric-screen-api-v1, fabric-screen-handler-api-v1, fabric-sound-api-v1, fabric-transfer-api-v1, fabric-transitive-access-wideners-v1]
[22:23:27] [Render thread/DEBUG] (net.fabricmc.fabric.impl.resource.loader.ModResourcePackUtil) [Fabric] cur @ fabric, auto-enabled fabricloader, currently enabled: [vanilla, fabric, bplb, carpet, fabric-api, fabric-api-base, fabric-api-lookup-api-v1, fabric-biome-api-v1, fabric-block-api-v1, fabric-block-view-api-v2, fabric-blockrenderlayer-v1, fabric-client-tags-api-v1, fabric-command-api-v1, fabric-command-api-v2, fabric-commands-v0, fabric-content-registries-v0, fabric-convention-tags-v1, fabric-convention-tags-v2, fabric-crash-report-info-v1, fabric-data-attachment-api-v1, fabric-data-generation-api-v1, fabric-dimensions-v1, fabric-entity-events-v1, fabric-events-interaction-v0, fabric-game-rule-api-v1, fabric-gametest-api-v1, fabric-item-api-v1, fabric-item-group-api-v1, fabric-key-binding-api-v1, fabric-keybindings-v0, fabric-lifecycle-events-v1, fabric-loot-api-v2, fabric-message-api-v1, fabric-model-loading-api-v1, fabric-models-v0, fabric-networking-api-v1, fabric-object-builder-api-v1, fabric-particles-v1, fabric-recipe-api-v1, fabric-registry-sync-v0, fabric-renderer-api-v1, fabric-renderer-indigo, fabric-renderer-registries-v1, fabric-rendering-data-attachment-v1, fabric-rendering-fluids-v1, fabric-rendering-v0, fabric-rendering-v1, fabric-resource-conditions-api-v1, fabric-resource-loader-v0, fabric-screen-api-v1, fabric-screen-handler-api-v1, fabric-sound-api-v1, fabric-transfer-api-v1, fabric-transitive-access-wideners-v1, fabricloader]
[22:23:27] [Render thread/DEBUG] (net.fabricmc.fabric.impl.resource.loader.ModResourcePackUtil) [Fabric] cur @ fabric, auto-enabled modmenu, currently enabled: [vanilla, fabric, bplb, carpet, fabric-api, fabric-api-base, fabric-api-lookup-api-v1, fabric-biome-api-v1, fabric-block-api-v1, fabric-block-view-api-v2, fabric-blockrenderlayer-v1, fabric-client-tags-api-v1, fabric-command-api-v1, fabric-command-api-v2, fabric-commands-v0, fabric-content-registries-v0, fabric-convention-tags-v1, fabric-convention-tags-v2, fabric-crash-report-info-v1, fabric-data-attachment-api-v1, fabric-data-generation-api-v1, fabric-dimensions-v1, fabric-entity-events-v1, fabric-events-interaction-v0, fabric-game-rule-api-v1, fabric-gametest-api-v1, fabric-item-api-v1, fabric-item-group-api-v1, fabric-key-binding-api-v1, fabric-keybindings-v0, fabric-lifecycle-events-v1, fabric-loot-api-v2, fabric-message-api-v1, fabric-model-loading-api-v1, fabric-models-v0, fabric-networking-api-v1, fabric-object-builder-api-v1, fabric-particles-v1, fabric-recipe-api-v1, fabric-registry-sync-v0, fabric-renderer-api-v1, fabric-renderer-indigo, fabric-renderer-registries-v1, fabric-rendering-data-attachment-v1, fabric-rendering-fluids-v1, fabric-rendering-v0, fabric-rendering-v1, fabric-resource-conditions-api-v1, fabric-resource-loader-v0, fabric-screen-api-v1, fabric-screen-handler-api-v1, fabric-sound-api-v1, fabric-transfer-api-v1, fabric-transitive-access-wideners-v1, fabricloader, modmenu]
[22:23:27] [Render thread/DEBUG] (net.fabricmc.fabric.impl.resource.loader.ModResourcePackUtil) [Fabric] Final sorting result: [vanilla, fabric, bplb, carpet, fabric-api, fabric-api-base, fabric-api-lookup-api-v1, fabric-biome-api-v1, fabric-block-api-v1, fabric-block-view-api-v2, fabric-blockrenderlayer-v1, fabric-client-tags-api-v1, fabric-command-api-v1, fabric-command-api-v2, fabric-commands-v0, fabric-content-registries-v0, fabric-convention-tags-v1, fabric-convention-tags-v2, fabric-crash-report-info-v1, fabric-data-attachment-api-v1, fabric-data-generation-api-v1, fabric-dimensions-v1, fabric-entity-events-v1, fabric-events-interaction-v0, fabric-game-rule-api-v1, fabric-gametest-api-v1, fabric-item-api-v1, fabric-item-group-api-v1, fabric-key-binding-api-v1, fabric-keybindings-v0, fabric-lifecycle-events-v1, fabric-loot-api-v2, fabric-message-api-v1, fabric-model-loading-api-v1, fabric-models-v0, fabric-networking-api-v1, fabric-object-builder-api-v1, fabric-particles-v1, fabric-recipe-api-v1, fabric-registry-sync-v0, fabric-renderer-api-v1, fabric-renderer-indigo, fabric-renderer-registries-v1, fabric-rendering-data-attachment-v1, fabric-rendering-fluids-v1, fabric-rendering-v0, fabric-rendering-v1, fabric-resource-conditions-api-v1, fabric-resource-loader-v0, fabric-screen-api-v1, fabric-screen-handler-api-v1, fabric-sound-api-v1, fabric-transfer-api-v1, fabric-transitive-access-wideners-v1, fabricloader, modmenu]
[22:23:27] [Render thread/DEBUG] (FabricLoader/Mixin) Mixing KeyedResourceReloadListenerClientMixin from fabric-resource-loader-v0.client.mixins.json into net.minecraft.client.resource.language.LanguageManager
[22:23:27] [Render thread/DEBUG] (FabricLoader/Mixin) fabric-resource-loader-v0.client.mixins.json:KeyedResourceReloadListenerClientMixin from mod fabric-resource-loader-v0: Class version 65 required is higher than the class version supported by the current version of Mixin (JAVA_17 supports class version 61)
[22:23:27] [Render thread/DEBUG] (FabricLoader/Mixin) Mixing KeyedResourceReloadListenerClientMixin from fabric-resource-loader-v0.client.mixins.json into net.minecraft.client.texture.TextureManager
[22:23:27] [Render thread/DEBUG] (FabricLoader/Mixin) fabric-resource-loader-v0.client.mixins.json:KeyedResourceReloadListenerClientMixin from mod fabric-resource-loader-v0: Class version 65 required is higher than the class version supported by the current version of Mixin (JAVA_17 supports class version 61)
[22:23:27] [Render thread/DEBUG] (FabricLoader/Mixin) Mixing KeyedResourceReloadListenerClientMixin from fabric-resource-loader-v0.client.mixins.json into net.minecraft.client.sound.SoundManager
[22:23:27] [Render thread/DEBUG] (FabricLoader/Mixin) fabric-resource-loader-v0.client.mixins.json:KeyedResourceReloadListenerClientMixin from mod fabric-resource-loader-v0: Class version 65 required is higher than the class version supported by the current version of Mixin (JAVA_17 supports class version 61)
[22:23:27] [Render thread/DEBUG] (FabricLoader/Mixin) Mixing modification.DynamicRegistryManagerImmutableImplMixin from fabric-biome-api-v1.mixins.json into net.minecraft.registry.DynamicRegistryManager$ImmutableImpl
[22:23:27] [Render thread/DEBUG] (FabricLoader/Mixin) fabric-biome-api-v1.mixins.json:modification.DynamicRegistryManagerImmutableImplMixin from mod fabric-biome-api-v1: Class version 65 required is higher than the class version supported by the current version of Mixin (JAVA_17 supports class version 61)
[22:23:27] [Render thread/DEBUG] (FabricLoader/Mixin) Mixing SoundSystemMixin from fabric-sound-api-v1.mixins.json into net.minecraft.client.sound.SoundSystem
[22:23:27] [Render thread/DEBUG] (FabricLoader/Mixin) fabric-sound-api-v1.mixins.json:SoundSystemMixin from mod fabric-sound-api-v1: Class version 65 required is higher than the class version supported by the current version of Mixin (JAVA_17 supports class version 61)
[22:23:27] [Render thread/DEBUG] (FabricLoader/Mixin) Mixing FontManagerMixin from fabric-resource-loader-v0.client.mixins.json into net.minecraft.client.font.FontManager
[22:23:27] [Render thread/DEBUG] (FabricLoader/Mixin) fabric-resource-loader-v0.client.mixins.json:FontManagerMixin from mod fabric-resource-loader-v0: Class version 65 required is higher than the class version supported by the current version of Mixin (JAVA_17 supports class version 61)
[22:23:27] [Render thread/DEBUG] (FabricLoader/Mixin) Mixing BlockColorsMixin from fabric-rendering-v1.mixins.json into net.minecraft.client.color.block.BlockColors
[22:23:27] [Render thread/DEBUG] (FabricLoader/Mixin) fabric-rendering-v1.mixins.json:BlockColorsMixin from mod fabric-rendering-v1: Class version 65 required is higher than the class version supported by the current version of Mixin (JAVA_17 supports class version 61)
[22:23:27] [Render thread/DEBUG] (FabricLoader/Mixin) Mixing BlockColorsMixin from fabric-registry-sync-v0.client.mixins.json into net.minecraft.client.color.block.BlockColors
[22:23:27] [Render thread/DEBUG] (FabricLoader/Mixin) fabric-registry-sync-v0.client.mixins.json:BlockColorsMixin from mod fabric-registry-sync-v0: Class version 65 required is higher than the class version supported by the current version of Mixin (JAVA_17 supports class version 61)
[22:23:27] [Render thread/DEBUG] (FabricLoader/Mixin) fabric-rendering-v1.mixins.json:BlockColorsMixin from mod fabric-rendering-v1->@Inject::create(Lorg/spongepowered/asm/mixin/injection/callback/CallbackInfoReturnable;)V does use it's CallbackInfoReturnable
[22:23:27] [Render thread/DEBUG] (FabricLoader/Mixin) fabric-registry-sync-v0.client.mixins.json:BlockColorsMixin from mod fabric-registry-sync-v0->@Inject::create(Lorg/spongepowered/asm/mixin/injection/callback/CallbackInfo;)V doesn't use it's CallbackInfo
[22:23:27] [Render thread/DEBUG] (FabricLoader/Mixin) fabric-registry-sync-v0.client.mixins.json:BlockColorsMixin from mod fabric-registry-sync-v0->@Inject::create(Lorg/spongepowered/asm/mixin/injection/callback/CallbackInfo;)V has 0 override(s) in child classes
[22:23:27] [Render thread/DEBUG] (FabricLoader/Mixin) fabric-registry-sync-v0.client.mixins.json:BlockColorsMixin from mod fabric-registry-sync-v0->@Inject::create(Lorg/spongepowered/asm/mixin/injection/callback/CallbackInfo;)V won't be passed a CallbackInfo as a result
[22:23:27] [Render thread/DEBUG] (FabricLoader/Mixin) Mixing ItemColorsMixin from fabric-rendering-v1.mixins.json into net.minecraft.client.color.item.ItemColors
[22:23:27] [Render thread/DEBUG] (FabricLoader/Mixin) fabric-rendering-v1.mixins.json:ItemColorsMixin from mod fabric-rendering-v1: Class version 65 required is higher than the class version supported by the current version of Mixin (JAVA_17 supports class version 61)
[22:23:27] [Render thread/DEBUG] (FabricLoader/Mixin) Mixing ItemColorsMixin from fabric-registry-sync-v0.client.mixins.json into net.minecraft.client.color.item.ItemColors
[22:23:27] [Render thread/DEBUG] (FabricLoader/Mixin) fabric-registry-sync-v0.client.mixins.json:ItemColorsMixin from mod fabric-registry-sync-v0: Class version 65 required is higher than the class version supported by the current version of Mixin (JAVA_17 supports class version 61)
[22:23:27] [Render thread/DEBUG] (FabricLoader/Mixin) fabric-rendering-v1.mixins.json:ItemColorsMixin from mod fabric-rendering-v1->@Inject::create(Lnet/minecraft/client/color/block/BlockColors;Lorg/spongepowered/asm/mixin/injection/callback/CallbackInfoReturnable;)V does use it's CallbackInfoReturnable
[22:23:27] [Render thread/DEBUG] (FabricLoader/Mixin) fabric-registry-sync-v0.client.mixins.json:ItemColorsMixin from mod fabric-registry-sync-v0->@Inject::create(Lorg/spongepowered/asm/mixin/injection/callback/CallbackInfo;)V doesn't use it's CallbackInfo
[22:23:27] [Render thread/DEBUG] (FabricLoader/Mixin) fabric-registry-sync-v0.client.mixins.json:ItemColorsMixin from mod fabric-registry-sync-v0->@Inject::create(Lorg/spongepowered/asm/mixin/injection/callback/CallbackInfo;)V has 0 override(s) in child classes
[22:23:27] [Render thread/DEBUG] (FabricLoader/Mixin) fabric-registry-sync-v0.client.mixins.json:ItemColorsMixin from mod fabric-registry-sync-v0->@Inject::create(Lorg/spongepowered/asm/mixin/injection/callback/CallbackInfo;)V won't be passed a CallbackInfo as a result
[22:23:27] [Render thread/DEBUG] (FabricLoader/Mixin) Mixing KeyedResourceReloadListenerClientMixin from fabric-resource-loader-v0.client.mixins.json into net.minecraft.client.render.model.BakedModelManager
[22:23:27] [Render thread/DEBUG] (FabricLoader/Mixin) fabric-resource-loader-v0.client.mixins.json:KeyedResourceReloadListenerClientMixin from mod fabric-resource-loader-v0: Class version 65 required is higher than the class version supported by the current version of Mixin (JAVA_17 supports class version 61)
[22:23:27] [Render thread/DEBUG] (FabricLoader/Mixin) Mixing BakedModelManagerMixin from fabric-model-loading-api-v1.mixins.json into net.minecraft.client.render.model.BakedModelManager
[22:23:27] [Render thread/DEBUG] (FabricLoader/Mixin) fabric-model-loading-api-v1.mixins.json:BakedModelManagerMixin from mod fabric-model-loading-api-v1: Class version 65 required is higher than the class version supported by the current version of Mixin (JAVA_17 supports class version 61)
[22:23:27] [Render thread/DEBUG] (FabricLoader/Mixin) Renaming synthetic method lambda$loadModelPluginData$0(Ljava/util/function/BiFunction;Lnet/minecraft/util/Pair;Ljava/util/List;)Lnet/minecraft/client/render/model/ModelLoader; to mda8b304$fabric-model-loading-api-v1$lambda$loadModelPluginData$0$0 in fabric-model-loading-api-v1.mixins.json:BakedModelManagerMixin from mod fabric-model-loading-api-v1
[22:23:27] [Render thread/DEBUG] (FabricLoader/Mixin) Mixing TexturedRenderLayersMixin from fabric-object-builder-v1.client.mixins.json into net.minecraft.client.render.TexturedRenderLayers
[22:23:27] [Render thread/DEBUG] (FabricLoader/Mixin) fabric-object-builder-v1.client.mixins.json:TexturedRenderLayersMixin from mod fabric-object-builder-api-v1: Class version 65 required is higher than the class version supported by the current version of Mixin (JAVA_17 supports class version 61)
[22:23:27] [Render thread/DEBUG] (FabricLoader/Mixin) fabric-object-builder-v1.client.mixins.json:TexturedRenderLayersMixin from mod fabric-object-builder-api-v1->@Inject::modifyTextureId(Lnet/minecraft/block/WoodType;Lorg/spongepowered/asm/mixin/injection/callback/CallbackInfoReturnable;)V does use it's CallbackInfoReturnable
[22:23:27] [Render thread/DEBUG] (FabricLoader/Mixin) fabric-object-builder-v1.client.mixins.json:TexturedRenderLayersMixin from mod fabric-object-builder-api-v1->@Inject::modifyHangingTextureId(Lnet/minecraft/block/WoodType;Lorg/spongepowered/asm/mixin/injection/callback/CallbackInfoReturnable;)V does use it's CallbackInfoReturnable
[22:23:27] [Render thread/DEBUG] (FabricLoader/Mixin) Mixing KeyedResourceReloadListenerClientMixin from fabric-resource-loader-v0.client.mixins.json into net.minecraft.client.render.block.BlockRenderManager
[22:23:27] [Render thread/DEBUG] (FabricLoader/Mixin) fabric-resource-loader-v0.client.mixins.json:KeyedResourceReloadListenerClientMixin from mod fabric-resource-loader-v0: Class version 65 required is higher than the class version supported by the current version of Mixin (JAVA_17 supports class version 61)
[22:23:27] [Render thread/DEBUG] (FabricLoader/Mixin) Mixing BuiltinModelItemRendererMixin from fabric-rendering-v1.mixins.json into net.minecraft.client.render.item.BuiltinModelItemRenderer
[22:23:27] [Render thread/DEBUG] (FabricLoader/Mixin) fabric-rendering-v1.mixins.json:BuiltinModelItemRendererMixin from mod fabric-rendering-v1: Class version 65 required is higher than the class version supported by the current version of Mixin (JAVA_17 supports class version 61)
[22:23:27] [Render thread/DEBUG] (FabricLoader/Mixin) fabric-rendering-v1.mixins.json:BuiltinModelItemRendererMixin from mod fabric-rendering-v1->@Inject::fabric_onRender(Lnet/minecraft/item/ItemStack;Lnet/minecraft/client/render/model/json/ModelTransformationMode;Lnet/minecraft/client/util/math/MatrixStack;Lnet/minecraft/client/render/VertexConsumerProvider;IILorg/spongepowered/asm/mixin/injection/callback/CallbackInfo;)V does use it's CallbackInfo
[22:23:27] [Render thread/DEBUG] (FabricLoader/Mixin) Mixing ItemModelsMixin from fabric-registry-sync-v0.client.mixins.json into net.minecraft.client.render.item.ItemModels
[22:23:27] [Render thread/DEBUG] (FabricLoader/Mixin) fabric-registry-sync-v0.client.mixins.json:ItemModelsMixin from mod fabric-registry-sync-v0: Class version 65 required is higher than the class version supported by the current version of Mixin (JAVA_17 supports class version 61)
[22:23:27] [Render thread/DEBUG] (FabricLoader/Mixin) fabric-registry-sync-v0.client.mixins.json:ItemModelsMixin from mod fabric-registry-sync-v0->@Inject::onInit(Lnet/minecraft/client/render/model/BakedModelManager;Lorg/spongepowered/asm/mixin/injection/callback/CallbackInfo;)V doesn't use it's CallbackInfo
[22:23:27] [Render thread/DEBUG] (FabricLoader/Mixin) fabric-registry-sync-v0.client.mixins.json:ItemModelsMixin from mod fabric-registry-sync-v0->@Inject::onInit(Lnet/minecraft/client/render/model/BakedModelManager;Lorg/spongepowered/asm/mixin/injection/callback/CallbackInfo;)V has 0 override(s) in child classes
[22:23:27] [Render thread/DEBUG] (FabricLoader/Mixin) fabric-registry-sync-v0.client.mixins.json:ItemModelsMixin from mod fabric-registry-sync-v0->@Inject::onInit(Lnet/minecraft/client/render/model/BakedModelManager;Lorg/spongepowered/asm/mixin/injection/callback/CallbackInfo;)V won't be passed a CallbackInfo as a result
[22:23:27] [Render thread/DEBUG] (FabricLoader/Mixin) Mixing ModelLoaderMixin from fabric-model-loading-api-v1.mixins.json into net.minecraft.client.render.model.ModelLoader
[22:23:27] [Render thread/DEBUG] (FabricLoader/Mixin) fabric-model-loading-api-v1.mixins.json:ModelLoaderMixin from mod fabric-model-loading-api-v1: Class version 65 required is higher than the class version supported by the current version of Mixin (JAVA_17 supports class version 61)
[22:23:27] [Render thread/DEBUG] (FabricLoader/Mixin) fabric-model-loading-api-v1.mixins.json:ModelLoaderMixin from mod fabric-model-loading-api-v1->@Inject::afterMissingModelInit(Lnet/minecraft/client/color/block/BlockColors;Lnet/minecraft/util/profiler/Profiler;Ljava/util/Map;Ljava/util/Map;Lorg/spongepowered/asm/mixin/injection/callback/CallbackInfo;)V doesn't use it's CallbackInfo
[22:23:27] [Render thread/DEBUG] (FabricLoader/Mixin) fabric-model-loading-api-v1.mixins.json:ModelLoaderMixin from mod fabric-model-loading-api-v1->@Inject::afterMissingModelInit(Lnet/minecraft/client/color/block/BlockColors;Lnet/minecraft/util/profiler/Profiler;Ljava/util/Map;Ljava/util/Map;Lorg/spongepowered/asm/mixin/injection/callback/CallbackInfo;)V has 0 override(s) in child classes
[22:23:27] [Render thread/DEBUG] (FabricLoader/Mixin) fabric-model-loading-api-v1.mixins.json:ModelLoaderMixin from mod fabric-model-loading-api-v1->@Inject::afterMissingModelInit(Lnet/minecraft/client/color/block/BlockColors;Lnet/minecraft/util/profiler/Profiler;Ljava/util/Map;Ljava/util/Map;Lorg/spongepowered/asm/mixin/injection/callback/CallbackInfo;)V won't be passed a CallbackInfo as a result
[22:23:27] [Render thread/DEBUG] (FabricLoader/Mixin) fabric-model-loading-api-v1.mixins.json:ModelLoaderMixin from mod fabric-model-loading-api-v1->@Inject::fabric_preventNestedGetOrLoadModel(Lnet/minecraft/util/Identifier;Lorg/spongepowered/asm/mixin/injection/callback/CallbackInfoReturnable;)V doesn't use it's CallbackInfoReturnable
[22:23:27] [Render thread/DEBUG] (FabricLoader/Mixin) fabric-model-loading-api-v1.mixins.json:ModelLoaderMixin from mod fabric-model-loading-api-v1->@Inject::fabric_preventNestedGetOrLoadModel(Lnet/minecraft/util/Identifier;Lorg/spongepowered/asm/mixin/injection/callback/CallbackInfoReturnable;)V has 0 override(s) in child classes
[22:23:27] [Render thread/DEBUG] (FabricLoader/Mixin) fabric-model-loading-api-v1.mixins.json:ModelLoaderMixin from mod fabric-model-loading-api-v1->@Inject::fabric_preventNestedGetOrLoadModel(Lnet/minecraft/util/Identifier;Lorg/spongepowered/asm/mixin/injection/callback/CallbackInfoReturnable;)V won't be passed a CallbackInfoReturnable as a result
[22:23:27] [Render thread/DEBUG] (FabricLoader/Mixin) fabric-model-loading-api-v1.mixins.json:ModelLoaderMixin from mod fabric-model-loading-api-v1->@Inject::onLoadModel(Lnet/minecraft/util/Identifier;Lorg/spongepowered/asm/mixin/injection/callback/CallbackInfo;)V does use it's CallbackInfo
[22:23:27] [Render thread/DEBUG] (FabricLoader/Mixin) Mixing BakedModelMixin from fabric-renderer-indigo.mixins.json into net.minecraft.client.render.model.BakedModel
[22:23:27] [Render thread/DEBUG] (FabricLoader/Mixin) fabric-renderer-indigo.mixins.json:BakedModelMixin from mod fabric-renderer-indigo: Class version 65 required is higher than the class version supported by the current version of Mixin (JAVA_17 supports class version 61)
[22:23:27] [Render thread/DEBUG] (FabricLoader/Mixin) Mixing client.BakedModelMixin from fabric-renderer-api-v1.mixins.json into net.minecraft.client.render.model.BakedModel
[22:23:27] [Render thread/DEBUG] (FabricLoader/Mixin) fabric-renderer-api-v1.mixins.json:client.BakedModelMixin from mod fabric-renderer-api-v1: Class version 65 required is higher than the class version supported by the current version of Mixin (JAVA_17 supports class version 61)
[22:23:27] [Render thread/DEBUG] (FabricLoader/Mixin) Mixing BlockModelRendererMixin from fabric-renderer-indigo.mixins.json into net.minecraft.client.render.block.BlockModelRenderer
[22:23:27] [Render thread/DEBUG] (FabricLoader/Mixin) fabric-renderer-indigo.mixins.json:BlockModelRendererMixin from mod fabric-renderer-indigo: Class version 65 required is higher than the class version supported by the current version of Mixin (JAVA_17 supports class version 61)
[22:23:27] [Render thread/DEBUG] (FabricLoader/Mixin) fabric-renderer-indigo.mixins.json:BlockModelRendererMixin from mod fabric-renderer-indigo->@Inject::hookRender(Lnet/minecraft/world/BlockRenderView;Lnet/minecraft/client/render/model/BakedModel;Lnet/minecraft/block/BlockState;Lnet/minecraft/util/math/BlockPos;Lnet/minecraft/client/util/math/MatrixStack;Lnet/minecraft/client/render/VertexConsumer;ZLnet/minecraft/util/math/random/Random;JILorg/spongepowered/asm/mixin/injection/callback/CallbackInfo;)V does use it's CallbackInfo
[22:23:27] [Render thread/DEBUG] (FabricLoader/Mixin) fabric-renderer-indigo.mixins.json:BlockModelRendererMixin from mod fabric-renderer-indigo->@Inject::onInit(Lorg/spongepowered/asm/mixin/injection/callback/CallbackInfo;)V doesn't use it's CallbackInfo
[22:23:27] [Render thread/DEBUG] (FabricLoader/Mixin) fabric-renderer-indigo.mixins.json:BlockModelRendererMixin from mod fabric-renderer-indigo->@Inject::onInit(Lorg/spongepowered/asm/mixin/injection/callback/CallbackInfo;)V has 0 override(s) in child classes
[22:23:27] [Render thread/DEBUG] (FabricLoader/Mixin) fabric-renderer-indigo.mixins.json:BlockModelRendererMixin from mod fabric-renderer-indigo->@Inject::onInit(Lorg/spongepowered/asm/mixin/injection/callback/CallbackInfo;)V won't be passed a CallbackInfo as a result
[22:23:27] [Render thread/DEBUG] (FabricLoader/Mixin) Mixing FluidRendererMixin from fabric-rendering-fluids-v1.mixins.json into net.minecraft.client.render.block.FluidRenderer
[22:23:27] [Render thread/DEBUG] (FabricLoader/Mixin) fabric-rendering-fluids-v1.mixins.json:FluidRendererMixin from mod fabric-rendering-fluids-v1: Class version 65 required is higher than the class version supported by the current version of Mixin (JAVA_17 supports class version 61)
[22:23:27] [Render thread/DEBUG] (FabricLoader/Mixin) fabric-rendering-fluids-v1.mixins.json:FluidRendererMixin from mod fabric-rendering-fluids-v1->@Inject::onResourceReloadReturn(Lorg/spongepowered/asm/mixin/injection/callback/CallbackInfo;)V doesn't use it's CallbackInfo
[22:23:27] [Render thread/DEBUG] (FabricLoader/Mixin) fabric-rendering-fluids-v1.mixins.json:FluidRendererMixin from mod fabric-rendering-fluids-v1->@Inject::onResourceReloadReturn(Lorg/spongepowered/asm/mixin/injection/callback/CallbackInfo;)V has 0 override(s) in child classes
[22:23:27] [Render thread/DEBUG] (FabricLoader/Mixin) fabric-rendering-fluids-v1.mixins.json:FluidRendererMixin from mod fabric-rendering-fluids-v1->@Inject::onResourceReloadReturn(Lorg/spongepowered/asm/mixin/injection/callback/CallbackInfo;)V won't be passed a CallbackInfo as a result
[22:23:27] [Render thread/DEBUG] (FabricLoader/Mixin) fabric-rendering-fluids-v1.mixins.json:FluidRendererMixin from mod fabric-rendering-fluids-v1->@Inject::onHeadRender(Lnet/minecraft/world/BlockRenderView;Lnet/minecraft/util/math/BlockPos;Lnet/minecraft/client/render/VertexConsumer;Lnet/minecraft/block/BlockState;Lnet/minecraft/fluid/FluidState;Lorg/spongepowered/asm/mixin/injection/callback/CallbackInfo;)V does use it's CallbackInfo
[22:23:27] [Render thread/DEBUG] (FabricLoader/Mixin) Mixing HeldItemRendererMixin from fabric-item-api-v1.client.mixins.json into net.minecraft.client.render.item.HeldItemRenderer
[22:23:27] [Render thread/DEBUG] (FabricLoader/Mixin) fabric-item-api-v1.client.mixins.json:HeldItemRendererMixin from mod fabric-item-api-v1: Class version 65 required is higher than the class version supported by the current version of Mixin (JAVA_17 supports class version 61)
[22:23:27] [Render thread/DEBUG] (FabricLoader/Mixin) fabric-item-api-v1.client.mixins.json:HeldItemRendererMixin from mod fabric-item-api-v1->@Inject::modifyProgressAnimation(Lorg/spongepowered/asm/mixin/injection/callback/CallbackInfo;)V doesn't use it's CallbackInfo
[22:23:27] [Render thread/DEBUG] (FabricLoader/Mixin) fabric-item-api-v1.client.mixins.json:HeldItemRendererMixin from mod fabric-item-api-v1->@Inject::modifyProgressAnimation(Lorg/spongepowered/asm/mixin/injection/callback/CallbackInfo;)V has 0 override(s) in child classes
[22:23:27] [Render thread/DEBUG] (FabricLoader/Mixin) fabric-item-api-v1.client.mixins.json:HeldItemRendererMixin from mod fabric-item-api-v1->@Inject::modifyProgressAnimation(Lorg/spongepowered/asm/mixin/injection/callback/CallbackInfo;)V won't be passed a CallbackInfo as a result
[22:23:27] [Render thread/DEBUG] (FabricLoader/Mixin) Mixing ParticleManagerMixin from fabric-particles-v1.client.mixins.json into net.minecraft.client.particle.ParticleManager
[22:23:27] [Render thread/DEBUG] (FabricLoader/Mixin) fabric-particles-v1.client.mixins.json:ParticleManagerMixin from mod fabric-particles-v1: Class version 65 required is higher than the class version supported by the current version of Mixin (JAVA_17 supports class version 61)
[22:23:27] [Render thread/DEBUG] (FabricLoader/Mixin) Mixing ParticleManagerAccessor from fabric-particles-v1.client.mixins.json into net.minecraft.client.particle.ParticleManager
[22:23:27] [Render thread/DEBUG] (FabricLoader/Mixin) fabric-particles-v1.client.mixins.json:ParticleManagerAccessor from mod fabric-particles-v1: Class version 65 required is higher than the class version supported by the current version of Mixin (JAVA_17 supports class version 61)
[22:23:27] [Render thread/DEBUG] (FabricLoader/Mixin) Mixing ParticleManagerMixin from fabric-registry-sync-v0.client.mixins.json into net.minecraft.client.particle.ParticleManager
[22:23:27] [Render thread/DEBUG] (FabricLoader/Mixin) fabric-registry-sync-v0.client.mixins.json:ParticleManagerMixin from mod fabric-registry-sync-v0: Class version 65 required is higher than the class version supported by the current version of Mixin (JAVA_17 supports class version 61)
[22:23:27] [Render thread/DEBUG] (FabricLoader/Mixin) fabric-particles-v1.client.mixins.json:ParticleManagerMixin from mod fabric-particles-v1->@Inject::onRegisterDefaultFactories(Lorg/spongepowered/asm/mixin/injection/callback/CallbackInfo;)V doesn't use it's CallbackInfo
[22:23:27] [Render thread/DEBUG] (FabricLoader/Mixin) fabric-particles-v1.client.mixins.json:ParticleManagerMixin from mod fabric-particles-v1->@Inject::onRegisterDefaultFactories(Lorg/spongepowered/asm/mixin/injection/callback/CallbackInfo;)V has 0 override(s) in child classes
[22:23:27] [Render thread/DEBUG] (FabricLoader/Mixin) fabric-particles-v1.client.mixins.json:ParticleManagerMixin from mod fabric-particles-v1->@Inject::onRegisterDefaultFactories(Lorg/spongepowered/asm/mixin/injection/callback/CallbackInfo;)V won't be passed a CallbackInfo as a result
[22:23:27] [Render thread/DEBUG] (FabricLoader/Mixin) fabric-registry-sync-v0.client.mixins.json:ParticleManagerMixin from mod fabric-registry-sync-v0->@Inject::onInit(Lnet/minecraft/client/world/ClientWorld;Lnet/minecraft/client/texture/TextureManager;Lorg/spongepowered/asm/mixin/injection/callback/CallbackInfo;)V doesn't use it's CallbackInfo
[22:23:27] [Render thread/DEBUG] (FabricLoader/Mixin) fabric-registry-sync-v0.client.mixins.json:ParticleManagerMixin from mod fabric-registry-sync-v0->@Inject::onInit(Lnet/minecraft/client/world/ClientWorld;Lnet/minecraft/client/texture/TextureManager;Lorg/spongepowered/asm/mixin/injection/callback/CallbackInfo;)V has 0 override(s) in child classes
[22:23:27] [Render thread/DEBUG] (FabricLoader/Mixin) fabric-registry-sync-v0.client.mixins.json:ParticleManagerMixin from mod fabric-registry-sync-v0->@Inject::onInit(Lnet/minecraft/client/world/ClientWorld;Lnet/minecraft/client/texture/TextureManager;Lorg/spongepowered/asm/mixin/injection/callback/CallbackInfo;)V won't be passed a CallbackInfo as a result
[22:23:27] [Render thread/DEBUG] (FabricLoader/Mixin) Mixing BlockDustParticleMixin from fabric-particles-v1.client.mixins.json into net.minecraft.client.particle.BlockDustParticle
[22:23:27] [Render thread/DEBUG] (FabricLoader/Mixin) fabric-particles-v1.client.mixins.json:BlockDustParticleMixin from mod fabric-particles-v1: Class version 65 required is higher than the class version supported by the current version of Mixin (JAVA_17 supports class version 61)
[22:23:27] [Render thread/DEBUG] (FabricLoader/Mixin) Mixing ParticleManagerAccessor$SimpleSpriteProviderAccessor from fabric-particles-v1.client.mixins.json into net.minecraft.client.particle.ParticleManager$SimpleSpriteProvider
[22:23:27] [Render thread/DEBUG] (FabricLoader/Mixin) fabric-particles-v1.client.mixins.json:ParticleManagerAccessor$SimpleSpriteProviderAccessor from mod fabric-particles-v1: Class version 65 required is higher than the class version supported by the current version of Mixin (JAVA_17 supports class version 61)
[22:23:27] [Render thread/DEBUG] (com.mojang.blaze3d.systems.RenderSystem) Growing IndexBuffer: Old limit 0, new limit 9360.
[22:23:27] [Render thread/DEBUG] (com.mojang.blaze3d.systems.RenderSystem) Growing IndexBuffer: Old limit 0, new limit 20.
[22:23:27] [Render thread/DEBUG] (FabricLoader/Mixin) Mixing InGameHudMixin from fabric-rendering-v1.mixins.json into net.minecraft.client.gui.hud.InGameHud
[22:23:27] [Render thread/DEBUG] (FabricLoader/Mixin) fabric-rendering-v1.mixins.json:InGameHudMixin from mod fabric-rendering-v1: Class version 65 required is higher than the class version supported by the current version of Mixin (JAVA_17 supports class version 61)
[22:23:27] [Render thread/DEBUG] (FabricLoader/Mixin) Mixing Gui_tablistMixin from carpet.mixins.json into net.minecraft.client.gui.hud.InGameHud
[22:23:27] [Render thread/DEBUG] (FabricLoader/Mixin) carpet.mixins.json:Gui_tablistMixin from mod carpet: Class version 65 required is higher than the class version supported by the current version of Mixin (JAVA_17 supports class version 61)
[22:23:27] [Render thread/DEBUG] (FabricLoader/Mixin) Mixing InGameHudMixin from BetterPlayerLocatorBar.mixins.json into net.minecraft.client.gui.hud.InGameHud
[22:23:27] [Render thread/DEBUG] (FabricLoader/Mixin) fabric-rendering-v1.mixins.json:InGameHudMixin from mod fabric-rendering-v1->@Inject::render(Lnet/minecraft/client/gui/DrawContext;FLorg/spongepowered/asm/mixin/injection/callback/CallbackInfo;)V doesn't use it's CallbackInfo
[22:23:27] [Render thread/DEBUG] (FabricLoader/Mixin) fabric-rendering-v1.mixins.json:InGameHudMixin from mod fabric-rendering-v1->@Inject::render(Lnet/minecraft/client/gui/DrawContext;FLorg/spongepowered/asm/mixin/injection/callback/CallbackInfo;)V has 0 override(s) in child classes
[22:23:27] [Render thread/DEBUG] (FabricLoader/Mixin) fabric-rendering-v1.mixins.json:InGameHudMixin from mod fabric-rendering-v1->@Inject::render(Lnet/minecraft/client/gui/DrawContext;FLorg/spongepowered/asm/mixin/injection/callback/CallbackInfo;)V won't be passed a CallbackInfo as a result
[22:23:27] [Render thread/DEBUG] (FabricLoader/Mixin) BetterPlayerLocatorBar.mixins.json:InGameHudMixin from mod bplb->@Inject::adjustExperienceLevel(Lnet/minecraft/client/gui/DrawContext;FLorg/spongepowered/asm/mixin/injection/callback/CallbackInfo;)V doesn't use it's CallbackInfo
[22:23:27] [Render thread/DEBUG] (FabricLoader/Mixin) BetterPlayerLocatorBar.mixins.json:InGameHudMixin from mod bplb->@Inject::adjustExperienceLevel(Lnet/minecraft/client/gui/DrawContext;FLorg/spongepowered/asm/mixin/injection/callback/CallbackInfo;)V has 0 override(s) in child classes
[22:23:27] [Render thread/DEBUG] (FabricLoader/Mixin) BetterPlayerLocatorBar.mixins.json:InGameHudMixin from mod bplb->@Inject::adjustExperienceLevel(Lnet/minecraft/client/gui/DrawContext;FLorg/spongepowered/asm/mixin/injection/callback/CallbackInfo;)V won't be passed a CallbackInfo as a result
[22:23:27] [Render thread/DEBUG] (FabricLoader/Mixin) BetterPlayerLocatorBar.mixins.json:InGameHudMixin from mod bplb->@Inject::resetExperienceLevel(Lnet/minecraft/client/gui/DrawContext;FLorg/spongepowered/asm/mixin/injection/callback/CallbackInfo;)V doesn't use it's CallbackInfo
[22:23:27] [Render thread/DEBUG] (FabricLoader/Mixin) BetterPlayerLocatorBar.mixins.json:InGameHudMixin from mod bplb->@Inject::resetExperienceLevel(Lnet/minecraft/client/gui/DrawContext;FLorg/spongepowered/asm/mixin/injection/callback/CallbackInfo;)V has 0 override(s) in child classes
[22:23:27] [Render thread/DEBUG] (FabricLoader/Mixin) BetterPlayerLocatorBar.mixins.json:InGameHudMixin from mod bplb->@Inject::resetExperienceLevel(Lnet/minecraft/client/gui/DrawContext;FLorg/spongepowered/asm/mixin/injection/callback/CallbackInfo;)V won't be passed a CallbackInfo as a result
[22:23:27] [Render thread/DEBUG] (FabricLoader/Mixin) BetterPlayerLocatorBar.mixins.json:InGameHudMixin from mod bplb->@Inject::adjustStatusBars(Lnet/minecraft/client/gui/DrawContext;Lorg/spongepowered/asm/mixin/injection/callback/CallbackInfo;)V doesn't use it's CallbackInfo
[22:23:27] [Render thread/DEBUG] (FabricLoader/Mixin) BetterPlayerLocatorBar.mixins.json:InGameHudMixin from mod bplb->@Inject::adjustStatusBars(Lnet/minecraft/client/gui/DrawContext;Lorg/spongepowered/asm/mixin/injection/callback/CallbackInfo;)V has 0 override(s) in child classes
[22:23:27] [Render thread/DEBUG] (FabricLoader/Mixin) BetterPlayerLocatorBar.mixins.json:InGameHudMixin from mod bplb->@Inject::adjustStatusBars(Lnet/minecraft/client/gui/DrawContext;Lorg/spongepowered/asm/mixin/injection/callback/CallbackInfo;)V won't be passed a CallbackInfo as a result
[22:23:27] [Render thread/DEBUG] (FabricLoader/Mixin) BetterPlayerLocatorBar.mixins.json:InGameHudMixin from mod bplb->@Inject::resetStatusBars(Lnet/minecraft/client/gui/DrawContext;Lorg/spongepowered/asm/mixin/injection/callback/CallbackInfo;)V doesn't use it's CallbackInfo
[22:23:27] [Render thread/DEBUG] (FabricLoader/Mixin) BetterPlayerLocatorBar.mixins.json:InGameHudMixin from mod bplb->@Inject::resetStatusBars(Lnet/minecraft/client/gui/DrawContext;Lorg/spongepowered/asm/mixin/injection/callback/CallbackInfo;)V has 0 override(s) in child classes
[22:23:27] [Render thread/DEBUG] (FabricLoader/Mixin) BetterPlayerLocatorBar.mixins.json:InGameHudMixin from mod bplb->@Inject::resetStatusBars(Lnet/minecraft/client/gui/DrawContext;Lorg/spongepowered/asm/mixin/injection/callback/CallbackInfo;)V won't be passed a CallbackInfo as a result
[22:23:27] [Render thread/DEBUG] (FabricLoader/Mixin) BetterPlayerLocatorBar.mixins.json:InGameHudMixin from mod bplb->@Inject::resetStatusBars(Lnet/minecraft/client/gui/DrawContext;Lorg/spongepowered/asm/mixin/injection/callback/CallbackInfo;)V doesn't use it's CallbackInfo
[22:23:27] [Render thread/DEBUG] (FabricLoader/Mixin) BetterPlayerLocatorBar.mixins.json:InGameHudMixin from mod bplb->@Inject::resetStatusBars(Lnet/minecraft/client/gui/DrawContext;Lorg/spongepowered/asm/mixin/injection/callback/CallbackInfo;)V has 0 override(s) in child classes
[22:23:27] [Render thread/DEBUG] (FabricLoader/Mixin) BetterPlayerLocatorBar.mixins.json:InGameHudMixin from mod bplb->@Inject::resetStatusBars(Lnet/minecraft/client/gui/DrawContext;Lorg/spongepowered/asm/mixin/injection/callback/CallbackInfo;)V won't be passed a CallbackInfo as a result
[22:23:27] [Render thread/DEBUG] (FabricLoader/Mixin) Mixing DebugHudMixin from fabric-renderer-api-v1.debughud.mixins.json into net.minecraft.client.gui.hud.DebugHud
[22:23:27] [Render thread/DEBUG] (FabricLoader/Mixin) fabric-renderer-api-v1.debughud.mixins.json:DebugHudMixin from mod fabric-renderer-api-v1: Class version 65 required is higher than the class version supported by the current version of Mixin (JAVA_17 supports class version 61)
[22:23:27] [Render thread/DEBUG] (FabricLoader/Mixin) fabric-renderer-api-v1.debughud.mixins.json:DebugHudMixin from mod fabric-renderer-api-v1->@Inject::getLeftText(Lorg/spongepowered/asm/mixin/injection/callback/CallbackInfoReturnable;)V does use it's CallbackInfoReturnable
[22:23:27] [Render thread/DEBUG] (FabricLoader/Mixin) fabric-renderer-api-v1.debughud.mixins.json:DebugHudMixin from mod fabric-renderer-api-v1->@Inject::getLeftText(Lorg/spongepowered/asm/mixin/injection/callback/CallbackInfoReturnable;)V does use it's CallbackInfoReturnable
[22:23:27] [Render thread/DEBUG] (FabricLoader/Mixin) Mixing PlayerTabOverlayMixin from carpet.mixins.json into net.minecraft.client.gui.hud.PlayerListHud
[22:23:27] [Render thread/DEBUG] (FabricLoader/Mixin) carpet.mixins.json:PlayerTabOverlayMixin from mod carpet: Class version 65 required is higher than the class version supported by the current version of Mixin (JAVA_17 supports class version 61)
[22:23:27] [Render thread/DEBUG] (FabricLoader/Mixin) Mixing DebugRenderer_scarpetRenderMixin from carpet.mixins.json into net.minecraft.client.render.debug.DebugRenderer
[22:23:27] [Render thread/DEBUG] (FabricLoader/Mixin) carpet.mixins.json:DebugRenderer_scarpetRenderMixin from mod carpet: Class version 65 required is higher than the class version supported by the current version of Mixin (JAVA_17 supports class version 61)
[22:23:27] [Render thread/DEBUG] (FabricLoader/Mixin) carpet.mixins.json:DebugRenderer_scarpetRenderMixin from mod carpet->@Inject::resetScarpetRenderes(Lorg/spongepowered/asm/mixin/injection/callback/CallbackInfo;)V doesn't use it's CallbackInfo
[22:23:27] [Render thread/DEBUG] (FabricLoader/Mixin) carpet.mixins.json:DebugRenderer_scarpetRenderMixin from mod carpet->@Inject::resetScarpetRenderes(Lorg/spongepowered/asm/mixin/injection/callback/CallbackInfo;)V has 0 override(s) in child classes
[22:23:27] [Render thread/DEBUG] (FabricLoader/Mixin) carpet.mixins.json:DebugRenderer_scarpetRenderMixin from mod carpet->@Inject::resetScarpetRenderes(Lorg/spongepowered/asm/mixin/injection/callback/CallbackInfo;)V won't be passed a CallbackInfo as a result
[22:23:27] [Render thread/DEBUG] (FabricLoader/Mixin) Mixing shader.ShaderProgramImportProcessorMixin from fabric-rendering-v1.mixins.json into net.minecraft.client.gl.ShaderProgram$1
[22:23:27] [Render thread/DEBUG] (FabricLoader/Mixin) fabric-rendering-v1.mixins.json:shader.ShaderProgramImportProcessorMixin from mod fabric-rendering-v1: Class version 65 required is higher than the class version supported by the current version of Mixin (JAVA_17 supports class version 61)
[22:23:27] [Render thread/DEBUG] (FabricLoader/Mixin) fabric-rendering-v1.mixins.json:shader.ShaderProgramImportProcessorMixin from mod fabric-rendering-v1->@Inject::captureImport(ZLjava/lang/String;Lorg/spongepowered/asm/mixin/injection/callback/CallbackInfoReturnable;)V doesn't use it's CallbackInfoReturnable
[22:23:27] [Render thread/DEBUG] (FabricLoader/Mixin) fabric-rendering-v1.mixins.json:shader.ShaderProgramImportProcessorMixin from mod fabric-rendering-v1->@Inject::captureImport(ZLjava/lang/String;Lorg/spongepowered/asm/mixin/injection/callback/CallbackInfoReturnable;)V has 0 override(s) in child classes
[22:23:27] [Render thread/DEBUG] (FabricLoader/Mixin) fabric-rendering-v1.mixins.json:shader.ShaderProgramImportProcessorMixin from mod fabric-rendering-v1->@Inject::captureImport(ZLjava/lang/String;Lorg/spongepowered/asm/mixin/injection/callback/CallbackInfoReturnable;)V won't be passed a CallbackInfoReturnable as a result
[22:23:27] [Render thread/DEBUG] (FabricLoader/Mixin) fabric-rendering-v1.mixins.json:shader.ShaderProgramImportProcessorMixin from mod fabric-rendering-v1->@Inject::uncaptureImport(ZLjava/lang/String;Lorg/spongepowered/asm/mixin/injection/callback/CallbackInfoReturnable;)V doesn't use it's CallbackInfoReturnable
[22:23:27] [Render thread/DEBUG] (FabricLoader/Mixin) fabric-rendering-v1.mixins.json:shader.ShaderProgramImportProcessorMixin from mod fabric-rendering-v1->@Inject::uncaptureImport(ZLjava/lang/String;Lorg/spongepowered/asm/mixin/injection/callback/CallbackInfoReturnable;)V has 0 override(s) in child classes
[22:23:27] [Render thread/DEBUG] (FabricLoader/Mixin) fabric-rendering-v1.mixins.json:shader.ShaderProgramImportProcessorMixin from mod fabric-rendering-v1->@Inject::uncaptureImport(ZLjava/lang/String;Lorg/spongepowered/asm/mixin/injection/callback/CallbackInfoReturnable;)V won't be passed a CallbackInfoReturnable as a result
[22:23:27] [Render thread/DEBUG] (FabricLoader/Mixin) fabric-rendering-v1.mixins.json:shader.ShaderProgramImportProcessorMixin from mod fabric-rendering-v1->@Inject::uncaptureImport(ZLjava/lang/String;Lorg/spongepowered/asm/mixin/injection/callback/CallbackInfoReturnable;)V doesn't use it's CallbackInfoReturnable
[22:23:27] [Render thread/DEBUG] (FabricLoader/Mixin) fabric-rendering-v1.mixins.json:shader.ShaderProgramImportProcessorMixin from mod fabric-rendering-v1->@Inject::uncaptureImport(ZLjava/lang/String;Lorg/spongepowered/asm/mixin/injection/callback/CallbackInfoReturnable;)V has 0 override(s) in child classes
[22:23:27] [Render thread/DEBUG] (FabricLoader/Mixin) fabric-rendering-v1.mixins.json:shader.ShaderProgramImportProcessorMixin from mod fabric-rendering-v1->@Inject::uncaptureImport(ZLjava/lang/String;Lorg/spongepowered/asm/mixin/injection/callback/CallbackInfoReturnable;)V won't be passed a CallbackInfoReturnable as a result
[22:23:27] [Render thread/DEBUG] (FabricLoader/Mixin) fabric-rendering-v1.mixins.json:shader.ShaderProgramImportProcessorMixin from mod fabric-rendering-v1->@Inject::uncaptureImport(ZLjava/lang/String;Lorg/spongepowered/asm/mixin/injection/callback/CallbackInfoReturnable;)V doesn't use it's CallbackInfoReturnable
[22:23:27] [Render thread/DEBUG] (FabricLoader/Mixin) fabric-rendering-v1.mixins.json:shader.ShaderProgramImportProcessorMixin from mod fabric-rendering-v1->@Inject::uncaptureImport(ZLjava/lang/String;Lorg/spongepowered/asm/mixin/injection/callback/CallbackInfoReturnable;)V has 0 override(s) in child classes
[22:23:27] [Render thread/DEBUG] (FabricLoader/Mixin) fabric-rendering-v1.mixins.json:shader.ShaderProgramImportProcessorMixin from mod fabric-rendering-v1->@Inject::uncaptureImport(ZLjava/lang/String;Lorg/spongepowered/asm/mixin/injection/callback/CallbackInfoReturnable;)V won't be passed a CallbackInfoReturnable as a result
[22:23:27] [Render thread/DEBUG] (FabricLoader/Mixin) Mixing ResourceMixin from fabric-resource-loader-v0.mixins.json into net.minecraft.resource.Resource
[22:23:27] [Render thread/DEBUG] (FabricLoader/Mixin) fabric-resource-loader-v0.mixins.json:ResourceMixin from mod fabric-resource-loader-v0: Class version 65 required is higher than the class version supported by the current version of Mixin (JAVA_17 supports class version 61)
[22:23:27] [Render thread/DEBUG] (FabricLoader/Mixin) Mixing MessageHandlerMixin from fabric-message-api-v1.client.mixins.json into net.minecraft.client.network.message.MessageHandler
[22:23:27] [Render thread/DEBUG] (FabricLoader/Mixin) fabric-message-api-v1.client.mixins.json:MessageHandlerMixin from mod fabric-message-api-v1: Class version 65 required is higher than the class version supported by the current version of Mixin (JAVA_17 supports class version 61)
[22:23:27] [Render thread/DEBUG] (FabricLoader/Mixin) fabric-message-api-v1.client.mixins.json:MessageHandlerMixin from mod fabric-message-api-v1->@Inject::fabric_onSignedChatMessage(Lnet/minecraft/network/message/MessageType$Parameters;Lnet/minecraft/network/message/SignedMessage;Lnet/minecraft/text/Text;Lcom/mojang/authlib/GameProfile;ZLjava/time/Instant;Lorg/spongepowered/asm/mixin/injection/callback/CallbackInfoReturnable;)V does use it's CallbackInfoReturnable
[22:23:27] [Render thread/DEBUG] (FabricLoader/Mixin) fabric-message-api-v1.client.mixins.json:MessageHandlerMixin from mod fabric-message-api-v1->@Inject::fabric_onFilteredSignedChatMessage(Lnet/minecraft/network/message/MessageType$Parameters;Lnet/minecraft/network/message/SignedMessage;Lnet/minecraft/text/Text;Lcom/mojang/authlib/GameProfile;ZLjava/time/Instant;Lorg/spongepowered/asm/mixin/injection/callback/CallbackInfoReturnable;)V does use it's CallbackInfoReturnable
[22:23:27] [Render thread/DEBUG] (FabricLoader/Mixin) fabric-message-api-v1.client.mixins.json:MessageHandlerMixin from mod fabric-message-api-v1->@Inject::fabric_onProfilelessChatMessage(Lnet/minecraft/network/message/MessageType$Parameters;Lnet/minecraft/text/Text;Ljava/time/Instant;Lorg/spongepowered/asm/mixin/injection/callback/CallbackInfoReturnable;)V does use it's CallbackInfoReturnable
[22:23:27] [Render thread/DEBUG] (FabricLoader/Mixin) fabric-message-api-v1.client.mixins.json:MessageHandlerMixin from mod fabric-message-api-v1->@Inject::fabric_allowGameMessage(Lnet/minecraft/text/Text;ZLorg/spongepowered/asm/mixin/injection/callback/CallbackInfo;)V does use it's CallbackInfo
[22:23:27] [Render thread/INFO] (net.minecraft.resource.ReloadableResourceManagerImpl) Reloading ResourceManager: vanilla, fabric, bplb, carpet, fabric-api, fabric-api-base, fabric-api-lookup-api-v1, fabric-biome-api-v1, fabric-block-api-v1, fabric-block-view-api-v2, fabric-blockrenderlayer-v1, fabric-client-tags-api-v1, fabric-command-api-v1, fabric-command-api-v2, fabric-commands-v0, fabric-content-registries-v0, fabric-convention-tags-v1, fabric-convention-tags-v2, fabric-crash-report-info-v1, fabric-data-attachment-api-v1, fabric-data-generation-api-v1, fabric-dimensions-v1, fabric-entity-events-v1, fabric-events-interaction-v0, fabric-game-rule-api-v1, fabric-gametest-api-v1, fabric-item-api-v1, fabric-item-group-api-v1, fabric-key-binding-api-v1, fabric-keybindings-v0, fabric-lifecycle-events-v1, fabric-loot-api-v2, fabric-message-api-v1, fabric-model-loading-api-v1, fabric-models-v0, fabric-networking-api-v1, fabric-object-builder-api-v1, fabric-particles-v1, fabric-recipe-api-v1, fabric-registry-sync-v0, fabric-renderer-api-v1, fabric-renderer-indigo, fabric-renderer-registries-v1, fabric-rendering-data-attachment-v1, fabric-rendering-fluids-v1, fabric-rendering-v0, fabric-rendering-v1, fabric-resource-conditions-api-v1, fabric-resource-loader-v0, fabric-screen-api-v1, fabric-screen-handler-api-v1, fabric-sound-api-v1, fabric-transfer-api-v1, fabric-transitive-access-wideners-v1, fabricloader, modmenu
[22:23:27] [Render thread/DEBUG] (FabricLoader/Mixin) Mixing SimpleResourceReloadMixin from fabric-resource-loader-v0.mixins.json into net.minecraft.resource.SimpleResourceReload
[22:23:27] [Render thread/DEBUG] (FabricLoader/Mixin) fabric-resource-loader-v0.mixins.json:SimpleResourceReloadMixin from mod fabric-resource-loader-v0: Class version 65 required is higher than the class version supported by the current version of Mixin (JAVA_17 supports class version 61)
[22:23:27] [Render thread/DEBUG] (FabricLoader/Mixin) fabric-resource-loader-v0.mixins.json:SimpleResourceReloadMixin from mod fabric-resource-loader-v0->@Inject::method_40087(Lnet/minecraft/resource/ResourceManager;Ljava/util/List;Ljava/util/concurrent/Executor;Ljava/util/concurrent/Executor;Ljava/util/concurrent/CompletableFuture;ZLorg/spongepowered/asm/mixin/injection/callback/CallbackInfoReturnable;)V doesn't use it's CallbackInfoReturnable
[22:23:27] [Worker-Main-18/DEBUG] (FabricLoader/Mixin) Mixing AtlasSourceManagerAccessor from fabric-rendering-v1.mixins.json into net.minecraft.client.texture.atlas.AtlasSourceManager
[22:23:27] [Worker-Main-18/DEBUG] (FabricLoader/Mixin) fabric-rendering-v1.mixins.json:AtlasSourceManagerAccessor from mod fabric-rendering-v1: Class version 65 required is higher than the class version supported by the current version of Mixin (JAVA_17 supports class version 61)
[22:23:27] [Worker-Main-18/DEBUG] (FabricLoader/Mixin) Renaming @Accessor method getSourceTypeById()Lcom/google/common/collect/BiMap; to getSourceTypeById$fabric-rendering-v1_$md$a8b304$0 in fabric-rendering-v1.mixins.json:AtlasSourceManagerAccessor from mod fabric-rendering-v1
[22:23:27] [Worker-Main-12/INFO] (net.minecraft.client.font.UnihexFont) Found unifont_all_no_pua-15.1.04.hex, loading
[22:23:28] [Worker-Main-2/INFO] (net.minecraft.client.font.UnihexFont) Found unifont_jp_patch-15.1.04.hex, loading
[22:23:28] [Worker-Main-2/DEBUG] (FabricLoader/Mixin) Mixing ModelLoaderBakerImplMixin from fabric-model-loading-api-v1.mixins.json into net.minecraft.client.render.model.ModelLoader$BakerImpl
[22:23:28] [Worker-Main-2/DEBUG] (FabricLoader/Mixin) fabric-model-loading-api-v1.mixins.json:ModelLoaderBakerImplMixin from mod fabric-model-loading-api-v1: Class version 65 required is higher than the class version supported by the current version of Mixin (JAVA_17 supports class version 61)
[22:23:28] [Worker-Main-2/DEBUG] (FabricLoader/Mixin) Mixing client.MultipartBakedModelMixin from fabric-renderer-api-v1.mixins.json into net.minecraft.client.render.model.MultipartBakedModel
[22:23:28] [Worker-Main-2/DEBUG] (FabricLoader/Mixin) fabric-renderer-api-v1.mixins.json:client.MultipartBakedModelMixin from mod fabric-renderer-api-v1: Class version 65 required is higher than the class version supported by the current version of Mixin (JAVA_17 supports class version 61)
[22:23:28] [Worker-Main-2/DEBUG] (FabricLoader/Mixin) Renaming synthetic method lambda$emitBlockQuads$0(Lnet/minecraft/util/math/random/Random;J)Lnet/minecraft/util/math/random/Random; to mda8b304$fabric-renderer-api-v1$lambda$emitBlockQuads$0$0 in fabric-renderer-api-v1.mixins.json:client.MultipartBakedModelMixin from mod fabric-renderer-api-v1
[22:23:28] [Worker-Main-2/DEBUG] (FabricLoader/Mixin) fabric-renderer-api-v1.mixins.json:client.MultipartBakedModelMixin from mod fabric-renderer-api-v1->@Inject::onInit(Ljava/util/List;Lorg/spongepowered/asm/mixin/injection/callback/CallbackInfo;)V doesn't use it's CallbackInfo
[22:23:28] [Worker-Main-2/DEBUG] (FabricLoader/Mixin) fabric-renderer-api-v1.mixins.json:client.MultipartBakedModelMixin from mod fabric-renderer-api-v1->@Inject::onInit(Ljava/util/List;Lorg/spongepowered/asm/mixin/injection/callback/CallbackInfo;)V has 0 override(s) in child classes
[22:23:28] [Worker-Main-2/DEBUG] (FabricLoader/Mixin) fabric-renderer-api-v1.mixins.json:client.MultipartBakedModelMixin from mod fabric-renderer-api-v1->@Inject::onInit(Ljava/util/List;Lorg/spongepowered/asm/mixin/injection/callback/CallbackInfo;)V won't be passed a CallbackInfo as a result
[22:23:28] [Worker-Main-2/DEBUG] (FabricLoader/Mixin) Mixing client.WeightedBakedModelMixin from fabric-renderer-api-v1.mixins.json into net.minecraft.client.render.model.WeightedBakedModel
[22:23:28] [Worker-Main-2/DEBUG] (FabricLoader/Mixin) fabric-renderer-api-v1.mixins.json:client.WeightedBakedModelMixin from mod fabric-renderer-api-v1: Class version 65 required is higher than the class version supported by the current version of Mixin (JAVA_17 supports class version 61)
[22:23:28] [Worker-Main-2/DEBUG] (FabricLoader/Mixin) Renaming synthetic method lambda$emitItemQuads$1(Ljava/util/function/Supplier;)Lnet/minecraft/util/math/random/Random; to mda8b304$fabric-renderer-api-v1$lambda$emitItemQuads$1$0 in fabric-renderer-api-v1.mixins.json:client.WeightedBakedModelMixin from mod fabric-renderer-api-v1
[22:23:28] [Worker-Main-2/DEBUG] (FabricLoader/Mixin) Renaming synthetic method lambda$emitBlockQuads$0(Ljava/util/function/Supplier;)Lnet/minecraft/util/math/random/Random; to mda8b304$fabric-renderer-api-v1$lambda$emitBlockQuads$0$1 in fabric-renderer-api-v1.mixins.json:client.WeightedBakedModelMixin from mod fabric-renderer-api-v1
[22:23:28] [Worker-Main-2/DEBUG] (FabricLoader/Mixin) fabric-renderer-api-v1.mixins.json:client.WeightedBakedModelMixin from mod fabric-renderer-api-v1->@Inject::onInit(Ljava/util/List;Lorg/spongepowered/asm/mixin/injection/callback/CallbackInfo;)V doesn't use it's CallbackInfo
[22:23:28] [Worker-Main-2/DEBUG] (FabricLoader/Mixin) fabric-renderer-api-v1.mixins.json:client.WeightedBakedModelMixin from mod fabric-renderer-api-v1->@Inject::onInit(Ljava/util/List;Lorg/spongepowered/asm/mixin/injection/callback/CallbackInfo;)V has 0 override(s) in child classes
[22:23:28] [Worker-Main-2/DEBUG] (FabricLoader/Mixin) fabric-renderer-api-v1.mixins.json:client.WeightedBakedModelMixin from mod fabric-renderer-api-v1->@Inject::onInit(Ljava/util/List;Lorg/spongepowered/asm/mixin/injection/callback/CallbackInfo;)V won't be passed a CallbackInfo as a result
[22:23:29] [Render thread/WARN] (net.minecraft.client.sound.SoundSystem) Missing sound for event: minecraft:item.goat_horn.play
[22:23:29] [Render thread/WARN] (net.minecraft.client.sound.SoundSystem) Missing sound for event: minecraft:entity.goat.screaming.horn_break
[22:23:29] [Render thread/INFO] (net.minecraft.client.sound.SoundEngine) OpenAL initialized on device OpenAL Soft on Auriculares (MSI IMMERSE GH50 WIRELESS GAMING HEADSET)
[22:23:29] [Render thread/INFO] (net.minecraft.client.sound.SoundSystem) Sound engine started
[22:23:29] [Render thread/INFO] (net.minecraft.client.texture.SpriteAtlasTexture) Created: 1024x512x4 minecraft:textures/atlas/blocks.png-atlas
[22:23:30] [Render thread/INFO] (net.minecraft.client.texture.SpriteAtlasTexture) Created: 256x256x4 minecraft:textures/atlas/signs.png-atlas
[22:23:30] [Render thread/INFO] (net.minecraft.client.texture.SpriteAtlasTexture) Created: 512x512x4 minecraft:textures/atlas/shield_patterns.png-atlas
[22:23:30] [Render thread/INFO] (net.minecraft.client.texture.SpriteAtlasTexture) Created: 512x512x4 minecraft:textures/atlas/banner_patterns.png-atlas
[22:23:30] [Render thread/INFO] (net.minecraft.client.texture.SpriteAtlasTexture) Created: 1024x1024x4 minecraft:textures/atlas/armor_trims.png-atlas
[22:23:31] [Render thread/INFO] (net.minecraft.client.texture.SpriteAtlasTexture) Created: 128x64x4 minecraft:textures/atlas/decorated_pot.png-atlas
[22:23:31] [Render thread/INFO] (net.minecraft.client.texture.SpriteAtlasTexture) Created: 256x256x4 minecraft:textures/atlas/chest.png-atlas
[22:23:31] [Render thread/INFO] (net.minecraft.client.texture.SpriteAtlasTexture) Created: 512x256x4 minecraft:textures/atlas/beds.png-atlas
[22:23:31] [Render thread/INFO] (net.minecraft.client.texture.SpriteAtlasTexture) Created: 512x256x4 minecraft:textures/atlas/shulker_boxes.png-atlas
[22:23:31] [Render thread/DEBUG] (FabricLoader/Mixin) Mixing EntityModelsMixin from fabric-rendering-v1.mixins.json into net.minecraft.client.render.entity.model.EntityModels
[22:23:31] [Render thread/DEBUG] (FabricLoader/Mixin) fabric-rendering-v1.mixins.json:EntityModelsMixin from mod fabric-rendering-v1: Class version 65 required is higher than the class version supported by the current version of Mixin (JAVA_17 supports class version 61)
[22:23:31] [Render thread/DEBUG] (FabricLoader/Mixin) fabric-rendering-v1.mixins.json:EntityModelsMixin from mod fabric-rendering-v1->@Inject::registerExtraModelData(Lorg/spongepowered/asm/mixin/injection/callback/CallbackInfoReturnable;Lcom/google/common/collect/ImmutableMap$Builder;)V doesn't use it's CallbackInfoReturnable
[22:23:31] [Render thread/DEBUG] (FabricLoader/Mixin) Mixing EntityModelLayersMixin from fabric-object-builder-v1.client.mixins.json into net.minecraft.client.render.entity.model.EntityModelLayers
[22:23:31] [Render thread/DEBUG] (FabricLoader/Mixin) fabric-object-builder-v1.client.mixins.json:EntityModelLayersMixin from mod fabric-object-builder-api-v1: Class version 65 required is higher than the class version supported by the current version of Mixin (JAVA_17 supports class version 61)
[22:23:31] [Render thread/DEBUG] (FabricLoader/Mixin) Mixing EntityModelLayersAccessor from fabric-rendering-v1.mixins.json into net.minecraft.client.render.entity.model.EntityModelLayers
[22:23:31] [Render thread/DEBUG] (FabricLoader/Mixin) fabric-rendering-v1.mixins.json:EntityModelLayersAccessor from mod fabric-rendering-v1: Class version 65 required is higher than the class version supported by the current version of Mixin (JAVA_17 supports class version 61)
[22:23:31] [Render thread/DEBUG] (FabricLoader/Mixin) Renaming @Accessor method getLayers()Ljava/util/Set; to getLayers$fabric-rendering-v1_$md$a8b304$0 in fabric-rendering-v1.mixins.json:EntityModelLayersAccessor from mod fabric-rendering-v1
[22:23:31] [Render thread/DEBUG] (FabricLoader/Mixin) fabric-object-builder-v1.client.mixins.json:EntityModelLayersMixin from mod fabric-object-builder-api-v1->@Inject::createSign(Lnet/minecraft/block/WoodType;Lorg/spongepowered/asm/mixin/injection/callback/CallbackInfoReturnable;)V does use it's CallbackInfoReturnable
[22:23:31] [Render thread/DEBUG] (FabricLoader/Mixin) fabric-object-builder-v1.client.mixins.json:EntityModelLayersMixin from mod fabric-object-builder-api-v1->@Inject::createHangingSign(Lnet/minecraft/block/WoodType;Lorg/spongepowered/asm/mixin/injection/callback/CallbackInfoReturnable;)V does use it's CallbackInfoReturnable
[22:23:31] [Render thread/DEBUG] (FabricLoader/Mixin) Mixing BlockEntityRendererFactoriesMixin from fabric-rendering-v1.mixins.json into net.minecraft.client.render.block.entity.BlockEntityRendererFactories
[22:23:31] [Render thread/DEBUG] (FabricLoader/Mixin) fabric-rendering-v1.mixins.json:BlockEntityRendererFactoriesMixin from mod fabric-rendering-v1: Class version 65 required is higher than the class version supported by the current version of Mixin (JAVA_17 supports class version 61)
[22:23:31] [Render thread/DEBUG] (FabricLoader/Mixin) Renaming synthetic method lambda$init$0(Lnet/minecraft/block/entity/BlockEntityType;Lnet/minecraft/client/render/block/entity/BlockEntityRendererFactory;)V to mda8b304$fabric-rendering-v1$lambda$init$0$0 in fabric-rendering-v1.mixins.json:BlockEntityRendererFactoriesMixin from mod fabric-rendering-v1
[22:23:31] [Render thread/DEBUG] (FabricLoader/Mixin) fabric-rendering-v1.mixins.json:BlockEntityRendererFactoriesMixin from mod fabric-rendering-v1->@Inject::init(Lorg/spongepowered/asm/mixin/injection/callback/CallbackInfo;)V doesn't use it's CallbackInfo
[22:23:31] [Render thread/DEBUG] (FabricLoader/Mixin) Mixing PistonHeadRenderer_movableBEMixin from carpet.mixins.json into net.minecraft.client.render.block.entity.PistonBlockEntityRenderer
[22:23:31] [Render thread/DEBUG] (FabricLoader/Mixin) carpet.mixins.json:PistonHeadRenderer_movableBEMixin from mod carpet: Class version 65 required is higher than the class version supported by the current version of Mixin (JAVA_17 supports class version 61)
[22:23:31] [Render thread/DEBUG] (FabricLoader/Mixin) carpet.mixins.json:PistonHeadRenderer_movableBEMixin from mod carpet->@Inject::onInitCM(Lnet/minecraft/client/render/block/entity/BlockEntityRendererFactory$Context;Lorg/spongepowered/asm/mixin/injection/callback/CallbackInfo;)V doesn't use it's CallbackInfo
[22:23:31] [Render thread/DEBUG] (FabricLoader/Mixin) carpet.mixins.json:PistonHeadRenderer_movableBEMixin from mod carpet->@Inject::onInitCM(Lnet/minecraft/client/render/block/entity/BlockEntityRendererFactory$Context;Lorg/spongepowered/asm/mixin/injection/callback/CallbackInfo;)V has 0 override(s) in child classes
[22:23:31] [Render thread/DEBUG] (FabricLoader/Mixin) carpet.mixins.json:PistonHeadRenderer_movableBEMixin from mod carpet->@Inject::onInitCM(Lnet/minecraft/client/render/block/entity/BlockEntityRendererFactory$Context;Lorg/spongepowered/asm/mixin/injection/callback/CallbackInfo;)V won't be passed a CallbackInfo as a result
[22:23:31] [Render thread/DEBUG] (FabricLoader/Mixin) carpet.mixins.json:PistonHeadRenderer_movableBEMixin from mod carpet->@Inject::updateRenderBool(Lnet/minecraft/block/entity/PistonBlockEntity;FLnet/minecraft/client/util/math/MatrixStack;Lnet/minecraft/client/render/VertexConsumerProvider;IILorg/spongepowered/asm/mixin/injection/callback/CallbackInfo;)V doesn't use it's CallbackInfo
[22:23:31] [Render thread/DEBUG] (FabricLoader/Mixin) carpet.mixins.json:PistonHeadRenderer_movableBEMixin from mod carpet->@Inject::updateRenderBool(Lnet/minecraft/block/entity/PistonBlockEntity;FLnet/minecraft/client/util/math/MatrixStack;Lnet/minecraft/client/render/VertexConsumerProvider;IILorg/spongepowered/asm/mixin/injection/callback/CallbackInfo;)V has 0 override(s) in child classes
[22:23:31] [Render thread/DEBUG] (FabricLoader/Mixin) carpet.mixins.json:PistonHeadRenderer_movableBEMixin from mod carpet->@Inject::updateRenderBool(Lnet/minecraft/block/entity/PistonBlockEntity;FLnet/minecraft/client/util/math/MatrixStack;Lnet/minecraft/client/render/VertexConsumerProvider;IILorg/spongepowered/asm/mixin/injection/callback/CallbackInfo;)V won't be passed a CallbackInfo as a result
[22:23:31] [Render thread/DEBUG] (FabricLoader/Mixin) carpet.mixins.json:PistonHeadRenderer_movableBEMixin from mod carpet->@Inject::endMethod3576(Lnet/minecraft/block/entity/PistonBlockEntity;FLnet/minecraft/client/util/math/MatrixStack;Lnet/minecraft/client/render/VertexConsumerProvider;IILorg/spongepowered/asm/mixin/injection/callback/CallbackInfo;)V doesn't use it's CallbackInfo
[22:23:31] [Render thread/DEBUG] (FabricLoader/Mixin) carpet.mixins.json:PistonHeadRenderer_movableBEMixin from mod carpet->@Inject::endMethod3576(Lnet/minecraft/block/entity/PistonBlockEntity;FLnet/minecraft/client/util/math/MatrixStack;Lnet/minecraft/client/render/VertexConsumerProvider;IILorg/spongepowered/asm/mixin/injection/callback/CallbackInfo;)V has 0 override(s) in child classes
[22:23:31] [Render thread/DEBUG] (FabricLoader/Mixin) carpet.mixins.json:PistonHeadRenderer_movableBEMixin from mod carpet->@Inject::endMethod3576(Lnet/minecraft/block/entity/PistonBlockEntity;FLnet/minecraft/client/util/math/MatrixStack;Lnet/minecraft/client/render/VertexConsumerProvider;IILorg/spongepowered/asm/mixin/injection/callback/CallbackInfo;)V won't be passed a CallbackInfo as a result
[22:23:31] [Render thread/DEBUG] (FabricLoader/Mixin) carpet.mixins.json:PistonHeadRenderer_movableBEMixin from mod carpet->@Inject::endMethod3576(Lnet/minecraft/block/entity/PistonBlockEntity;FLnet/minecraft/client/util/math/MatrixStack;Lnet/minecraft/client/render/VertexConsumerProvider;IILorg/spongepowered/asm/mixin/injection/callback/CallbackInfo;)V doesn't use it's CallbackInfo
[22:23:31] [Render thread/DEBUG] (FabricLoader/Mixin) carpet.mixins.json:PistonHeadRenderer_movableBEMixin from mod carpet->@Inject::endMethod3576(Lnet/minecraft/block/entity/PistonBlockEntity;FLnet/minecraft/client/util/math/MatrixStack;Lnet/minecraft/client/render/VertexConsumerProvider;IILorg/spongepowered/asm/mixin/injection/callback/CallbackInfo;)V has 0 override(s) in child classes
[22:23:31] [Render thread/DEBUG] (FabricLoader/Mixin) carpet.mixins.json:PistonHeadRenderer_movableBEMixin from mod carpet->@Inject::endMethod3576(Lnet/minecraft/block/entity/PistonBlockEntity;FLnet/minecraft/client/util/math/MatrixStack;Lnet/minecraft/client/render/VertexConsumerProvider;IILorg/spongepowered/asm/mixin/injection/callback/CallbackInfo;)V won't be passed a CallbackInfo as a result
[22:23:31] [Render thread/DEBUG] (FabricLoader/Mixin) carpet.mixins.json:PistonHeadRenderer_movableBEMixin from mod carpet->@Inject::endMethod3576(Lnet/minecraft/block/entity/PistonBlockEntity;FLnet/minecraft/client/util/math/MatrixStack;Lnet/minecraft/client/render/VertexConsumerProvider;IILorg/spongepowered/asm/mixin/injection/callback/CallbackInfo;)V doesn't use it's CallbackInfo
[22:23:31] [Render thread/DEBUG] (FabricLoader/Mixin) carpet.mixins.json:PistonHeadRenderer_movableBEMixin from mod carpet->@Inject::endMethod3576(Lnet/minecraft/block/entity/PistonBlockEntity;FLnet/minecraft/client/util/math/MatrixStack;Lnet/minecraft/client/render/VertexConsumerProvider;IILorg/spongepowered/asm/mixin/injection/callback/CallbackInfo;)V has 0 override(s) in child classes
[22:23:31] [Render thread/DEBUG] (FabricLoader/Mixin) carpet.mixins.json:PistonHeadRenderer_movableBEMixin from mod carpet->@Inject::endMethod3576(Lnet/minecraft/block/entity/PistonBlockEntity;FLnet/minecraft/client/util/math/MatrixStack;Lnet/minecraft/client/render/VertexConsumerProvider;IILorg/spongepowered/asm/mixin/injection/callback/CallbackInfo;)V won't be passed a CallbackInfo as a result
[22:23:31] [Render thread/DEBUG] (FabricLoader/Mixin) Mixing StructureBlockRenderer_mixin from carpet.mixins.json into net.minecraft.client.render.block.entity.StructureBlockBlockEntityRenderer
[22:23:31] [Render thread/DEBUG] (FabricLoader/Mixin) carpet.mixins.json:StructureBlockRenderer_mixin from mod carpet: Class version 65 required is higher than the class version supported by the current version of Mixin (JAVA_17 supports class version 61)
[22:23:31] [Render thread/DEBUG] (FabricLoader/Mixin) carpet.mixins.json:StructureBlockRenderer_mixin from mod carpet->@Inject::newLimit(Lorg/spongepowered/asm/mixin/injection/callback/CallbackInfoReturnable;)V does use it's CallbackInfoReturnable
[22:23:31] [Render thread/DEBUG] (FabricLoader/Mixin) Mixing ShulkerBoxAccessMixin from carpet.mixins.json into net.minecraft.client.render.block.entity.ShulkerBoxBlockEntityRenderer
[22:23:31] [Render thread/DEBUG] (FabricLoader/Mixin) carpet.mixins.json:ShulkerBoxAccessMixin from mod carpet: Class version 65 required is higher than the class version supported by the current version of Mixin (JAVA_17 supports class version 61)
[22:23:31] [Render thread/DEBUG] (FabricLoader/Mixin) Mixing EntityRenderersMixin from fabric-rendering-v1.mixins.json into net.minecraft.client.render.entity.EntityRenderers
[22:23:31] [Render thread/DEBUG] (FabricLoader/Mixin) fabric-rendering-v1.mixins.json:EntityRenderersMixin from mod fabric-rendering-v1: Class version 65 required is higher than the class version supported by the current version of Mixin (JAVA_17 supports class version 61)
[22:23:31] [Render thread/DEBUG] (FabricLoader/Mixin) Renaming synthetic method lambda$onRegisterRenderers$0(Lnet/minecraft/entity/EntityType;Lnet/minecraft/client/render/entity/EntityRendererFactory;)V to mda8b304$fabric-rendering-v1$lambda$onRegisterRenderers$0$0 in fabric-rendering-v1.mixins.json:EntityRenderersMixin from mod fabric-rendering-v1
[22:23:31] [Render thread/DEBUG] (FabricLoader/Mixin) fabric-rendering-v1.mixins.json:EntityRenderersMixin from mod fabric-rendering-v1->@Inject::onRegisterRenderers(Lorg/spongepowered/asm/mixin/injection/callback/CallbackInfo;)V doesn't use it's CallbackInfo
[22:23:31] [Render thread/DEBUG] (FabricLoader/Mixin) Mixing LivingEntityRendererAccessor from fabric-rendering-v1.mixins.json into net.minecraft.client.render.entity.LivingEntityRenderer
[22:23:31] [Render thread/DEBUG] (FabricLoader/Mixin) fabric-rendering-v1.mixins.json:LivingEntityRendererAccessor from mod fabric-rendering-v1: Class version 65 required is higher than the class version supported by the current version of Mixin (JAVA_17 supports class version 61)
[22:23:31] [Render thread/DEBUG] (FabricLoader/Mixin) Mixing ArmorFeatureRendererMixin from fabric-rendering-v1.mixins.json into net.minecraft.client.render.entity.feature.ArmorFeatureRenderer
[22:23:31] [Render thread/DEBUG] (FabricLoader/Mixin) fabric-rendering-v1.mixins.json:ArmorFeatureRendererMixin from mod fabric-rendering-v1: Class version 65 required is higher than the class version supported by the current version of Mixin (JAVA_17 supports class version 61)
[22:23:31] [Render thread/DEBUG] (FabricLoader/Mixin) fabric-rendering-v1.mixins.json:ArmorFeatureRendererMixin from mod fabric-rendering-v1->@Inject::renderArmor(Lnet/minecraft/client/util/math/MatrixStack;Lnet/minecraft/client/render/VertexConsumerProvider;Lnet/minecraft/entity/LivingEntity;Lnet/minecraft/entity/EquipmentSlot;ILnet/minecraft/client/render/entity/model/BipedEntityModel;Lorg/spongepowered/asm/mixin/injection/callback/CallbackInfo;)V does use it's CallbackInfo
[22:23:31] [Render thread/DEBUG] (FabricLoader/Mixin) Mixing CapeFeatureRendererMixin from fabric-rendering-v1.mixins.json into net.minecraft.client.render.entity.feature.CapeFeatureRenderer
[22:23:31] [Render thread/DEBUG] (FabricLoader/Mixin) fabric-rendering-v1.mixins.json:CapeFeatureRendererMixin from mod fabric-rendering-v1: Class version 65 required is higher than the class version supported by the current version of Mixin (JAVA_17 supports class version 61)
[22:23:31] [Render thread/DEBUG] (FabricLoader/Mixin) fabric-rendering-v1.mixins.json:CapeFeatureRendererMixin from mod fabric-rendering-v1->@Inject::injectCapeRenderCheck(Lnet/minecraft/client/util/math/MatrixStack;Lnet/minecraft/client/render/VertexConsumerProvider;ILnet/minecraft/client/network/AbstractClientPlayerEntity;FFFFFFLorg/spongepowered/asm/mixin/injection/callback/CallbackInfo;)V does use it's CallbackInfo
[22:23:31] [Render thread/INFO] (net.minecraft.client.texture.SpriteAtlasTexture) Created: 512x256x0 minecraft:textures/atlas/particles.png-atlas
[22:23:31] [Render thread/INFO] (net.minecraft.client.texture.SpriteAtlasTexture) Created: 256x256x0 minecraft:textures/atlas/paintings.png-atlas
[22:23:31] [Render thread/INFO] (net.minecraft.client.texture.SpriteAtlasTexture) Created: 256x128x0 minecraft:textures/atlas/mob_effects.png-atlas
[22:23:31] [Render thread/INFO] (net.minecraft.client.texture.SpriteAtlasTexture) Created: 64x64x0 minecraft:textures/atlas/map_decorations.png-atlas
[22:23:31] [Render thread/INFO] (net.minecraft.client.texture.SpriteAtlasTexture) Created: 1024x512x0 minecraft:textures/atlas/gui.png-atlas
[22:23:31] [Render thread/WARN] (net.minecraft.client.gl.ShaderProgram) Shader rendertype_entity_translucent_emissive could not find sampler named Sampler2 in the specified shader program.
[22:23:31] [Render thread/INFO] (Better Player Locator Bar) [BPLB] Scanned assets: 4 dots, 2 arrows, 2 icon borders, 2 name borders, 2 death markers
[22:23:58] [Render thread/DEBUG] (FabricLoader/Mixin) Mixing ModMenuIconMixin from BetterPlayerLocatorBar.mixins.json into com.terraformersmc.modmenu.gui.widget.entries.ModListEntry
[22:23:58] [Render thread/WARN] (Mod Menu | FabricMod) Warning! Mod bichalutils has a broken icon, loading default icon
[22:23:59] [Render thread/DEBUG] (FabricLoader/Mixin) Mixing TooltipComponentMixin from fabric-rendering-v1.mixins.json into net.minecraft.client.gui.tooltip.TooltipComponent
[22:23:59] [Render thread/DEBUG] (FabricLoader/Mixin) fabric-rendering-v1.mixins.json:TooltipComponentMixin from mod fabric-rendering-v1: Class version 65 required is higher than the class version supported by the current version of Mixin (JAVA_17 supports class version 61)
[22:23:59] [Render thread/DEBUG] (FabricLoader/Mixin) fabric-rendering-v1.mixins.json:TooltipComponentMixin from mod fabric-rendering-v1->@Inject::convertCustomTooltipData(Lnet/minecraft/client/item/TooltipData;Lorg/spongepowered/asm/mixin/injection/callback/CallbackInfoReturnable;)V does use it's CallbackInfoReturnable
[22:24:10] [Render thread/INFO] (net.minecraft.client.MinecraftClient) Stopping!
